2025-07-25 15:28:31,336 - database - INFO - Database initialized.
2025-07-25 15:28:33,951 - apscheduler.scheduler - INFO - Adding job tentatively -- it will be properly scheduled when the scheduler starts
2025-07-25 15:28:33,959 - apscheduler.scheduler - INFO - Adding job tentatively -- it will be properly scheduled when the scheduler starts
2025-07-25 15:28:33,959 - scheduler - INFO - Scheduler setup complete. Price alerts: every 1 min, Volume alerts: every 5 min.
2025-07-25 15:37:21,122 - database - INFO - Database initialized.
2025-07-25 15:47:17,500 - database - INFO - Database initialized.
2025-07-25 15:47:19,236 - apscheduler.scheduler - INFO - Adding job tentatively -- it will be properly scheduled when the scheduler starts
2025-07-25 15:47:19,236 - apscheduler.scheduler - INFO - Adding job tentatively -- it will be properly scheduled when the scheduler starts
2025-07-25 15:47:19,237 - scheduler - INFO - Scheduler setup complete. Price alerts: every 1 min, Volume alerts: every 5 min.
2025-07-25 15:47:19,238 - apscheduler.scheduler - INFO - Added job "check_price_alerts" to job store "default"
2025-07-25 15:47:19,239 - apscheduler.scheduler - INFO - Added job "check_volume_alerts" to job store "default"
2025-07-25 15:47:19,240 - apscheduler.scheduler - INFO - Scheduler started
2025-07-25 15:47:19,241 - __main__ - INFO - APScheduler started.
2025-07-25 15:47:19,242 - __main__ - INFO - Bot is starting...
2025-07-25 15:47:19,242 - __main__ - CRITICAL - Bot crashed: Cannot close a running event loop
2025-07-25 16:01:32,849 - database - INFO - Database initialized.
2025-07-25 16:01:34,813 - apscheduler.scheduler - INFO - Adding job tentatively -- it will be properly scheduled when the scheduler starts
2025-07-25 16:01:34,813 - apscheduler.scheduler - INFO - Adding job tentatively -- it will be properly scheduled when the scheduler starts
2025-07-25 16:01:34,814 - scheduler - INFO - Scheduler setup complete. Price alerts: every 1 min, Volume alerts: every 5 min.
2025-07-25 16:03:29,834 - database - INFO - Database initialized.
2025-07-25 16:03:31,454 - apscheduler.scheduler - INFO - Adding job tentatively -- it will be properly scheduled when the scheduler starts
2025-07-25 16:03:31,455 - apscheduler.scheduler - INFO - Adding job tentatively -- it will be properly scheduled when the scheduler starts
2025-07-25 16:03:31,456 - scheduler - INFO - Scheduler setup complete. Price alerts: every 1 min, Volume alerts: every 5 min.
2025-07-25 16:44:37,642 - database - INFO - Database initialized.
2025-07-25 16:44:42,962 - __main__ - INFO - Bot is starting...
2025-07-25 16:44:44,102 - httpx - INFO - HTTP Request: POST https://api.telegram.org/bot7509807012:AAFn0026Mstf8DXx1HICJu36WhgkOWmIDP4/getMe "HTTP/1.1 200 OK"
2025-07-25 16:44:44,106 - apscheduler.scheduler - INFO - Adding job tentatively -- it will be properly scheduled when the scheduler starts
2025-07-25 16:44:44,107 - apscheduler.scheduler - INFO - Adding job tentatively -- it will be properly scheduled when the scheduler starts
2025-07-25 16:44:44,107 - scheduler - INFO - Scheduler setup complete. Price alerts: every 1 min, Volume alerts: every 5 min.
2025-07-25 16:44:44,108 - apscheduler.scheduler - INFO - Added job "check_price_alerts" to job store "default"
2025-07-25 16:44:44,108 - apscheduler.scheduler - INFO - Added job "check_volume_alerts" to job store "default"
2025-07-25 16:44:44,108 - apscheduler.scheduler - INFO - Scheduler started
2025-07-25 16:44:44,109 - __main__ - INFO - APScheduler started (from post_init).
2025-07-25 16:44:44,253 - httpx - INFO - HTTP Request: POST https://api.telegram.org/bot7509807012:AAFn0026Mstf8DXx1HICJu36WhgkOWmIDP4/deleteWebhook "HTTP/1.1 200 OK"
2025-07-25 16:44:44,284 - apscheduler.scheduler - INFO - Scheduler started
2025-07-25 16:44:44,284 - telegram.ext.Application - INFO - Application started
2025-07-25 16:44:54,725 - httpx - INFO - HTTP Request: POST https://api.telegram.org/bot7509807012:AAFn0026Mstf8DXx1HICJu36WhgkOWmIDP4/getUpdates "HTTP/1.1 200 OK"
2025-07-25 16:45:04,891 - httpx - INFO - HTTP Request: POST https://api.telegram.org/bot7509807012:AAFn0026Mstf8DXx1HICJu36WhgkOWmIDP4/getUpdates "HTTP/1.1 200 OK"
2025-07-25 16:45:15,038 - httpx - INFO - HTTP Request: POST https://api.telegram.org/bot7509807012:AAFn0026Mstf8DXx1HICJu36WhgkOWmIDP4/getUpdates "HTTP/1.1 200 OK"
2025-07-25 16:45:17,509 - httpx - INFO - HTTP Request: POST https://api.telegram.org/bot7509807012:AAFn0026Mstf8DXx1HICJu36WhgkOWmIDP4/getUpdates "HTTP/1.1 200 OK"
2025-07-25 16:45:18,059 - httpx - INFO - HTTP Request: POST https://api.telegram.org/bot7509807012:AAFn0026Mstf8DXx1HICJu36WhgkOWmIDP4/sendMessage "HTTP/1.1 200 OK"
2025-07-25 16:45:27,733 - httpx - INFO - HTTP Request: POST https://api.telegram.org/bot7509807012:AAFn0026Mstf8DXx1HICJu36WhgkOWmIDP4/getUpdates "HTTP/1.1 200 OK"
2025-07-25 16:45:28,831 - httpx - INFO - HTTP Request: POST https://api.telegram.org/bot7509807012:AAFn0026Mstf8DXx1HICJu36WhgkOWmIDP4/getUpdates "HTTP/1.1 200 OK"
2025-07-25 16:45:29,431 - httpx - INFO - HTTP Request: POST https://api.telegram.org/bot7509807012:AAFn0026Mstf8DXx1HICJu36WhgkOWmIDP4/answerCallbackQuery "HTTP/1.1 200 OK"
2025-07-25 16:45:29,474 - bot_handlers - ERROR - Error in button_callback_handler for learn_tip: 'CallbackQuery' object has no attribute 'effective_user'
2025-07-25 16:45:29,846 - httpx - INFO - HTTP Request: POST https://api.telegram.org/bot7509807012:AAFn0026Mstf8DXx1HICJu36WhgkOWmIDP4/editMessageText "HTTP/1.1 200 OK"
2025-07-25 16:45:39,005 - httpx - INFO - HTTP Request: POST https://api.telegram.org/bot7509807012:AAFn0026Mstf8DXx1HICJu36WhgkOWmIDP4/getUpdates "HTTP/1.1 200 OK"
2025-07-25 16:45:44,121 - apscheduler.executors.default - INFO - Running job "check_price_alerts (trigger: interval[0:01:00], next run at: 2025-07-25 15:46:44 UTC)" (scheduled at 2025-07-25 15:45:44.106739+00:00)
2025-07-25 16:45:44,126 - apscheduler.executors.default - INFO - Job "check_price_alerts (trigger: interval[0:01:00], next run at: 2025-07-25 15:46:44 UTC)" executed successfully
2025-07-25 16:45:49,159 - httpx - INFO - HTTP Request: POST https://api.telegram.org/bot7509807012:AAFn0026Mstf8DXx1HICJu36WhgkOWmIDP4/getUpdates "HTTP/1.1 200 OK"
2025-07-25 16:45:52,148 - httpx - INFO - HTTP Request: POST https://api.telegram.org/bot7509807012:AAFn0026Mstf8DXx1HICJu36WhgkOWmIDP4/getUpdates "HTTP/1.1 200 OK"
2025-07-25 16:45:52,756 - httpx - INFO - HTTP Request: POST https://api.telegram.org/bot7509807012:AAFn0026Mstf8DXx1HICJu36WhgkOWmIDP4/sendMessage "HTTP/1.1 200 OK"
2025-07-25 16:45:54,413 - httpx - INFO - HTTP Request: POST https://api.telegram.org/bot7509807012:AAFn0026Mstf8DXx1HICJu36WhgkOWmIDP4/getUpdates "HTTP/1.1 200 OK"
2025-07-25 16:45:54,608 - httpx - INFO - HTTP Request: POST https://api.telegram.org/bot7509807012:AAFn0026Mstf8DXx1HICJu36WhgkOWmIDP4/answerCallbackQuery "HTTP/1.1 200 OK"
2025-07-25 16:45:54,610 - bot_handlers - ERROR - Error in button_callback_handler for settings_menu: 'CallbackQuery' object has no attribute 'effective_user'
2025-07-25 16:45:54,807 - httpx - INFO - HTTP Request: POST https://api.telegram.org/bot7509807012:AAFn0026Mstf8DXx1HICJu36WhgkOWmIDP4/editMessageText "HTTP/1.1 200 OK"
2025-07-25 16:46:02,089 - httpx - INFO - HTTP Request: POST https://api.telegram.org/bot7509807012:AAFn0026Mstf8DXx1HICJu36WhgkOWmIDP4/getUpdates "HTTP/1.1 200 OK"
2025-07-25 16:46:02,907 - httpx - INFO - HTTP Request: POST https://api.telegram.org/bot7509807012:AAFn0026Mstf8DXx1HICJu36WhgkOWmIDP4/sendMessage "HTTP/1.1 200 OK"
2025-07-25 16:46:04,719 - httpx - INFO - HTTP Request: POST https://api.telegram.org/bot7509807012:AAFn0026Mstf8DXx1HICJu36WhgkOWmIDP4/getUpdates "HTTP/1.1 200 OK"
2025-07-25 16:46:04,986 - httpx - INFO - HTTP Request: POST https://api.telegram.org/bot7509807012:AAFn0026Mstf8DXx1HICJu36WhgkOWmIDP4/answerCallbackQuery "HTTP/1.1 200 OK"
2025-07-25 16:46:05,259 - httpx - INFO - HTTP Request: POST https://api.telegram.org/bot7509807012:AAFn0026Mstf8DXx1HICJu36WhgkOWmIDP4/editMessageText "HTTP/1.1 200 OK"
2025-07-25 16:46:14,929 - httpx - INFO - HTTP Request: POST https://api.telegram.org/bot7509807012:AAFn0026Mstf8DXx1HICJu36WhgkOWmIDP4/getUpdates "HTTP/1.1 200 OK"
2025-07-25 16:46:23,164 - httpx - INFO - HTTP Request: POST https://api.telegram.org/bot7509807012:AAFn0026Mstf8DXx1HICJu36WhgkOWmIDP4/getUpdates "HTTP/1.1 200 OK"
2025-07-25 16:46:23,760 - httpx - INFO - HTTP Request: POST https://api.telegram.org/bot7509807012:AAFn0026Mstf8DXx1HICJu36WhgkOWmIDP4/sendMessage "HTTP/1.1 200 OK"
2025-07-25 16:46:31,956 - httpx - INFO - HTTP Request: POST https://api.telegram.org/bot7509807012:AAFn0026Mstf8DXx1HICJu36WhgkOWmIDP4/getUpdates "HTTP/1.1 200 OK"
2025-07-25 16:46:42,123 - httpx - INFO - HTTP Request: POST https://api.telegram.org/bot7509807012:AAFn0026Mstf8DXx1HICJu36WhgkOWmIDP4/getUpdates "HTTP/1.1 200 OK"
2025-07-25 16:46:44,111 - apscheduler.executors.default - INFO - Running job "check_price_alerts (trigger: interval[0:01:00], next run at: 2025-07-25 15:47:44 UTC)" (scheduled at 2025-07-25 15:46:44.106739+00:00)
2025-07-25 16:46:44,117 - apscheduler.executors.default - INFO - Job "check_price_alerts (trigger: interval[0:01:00], next run at: 2025-07-25 15:47:44 UTC)" executed successfully
2025-07-25 16:46:52,326 - httpx - INFO - HTTP Request: POST https://api.telegram.org/bot7509807012:AAFn0026Mstf8DXx1HICJu36WhgkOWmIDP4/getUpdates "HTTP/1.1 200 OK"
2025-07-25 16:47:00,404 - httpx - INFO - HTTP Request: POST https://api.telegram.org/bot7509807012:AAFn0026Mstf8DXx1HICJu36WhgkOWmIDP4/getUpdates "HTTP/1.1 200 OK"
2025-07-25 16:47:10,574 - httpx - INFO - HTTP Request: POST https://api.telegram.org/bot7509807012:AAFn0026Mstf8DXx1HICJu36WhgkOWmIDP4/getUpdates "HTTP/1.1 200 OK"
2025-07-25 16:47:14,477 - httpx - INFO - HTTP Request: POST https://api.telegram.org/bot7509807012:AAFn0026Mstf8DXx1HICJu36WhgkOWmIDP4/getUpdates "HTTP/1.1 200 OK"
2025-07-25 16:47:15,155 - httpx - INFO - HTTP Request: POST https://api.telegram.org/bot7509807012:AAFn0026Mstf8DXx1HICJu36WhgkOWmIDP4/sendMessage "HTTP/1.1 200 OK"
2025-07-25 16:47:16,176 - httpx - INFO - HTTP Request: POST https://api.telegram.org/bot7509807012:AAFn0026Mstf8DXx1HICJu36WhgkOWmIDP4/editMessageText "HTTP/1.1 200 OK"
2025-07-25 16:47:23,520 - httpx - INFO - HTTP Request: POST https://api.telegram.org/bot7509807012:AAFn0026Mstf8DXx1HICJu36WhgkOWmIDP4/getUpdates "HTTP/1.1 200 OK"
2025-07-25 16:47:23,951 - httpx - INFO - HTTP Request: POST https://api.telegram.org/bot7509807012:AAFn0026Mstf8DXx1HICJu36WhgkOWmIDP4/answerCallbackQuery "HTTP/1.1 200 OK"
2025-07-25 16:47:23,968 - bot_handlers - ERROR - Error in button_callback_handler for chart_BTC: 'CallbackQuery' object has no attribute 'effective_user'
2025-07-25 16:47:24,140 - httpx - INFO - HTTP Request: POST https://api.telegram.org/bot7509807012:AAFn0026Mstf8DXx1HICJu36WhgkOWmIDP4/editMessageText "HTTP/1.1 200 OK"
2025-07-25 16:47:33,659 - httpx - INFO - HTTP Request: POST https://api.telegram.org/bot7509807012:AAFn0026Mstf8DXx1HICJu36WhgkOWmIDP4/getUpdates "HTTP/1.1 200 OK"
2025-07-25 16:47:43,845 - httpx - INFO - HTTP Request: POST https://api.telegram.org/bot7509807012:AAFn0026Mstf8DXx1HICJu36WhgkOWmIDP4/getUpdates "HTTP/1.1 200 OK"
2025-07-25 16:47:44,120 - apscheduler.executors.default - INFO - Running job "check_price_alerts (trigger: interval[0:01:00], next run at: 2025-07-25 15:48:44 UTC)" (scheduled at 2025-07-25 15:47:44.106739+00:00)
2025-07-25 16:47:44,129 - apscheduler.executors.default - INFO - Job "check_price_alerts (trigger: interval[0:01:00], next run at: 2025-07-25 15:48:44 UTC)" executed successfully
2025-07-25 16:47:46,261 - httpx - INFO - HTTP Request: POST https://api.telegram.org/bot7509807012:AAFn0026Mstf8DXx1HICJu36WhgkOWmIDP4/getUpdates "HTTP/1.1 200 OK"
2025-07-25 16:47:46,817 - httpx - INFO - HTTP Request: POST https://api.telegram.org/bot7509807012:AAFn0026Mstf8DXx1HICJu36WhgkOWmIDP4/sendMessage "HTTP/1.1 200 OK"
2025-07-25 16:47:56,438 - httpx - INFO - HTTP Request: POST https://api.telegram.org/bot7509807012:AAFn0026Mstf8DXx1HICJu36WhgkOWmIDP4/getUpdates "HTTP/1.1 200 OK"
2025-07-25 16:47:58,571 - httpx - INFO - HTTP Request: POST https://api.telegram.org/bot7509807012:AAFn0026Mstf8DXx1HICJu36WhgkOWmIDP4/getUpdates "HTTP/1.1 200 OK"
2025-07-25 16:47:59,118 - httpx - INFO - HTTP Request: POST https://api.telegram.org/bot7509807012:AAFn0026Mstf8DXx1HICJu36WhgkOWmIDP4/sendMessage "HTTP/1.1 200 OK"
2025-07-25 16:48:08,779 - httpx - INFO - HTTP Request: POST https://api.telegram.org/bot7509807012:AAFn0026Mstf8DXx1HICJu36WhgkOWmIDP4/getUpdates "HTTP/1.1 200 OK"
2025-07-25 16:48:10,362 - httpx - INFO - HTTP Request: POST https://api.telegram.org/bot7509807012:AAFn0026Mstf8DXx1HICJu36WhgkOWmIDP4/getUpdates "HTTP/1.1 200 OK"
2025-07-25 16:48:10,932 - httpx - INFO - HTTP Request: POST https://api.telegram.org/bot7509807012:AAFn0026Mstf8DXx1HICJu36WhgkOWmIDP4/sendMessage "HTTP/1.1 200 OK"
2025-07-25 16:48:20,568 - httpx - INFO - HTTP Request: POST https://api.telegram.org/bot7509807012:AAFn0026Mstf8DXx1HICJu36WhgkOWmIDP4/getUpdates "HTTP/1.1 200 OK"
2025-07-25 16:48:23,498 - httpx - INFO - HTTP Request: POST https://api.telegram.org/bot7509807012:AAFn0026Mstf8DXx1HICJu36WhgkOWmIDP4/getUpdates "HTTP/1.1 200 OK"
2025-07-25 16:48:24,713 - httpx - INFO - HTTP Request: POST https://api.telegram.org/bot7509807012:AAFn0026Mstf8DXx1HICJu36WhgkOWmIDP4/sendMessage "HTTP/1.1 200 OK"
2025-07-25 16:48:25,474 - httpx - INFO - HTTP Request: POST https://api.telegram.org/bot7509807012:AAFn0026Mstf8DXx1HICJu36WhgkOWmIDP4/editMessageText "HTTP/1.1 200 OK"
2025-07-25 16:48:34,342 - httpx - INFO - HTTP Request: POST https://api.telegram.org/bot7509807012:AAFn0026Mstf8DXx1HICJu36WhgkOWmIDP4/getUpdates "HTTP/1.1 200 OK"
2025-07-25 16:48:34,492 - httpx - INFO - HTTP Request: POST https://api.telegram.org/bot7509807012:AAFn0026Mstf8DXx1HICJu36WhgkOWmIDP4/getUpdates "HTTP/1.1 200 OK"
2025-07-25 16:48:34,973 - httpx - INFO - HTTP Request: POST https://api.telegram.org/bot7509807012:AAFn0026Mstf8DXx1HICJu36WhgkOWmIDP4/answerCallbackQuery "HTTP/1.1 200 OK"
2025-07-25 16:48:34,996 - bot_handlers - ERROR - Error in button_callback_handler for chart_BTC_30: 'CallbackQuery' object has no attribute 'effective_user'
2025-07-25 16:48:35,167 - httpx - INFO - HTTP Request: POST https://api.telegram.org/bot7509807012:AAFn0026Mstf8DXx1HICJu36WhgkOWmIDP4/editMessageText "HTTP/1.1 200 OK"
2025-07-25 16:48:44,122 - apscheduler.executors.default - INFO - Running job "check_price_alerts (trigger: interval[0:01:00], next run at: 2025-07-25 15:49:44 UTC)" (scheduled at 2025-07-25 15:48:44.106739+00:00)
2025-07-25 16:48:44,134 - apscheduler.executors.default - INFO - Job "check_price_alerts (trigger: interval[0:01:00], next run at: 2025-07-25 15:49:44 UTC)" executed successfully
2025-07-25 16:48:44,647 - httpx - INFO - HTTP Request: POST https://api.telegram.org/bot7509807012:AAFn0026Mstf8DXx1HICJu36WhgkOWmIDP4/getUpdates "HTTP/1.1 200 OK"
2025-07-25 16:48:54,052 - httpx - INFO - HTTP Request: POST https://api.telegram.org/bot7509807012:AAFn0026Mstf8DXx1HICJu36WhgkOWmIDP4/getUpdates "HTTP/1.1 200 OK"
2025-07-25 16:48:54,688 - httpx - INFO - HTTP Request: POST https://api.telegram.org/bot7509807012:AAFn0026Mstf8DXx1HICJu36WhgkOWmIDP4/sendMessage "HTTP/1.1 200 OK"
2025-07-25 16:48:56,305 - api_clients - WARNING - NewsAPI request error, attempt 1: 401, message='Unauthorized', url='https://newsapi.org/v2/everything?q=crypto&apiKey=https://newsapi.org/v2/top-headlines?country%3Dus%26apiKey%3D9c66cd6a4add449abc081e74dd26e163&pageSize=5&sortBy=publishedAt&language=en&domains=coindesk.com,cointelegraph.com,decrypt.co,bitcoinmagazine.com,theblock.co'
2025-07-25 16:48:57,713 - api_clients - WARNING - NewsAPI request error, attempt 2: 401, message='Unauthorized', url='https://newsapi.org/v2/everything?q=crypto&apiKey=https://newsapi.org/v2/top-headlines?country%3Dus%26apiKey%3D9c66cd6a4add449abc081e74dd26e163&pageSize=5&sortBy=publishedAt&language=en&domains=coindesk.com,cointelegraph.com,decrypt.co,bitcoinmagazine.com,theblock.co'
2025-07-25 16:49:00,119 - api_clients - WARNING - NewsAPI request error, attempt 3: 401, message='Unauthorized', url='https://newsapi.org/v2/everything?q=crypto&apiKey=https://newsapi.org/v2/top-headlines?country%3Dus%26apiKey%3D9c66cd6a4add449abc081e74dd26e163&pageSize=5&sortBy=publishedAt&language=en&domains=coindesk.com,cointelegraph.com,decrypt.co,bitcoinmagazine.com,theblock.co'
2025-07-25 16:49:00,121 - api_clients - ERROR - Failed to fetch news: 401, message='Unauthorized', url='https://newsapi.org/v2/everything?q=crypto&apiKey=https://newsapi.org/v2/top-headlines?country%3Dus%26apiKey%3D9c66cd6a4add449abc081e74dd26e163&pageSize=5&sortBy=publishedAt&language=en&domains=coindesk.com,cointelegraph.com,decrypt.co,bitcoinmagazine.com,theblock.co'
2025-07-25 16:49:00,616 - httpx - INFO - HTTP Request: POST https://api.telegram.org/bot7509807012:AAFn0026Mstf8DXx1HICJu36WhgkOWmIDP4/editMessageText "HTTP/1.1 200 OK"
2025-07-25 16:49:04,231 - httpx - INFO - HTTP Request: POST https://api.telegram.org/bot7509807012:AAFn0026Mstf8DXx1HICJu36WhgkOWmIDP4/getUpdates "HTTP/1.1 200 OK"
2025-07-25 16:49:08,983 - httpx - INFO - HTTP Request: POST https://api.telegram.org/bot7509807012:AAFn0026Mstf8DXx1HICJu36WhgkOWmIDP4/getUpdates "HTTP/1.1 200 OK"
2025-07-25 16:49:09,467 - httpx - INFO - HTTP Request: POST https://api.telegram.org/bot7509807012:AAFn0026Mstf8DXx1HICJu36WhgkOWmIDP4/sendMessage "HTTP/1.1 200 OK"
2025-07-25 16:49:10,895 - api_clients - WARNING - NewsAPI request error, attempt 1: 401, message='Unauthorized', url='https://newsapi.org/v2/everything?q=cryptocurrency&apiKey=https://newsapi.org/v2/top-headlines?country%3Dus%26apiKey%3D9c66cd6a4add449abc081e74dd26e163&pageSize=5&sortBy=publishedAt&language=en&domains=coindesk.com,cointelegraph.com,decrypt.co,bitcoinmagazine.com,theblock.co'
2025-07-25 16:49:12,274 - api_clients - WARNING - NewsAPI request error, attempt 2: 401, message='Unauthorized', url='https://newsapi.org/v2/everything?q=cryptocurrency&apiKey=https://newsapi.org/v2/top-headlines?country%3Dus%26apiKey%3D9c66cd6a4add449abc081e74dd26e163&pageSize=5&sortBy=publishedAt&language=en&domains=coindesk.com,cointelegraph.com,decrypt.co,bitcoinmagazine.com,theblock.co'
2025-07-25 16:49:14,647 - api_clients - WARNING - NewsAPI request error, attempt 3: 401, message='Unauthorized', url='https://newsapi.org/v2/everything?q=cryptocurrency&apiKey=https://newsapi.org/v2/top-headlines?country%3Dus%26apiKey%3D9c66cd6a4add449abc081e74dd26e163&pageSize=5&sortBy=publishedAt&language=en&domains=coindesk.com,cointelegraph.com,decrypt.co,bitcoinmagazine.com,theblock.co'
2025-07-25 16:49:14,648 - api_clients - ERROR - Failed to fetch news: 401, message='Unauthorized', url='https://newsapi.org/v2/everything?q=cryptocurrency&apiKey=https://newsapi.org/v2/top-headlines?country%3Dus%26apiKey%3D9c66cd6a4add449abc081e74dd26e163&pageSize=5&sortBy=publishedAt&language=en&domains=coindesk.com,cointelegraph.com,decrypt.co,bitcoinmagazine.com,theblock.co'
2025-07-25 16:49:15,255 - httpx - INFO - HTTP Request: POST https://api.telegram.org/bot7509807012:AAFn0026Mstf8DXx1HICJu36WhgkOWmIDP4/editMessageText "HTTP/1.1 200 OK"
2025-07-25 16:49:19,139 - httpx - INFO - HTTP Request: POST https://api.telegram.org/bot7509807012:AAFn0026Mstf8DXx1HICJu36WhgkOWmIDP4/getUpdates "HTTP/1.1 200 OK"
2025-07-25 16:49:29,296 - httpx - INFO - HTTP Request: POST https://api.telegram.org/bot7509807012:AAFn0026Mstf8DXx1HICJu36WhgkOWmIDP4/getUpdates "HTTP/1.1 200 OK"
2025-07-25 16:49:34,443 - httpx - INFO - HTTP Request: POST https://api.telegram.org/bot7509807012:AAFn0026Mstf8DXx1HICJu36WhgkOWmIDP4/getUpdates "HTTP/1.1 200 OK"
2025-07-25 16:49:34,932 - httpx - INFO - HTTP Request: POST https://api.telegram.org/bot7509807012:AAFn0026Mstf8DXx1HICJu36WhgkOWmIDP4/sendMessage "HTTP/1.1 200 OK"
2025-07-25 16:49:35,776 - api_clients - WARNING - NewsAPI request error, attempt 1: 401, message='Unauthorized', url='https://newsapi.org/v2/everything?q=bitcoin&apiKey=https://newsapi.org/v2/top-headlines?country%3Dus%26apiKey%3D9c66cd6a4add449abc081e74dd26e163&pageSize=5&sortBy=publishedAt&language=en&domains=coindesk.com,cointelegraph.com,decrypt.co,bitcoinmagazine.com,theblock.co'
2025-07-25 16:49:37,007 - api_clients - WARNING - NewsAPI request error, attempt 2: 401, message='Unauthorized', url='https://newsapi.org/v2/everything?q=bitcoin&apiKey=https://newsapi.org/v2/top-headlines?country%3Dus%26apiKey%3D9c66cd6a4add449abc081e74dd26e163&pageSize=5&sortBy=publishedAt&language=en&domains=coindesk.com,cointelegraph.com,decrypt.co,bitcoinmagazine.com,theblock.co'
2025-07-25 16:49:39,244 - api_clients - WARNING - NewsAPI request error, attempt 3: 401, message='Unauthorized', url='https://newsapi.org/v2/everything?q=bitcoin&apiKey=https://newsapi.org/v2/top-headlines?country%3Dus%26apiKey%3D9c66cd6a4add449abc081e74dd26e163&pageSize=5&sortBy=publishedAt&language=en&domains=coindesk.com,cointelegraph.com,decrypt.co,bitcoinmagazine.com,theblock.co'
2025-07-25 16:49:39,264 - api_clients - ERROR - Failed to fetch news: 401, message='Unauthorized', url='https://newsapi.org/v2/everything?q=bitcoin&apiKey=https://newsapi.org/v2/top-headlines?country%3Dus%26apiKey%3D9c66cd6a4add449abc081e74dd26e163&pageSize=5&sortBy=publishedAt&language=en&domains=coindesk.com,cointelegraph.com,decrypt.co,bitcoinmagazine.com,theblock.co'
2025-07-25 16:49:39,448 - httpx - INFO - HTTP Request: POST https://api.telegram.org/bot7509807012:AAFn0026Mstf8DXx1HICJu36WhgkOWmIDP4/editMessageText "HTTP/1.1 200 OK"
2025-07-25 16:49:44,113 - apscheduler.executors.default - INFO - Running job "check_price_alerts (trigger: interval[0:01:00], next run at: 2025-07-25 15:50:44 UTC)" (scheduled at 2025-07-25 15:49:44.106739+00:00)
2025-07-25 16:49:44,115 - apscheduler.executors.default - INFO - Job "check_price_alerts (trigger: interval[0:01:00], next run at: 2025-07-25 15:50:44 UTC)" executed successfully
2025-07-25 16:49:44,116 - apscheduler.executors.default - INFO - Running job "check_volume_alerts (trigger: interval[0:05:00], next run at: 2025-07-25 15:54:44 UTC)" (scheduled at 2025-07-25 15:49:44.106739+00:00)
2025-07-25 16:49:44,119 - apscheduler.executors.default - INFO - Job "check_volume_alerts (trigger: interval[0:05:00], next run at: 2025-07-25 15:54:44 UTC)" executed successfully
2025-07-25 16:49:44,604 - httpx - INFO - HTTP Request: POST https://api.telegram.org/bot7509807012:AAFn0026Mstf8DXx1HICJu36WhgkOWmIDP4/getUpdates "HTTP/1.1 200 OK"
2025-07-25 16:49:54,742 - httpx - INFO - HTTP Request: POST https://api.telegram.org/bot7509807012:AAFn0026Mstf8DXx1HICJu36WhgkOWmIDP4/getUpdates "HTTP/1.1 200 OK"
2025-07-25 16:49:58,813 - httpx - INFO - HTTP Request: POST https://api.telegram.org/bot7509807012:AAFn0026Mstf8DXx1HICJu36WhgkOWmIDP4/getUpdates "HTTP/1.1 200 OK"
2025-07-25 16:49:59,400 - httpx - INFO - HTTP Request: POST https://api.telegram.org/bot7509807012:AAFn0026Mstf8DXx1HICJu36WhgkOWmIDP4/sendMessage "HTTP/1.1 200 OK"
2025-07-25 16:50:08,976 - httpx - INFO - HTTP Request: POST https://api.telegram.org/bot7509807012:AAFn0026Mstf8DXx1HICJu36WhgkOWmIDP4/getUpdates "HTTP/1.1 200 OK"
2025-07-25 16:50:14,247 - httpx - INFO - HTTP Request: POST https://api.telegram.org/bot7509807012:AAFn0026Mstf8DXx1HICJu36WhgkOWmIDP4/getUpdates "HTTP/1.1 200 OK"
2025-07-25 16:50:14,923 - httpx - INFO - HTTP Request: POST https://api.telegram.org/bot7509807012:AAFn0026Mstf8DXx1HICJu36WhgkOWmIDP4/answerCallbackQuery "HTTP/1.1 200 OK"
2025-07-25 16:50:14,943 - bot_handlers - ERROR - Error in button_callback_handler for learn_tip: 'CallbackQuery' object has no attribute 'effective_user'
2025-07-25 16:50:15,186 - httpx - INFO - HTTP Request: POST https://api.telegram.org/bot7509807012:AAFn0026Mstf8DXx1HICJu36WhgkOWmIDP4/editMessageText "HTTP/1.1 200 OK"
2025-07-25 16:50:24,410 - httpx - INFO - HTTP Request: POST https://api.telegram.org/bot7509807012:AAFn0026Mstf8DXx1HICJu36WhgkOWmIDP4/getUpdates "HTTP/1.1 200 OK"
2025-07-25 16:50:34,571 - httpx - INFO - HTTP Request: POST https://api.telegram.org/bot7509807012:AAFn0026Mstf8DXx1HICJu36WhgkOWmIDP4/getUpdates "HTTP/1.1 200 OK"
2025-07-25 16:50:44,125 - apscheduler.executors.default - INFO - Running job "check_price_alerts (trigger: interval[0:01:00], next run at: 2025-07-25 15:51:44 UTC)" (scheduled at 2025-07-25 15:50:44.106739+00:00)
2025-07-25 16:50:44,177 - apscheduler.executors.default - INFO - Job "check_price_alerts (trigger: interval[0:01:00], next run at: 2025-07-25 15:51:44 UTC)" executed successfully
2025-07-25 16:50:44,734 - httpx - INFO - HTTP Request: POST https://api.telegram.org/bot7509807012:AAFn0026Mstf8DXx1HICJu36WhgkOWmIDP4/getUpdates "HTTP/1.1 200 OK"
2025-07-25 16:50:54,898 - httpx - INFO - HTTP Request: POST https://api.telegram.org/bot7509807012:AAFn0026Mstf8DXx1HICJu36WhgkOWmIDP4/getUpdates "HTTP/1.1 200 OK"
2025-07-25 16:51:05,074 - httpx - INFO - HTTP Request: POST https://api.telegram.org/bot7509807012:AAFn0026Mstf8DXx1HICJu36WhgkOWmIDP4/getUpdates "HTTP/1.1 200 OK"
2025-07-25 16:51:13,189 - httpx - INFO - HTTP Request: POST https://api.telegram.org/bot7509807012:AAFn0026Mstf8DXx1HICJu36WhgkOWmIDP4/getUpdates "HTTP/1.1 200 OK"
2025-07-25 16:51:13,741 - httpx - INFO - HTTP Request: POST https://api.telegram.org/bot7509807012:AAFn0026Mstf8DXx1HICJu36WhgkOWmIDP4/sendMessage "HTTP/1.1 200 OK"
2025-07-25 16:51:21,189 - httpx - INFO - HTTP Request: POST https://api.telegram.org/bot7509807012:AAFn0026Mstf8DXx1HICJu36WhgkOWmIDP4/getUpdates "HTTP/1.1 200 OK"
2025-07-25 16:51:21,661 - httpx - INFO - HTTP Request: POST https://api.telegram.org/bot7509807012:AAFn0026Mstf8DXx1HICJu36WhgkOWmIDP4/answerCallbackQuery "HTTP/1.1 200 OK"
2025-07-25 16:51:21,663 - bot_handlers - ERROR - Error in button_callback_handler for exp_beginner: 'CallbackQuery' object has no attribute 'callback_query'
2025-07-25 16:51:21,837 - httpx - INFO - HTTP Request: POST https://api.telegram.org/bot7509807012:AAFn0026Mstf8DXx1HICJu36WhgkOWmIDP4/editMessageText "HTTP/1.1 200 OK"
2025-07-25 16:51:31,379 - httpx - INFO - HTTP Request: POST https://api.telegram.org/bot7509807012:AAFn0026Mstf8DXx1HICJu36WhgkOWmIDP4/getUpdates "HTTP/1.1 200 OK"
2025-07-25 16:51:41,545 - httpx - INFO - HTTP Request: POST https://api.telegram.org/bot7509807012:AAFn0026Mstf8DXx1HICJu36WhgkOWmIDP4/getUpdates "HTTP/1.1 200 OK"
2025-07-25 16:51:44,110 - apscheduler.executors.default - INFO - Running job "check_price_alerts (trigger: interval[0:01:00], next run at: 2025-07-25 15:52:44 UTC)" (scheduled at 2025-07-25 15:51:44.106739+00:00)
2025-07-25 16:51:44,118 - apscheduler.executors.default - INFO - Job "check_price_alerts (trigger: interval[0:01:00], next run at: 2025-07-25 15:52:44 UTC)" executed successfully
2025-07-25 16:51:51,721 - httpx - INFO - HTTP Request: POST https://api.telegram.org/bot7509807012:AAFn0026Mstf8DXx1HICJu36WhgkOWmIDP4/getUpdates "HTTP/1.1 200 OK"
2025-07-25 16:52:01,887 - httpx - INFO - HTTP Request: POST https://api.telegram.org/bot7509807012:AAFn0026Mstf8DXx1HICJu36WhgkOWmIDP4/getUpdates "HTTP/1.1 200 OK"
2025-07-25 16:52:12,045 - httpx - INFO - HTTP Request: POST https://api.telegram.org/bot7509807012:AAFn0026Mstf8DXx1HICJu36WhgkOWmIDP4/getUpdates "HTTP/1.1 200 OK"
2025-07-25 16:52:22,189 - httpx - INFO - HTTP Request: POST https://api.telegram.org/bot7509807012:AAFn0026Mstf8DXx1HICJu36WhgkOWmIDP4/getUpdates "HTTP/1.1 200 OK"
2025-07-25 16:52:32,366 - httpx - INFO - HTTP Request: POST https://api.telegram.org/bot7509807012:AAFn0026Mstf8DXx1HICJu36WhgkOWmIDP4/getUpdates "HTTP/1.1 200 OK"
2025-07-25 16:52:42,539 - httpx - INFO - HTTP Request: POST https://api.telegram.org/bot7509807012:AAFn0026Mstf8DXx1HICJu36WhgkOWmIDP4/getUpdates "HTTP/1.1 200 OK"
2025-07-25 16:52:44,129 - apscheduler.executors.default - INFO - Running job "check_price_alerts (trigger: interval[0:01:00], next run at: 2025-07-25 15:53:44 UTC)" (scheduled at 2025-07-25 15:52:44.106739+00:00)
2025-07-25 16:52:44,131 - apscheduler.executors.default - INFO - Job "check_price_alerts (trigger: interval[0:01:00], next run at: 2025-07-25 15:53:44 UTC)" executed successfully
2025-07-25 16:52:52,723 - httpx - INFO - HTTP Request: POST https://api.telegram.org/bot7509807012:AAFn0026Mstf8DXx1HICJu36WhgkOWmIDP4/getUpdates "HTTP/1.1 200 OK"
2025-07-25 16:53:02,891 - httpx - INFO - HTTP Request: POST https://api.telegram.org/bot7509807012:AAFn0026Mstf8DXx1HICJu36WhgkOWmIDP4/getUpdates "HTTP/1.1 200 OK"
2025-07-25 16:53:13,055 - httpx - INFO - HTTP Request: POST https://api.telegram.org/bot7509807012:AAFn0026Mstf8DXx1HICJu36WhgkOWmIDP4/getUpdates "HTTP/1.1 200 OK"
2025-07-25 16:53:23,219 - httpx - INFO - HTTP Request: POST https://api.telegram.org/bot7509807012:AAFn0026Mstf8DXx1HICJu36WhgkOWmIDP4/getUpdates "HTTP/1.1 200 OK"
2025-07-25 16:53:33,399 - httpx - INFO - HTTP Request: POST https://api.telegram.org/bot7509807012:AAFn0026Mstf8DXx1HICJu36WhgkOWmIDP4/getUpdates "HTTP/1.1 200 OK"
2025-07-25 16:53:43,645 - httpx - INFO - HTTP Request: POST https://api.telegram.org/bot7509807012:AAFn0026Mstf8DXx1HICJu36WhgkOWmIDP4/getUpdates "HTTP/1.1 200 OK"
2025-07-25 16:53:44,126 - apscheduler.executors.default - INFO - Running job "check_price_alerts (trigger: interval[0:01:00], next run at: 2025-07-25 15:54:44 UTC)" (scheduled at 2025-07-25 15:53:44.106739+00:00)
2025-07-25 16:53:44,129 - apscheduler.executors.default - INFO - Job "check_price_alerts (trigger: interval[0:01:00], next run at: 2025-07-25 15:54:44 UTC)" executed successfully
2025-07-25 16:53:53,803 - httpx - INFO - HTTP Request: POST https://api.telegram.org/bot7509807012:AAFn0026Mstf8DXx1HICJu36WhgkOWmIDP4/getUpdates "HTTP/1.1 200 OK"
2025-07-25 16:54:03,966 - httpx - INFO - HTTP Request: POST https://api.telegram.org/bot7509807012:AAFn0026Mstf8DXx1HICJu36WhgkOWmIDP4/getUpdates "HTTP/1.1 200 OK"
2025-07-25 16:54:14,143 - httpx - INFO - HTTP Request: POST https://api.telegram.org/bot7509807012:AAFn0026Mstf8DXx1HICJu36WhgkOWmIDP4/getUpdates "HTTP/1.1 200 OK"
2025-07-25 16:54:24,320 - httpx - INFO - HTTP Request: POST https://api.telegram.org/bot7509807012:AAFn0026Mstf8DXx1HICJu36WhgkOWmIDP4/getUpdates "HTTP/1.1 200 OK"
2025-07-25 16:54:34,523 - httpx - INFO - HTTP Request: POST https://api.telegram.org/bot7509807012:AAFn0026Mstf8DXx1HICJu36WhgkOWmIDP4/getUpdates "HTTP/1.1 200 OK"
2025-07-25 16:54:44,118 - apscheduler.executors.default - INFO - Running job "check_price_alerts (trigger: interval[0:01:00], next run at: 2025-07-25 15:55:44 UTC)" (scheduled at 2025-07-25 15:54:44.106739+00:00)
2025-07-25 16:54:44,121 - apscheduler.executors.default - INFO - Job "check_price_alerts (trigger: interval[0:01:00], next run at: 2025-07-25 15:55:44 UTC)" executed successfully
2025-07-25 16:54:44,122 - apscheduler.executors.default - INFO - Running job "check_volume_alerts (trigger: interval[0:05:00], next run at: 2025-07-25 15:59:44 UTC)" (scheduled at 2025-07-25 15:54:44.106739+00:00)
2025-07-25 16:54:44,124 - apscheduler.executors.default - INFO - Job "check_volume_alerts (trigger: interval[0:05:00], next run at: 2025-07-25 15:59:44 UTC)" executed successfully
2025-07-25 16:54:44,697 - httpx - INFO - HTTP Request: POST https://api.telegram.org/bot7509807012:AAFn0026Mstf8DXx1HICJu36WhgkOWmIDP4/getUpdates "HTTP/1.1 200 OK"
2025-07-25 16:54:54,868 - httpx - INFO - HTTP Request: POST https://api.telegram.org/bot7509807012:AAFn0026Mstf8DXx1HICJu36WhgkOWmIDP4/getUpdates "HTTP/1.1 200 OK"
2025-07-25 16:55:05,039 - httpx - INFO - HTTP Request: POST https://api.telegram.org/bot7509807012:AAFn0026Mstf8DXx1HICJu36WhgkOWmIDP4/getUpdates "HTTP/1.1 200 OK"
2025-07-25 16:55:18,168 - httpx - INFO - HTTP Request: POST https://api.telegram.org/bot7509807012:AAFn0026Mstf8DXx1HICJu36WhgkOWmIDP4/getUpdates "HTTP/1.1 200 OK"
2025-07-25 16:55:28,382 - httpx - INFO - HTTP Request: POST https://api.telegram.org/bot7509807012:AAFn0026Mstf8DXx1HICJu36WhgkOWmIDP4/getUpdates "HTTP/1.1 200 OK"
2025-07-25 16:55:38,582 - httpx - INFO - HTTP Request: POST https://api.telegram.org/bot7509807012:AAFn0026Mstf8DXx1HICJu36WhgkOWmIDP4/getUpdates "HTTP/1.1 200 OK"
2025-07-25 16:55:44,117 - apscheduler.executors.default - INFO - Running job "check_price_alerts (trigger: interval[0:01:00], next run at: 2025-07-25 15:56:44 UTC)" (scheduled at 2025-07-25 15:55:44.106739+00:00)
2025-07-25 16:55:44,123 - apscheduler.executors.default - INFO - Job "check_price_alerts (trigger: interval[0:01:00], next run at: 2025-07-25 15:56:44 UTC)" executed successfully
2025-07-25 16:55:48,784 - httpx - INFO - HTTP Request: POST https://api.telegram.org/bot7509807012:AAFn0026Mstf8DXx1HICJu36WhgkOWmIDP4/getUpdates "HTTP/1.1 200 OK"
2025-07-25 16:55:58,989 - httpx - INFO - HTTP Request: POST https://api.telegram.org/bot7509807012:AAFn0026Mstf8DXx1HICJu36WhgkOWmIDP4/getUpdates "HTTP/1.1 200 OK"
2025-07-25 16:56:09,181 - httpx - INFO - HTTP Request: POST https://api.telegram.org/bot7509807012:AAFn0026Mstf8DXx1HICJu36WhgkOWmIDP4/getUpdates "HTTP/1.1 200 OK"
2025-07-25 16:56:19,376 - httpx - INFO - HTTP Request: POST https://api.telegram.org/bot7509807012:AAFn0026Mstf8DXx1HICJu36WhgkOWmIDP4/getUpdates "HTTP/1.1 200 OK"
2025-07-25 16:56:22,418 - httpx - INFO - HTTP Request: POST https://api.telegram.org/bot7509807012:AAFn0026Mstf8DXx1HICJu36WhgkOWmIDP4/getUpdates "HTTP/1.1 200 OK"
2025-07-25 16:56:23,040 - httpx - INFO - HTTP Request: POST https://api.telegram.org/bot7509807012:AAFn0026Mstf8DXx1HICJu36WhgkOWmIDP4/sendMessage "HTTP/1.1 200 OK"
2025-07-25 16:56:31,124 - httpx - INFO - HTTP Request: POST https://api.telegram.org/bot7509807012:AAFn0026Mstf8DXx1HICJu36WhgkOWmIDP4/getUpdates "HTTP/1.1 200 OK"
2025-07-25 16:56:31,596 - httpx - INFO - HTTP Request: POST https://api.telegram.org/bot7509807012:AAFn0026Mstf8DXx1HICJu36WhgkOWmIDP4/answerCallbackQuery "HTTP/1.1 200 OK"
2025-07-25 16:56:31,597 - bot_handlers - ERROR - Error in button_callback_handler for exp_advanced: 'CallbackQuery' object has no attribute 'callback_query'
2025-07-25 16:56:31,781 - httpx - INFO - HTTP Request: POST https://api.telegram.org/bot7509807012:AAFn0026Mstf8DXx1HICJu36WhgkOWmIDP4/editMessageText "HTTP/1.1 200 OK"
2025-07-25 16:56:41,294 - httpx - INFO - HTTP Request: POST https://api.telegram.org/bot7509807012:AAFn0026Mstf8DXx1HICJu36WhgkOWmIDP4/getUpdates "HTTP/1.1 200 OK"
2025-07-25 16:56:44,118 - apscheduler.executors.default - INFO - Running job "check_price_alerts (trigger: interval[0:01:00], next run at: 2025-07-25 15:57:44 UTC)" (scheduled at 2025-07-25 15:56:44.106739+00:00)
2025-07-25 16:56:44,139 - apscheduler.executors.default - INFO - Job "check_price_alerts (trigger: interval[0:01:00], next run at: 2025-07-25 15:57:44 UTC)" executed successfully
2025-07-25 16:56:51,493 - httpx - INFO - HTTP Request: POST https://api.telegram.org/bot7509807012:AAFn0026Mstf8DXx1HICJu36WhgkOWmIDP4/getUpdates "HTTP/1.1 200 OK"
2025-07-25 16:57:01,646 - httpx - INFO - HTTP Request: POST https://api.telegram.org/bot7509807012:AAFn0026Mstf8DXx1HICJu36WhgkOWmIDP4/getUpdates "HTTP/1.1 200 OK"
2025-07-25 16:57:11,805 - httpx - INFO - HTTP Request: POST https://api.telegram.org/bot7509807012:AAFn0026Mstf8DXx1HICJu36WhgkOWmIDP4/getUpdates "HTTP/1.1 200 OK"
2025-07-25 16:57:21,957 - httpx - INFO - HTTP Request: POST https://api.telegram.org/bot7509807012:AAFn0026Mstf8DXx1HICJu36WhgkOWmIDP4/getUpdates "HTTP/1.1 200 OK"
2025-07-25 16:57:32,114 - httpx - INFO - HTTP Request: POST https://api.telegram.org/bot7509807012:AAFn0026Mstf8DXx1HICJu36WhgkOWmIDP4/getUpdates "HTTP/1.1 200 OK"
2025-07-25 16:57:42,296 - httpx - INFO - HTTP Request: POST https://api.telegram.org/bot7509807012:AAFn0026Mstf8DXx1HICJu36WhgkOWmIDP4/getUpdates "HTTP/1.1 200 OK"
2025-07-25 16:57:44,121 - apscheduler.executors.default - INFO - Running job "check_price_alerts (trigger: interval[0:01:00], next run at: 2025-07-25 15:58:44 UTC)" (scheduled at 2025-07-25 15:57:44.106739+00:00)
2025-07-25 16:57:44,210 - apscheduler.executors.default - INFO - Job "check_price_alerts (trigger: interval[0:01:00], next run at: 2025-07-25 15:58:44 UTC)" executed successfully
2025-07-25 16:57:52,464 - httpx - INFO - HTTP Request: POST https://api.telegram.org/bot7509807012:AAFn0026Mstf8DXx1HICJu36WhgkOWmIDP4/getUpdates "HTTP/1.1 200 OK"
2025-07-25 16:58:02,632 - httpx - INFO - HTTP Request: POST https://api.telegram.org/bot7509807012:AAFn0026Mstf8DXx1HICJu36WhgkOWmIDP4/getUpdates "HTTP/1.1 200 OK"
2025-07-25 16:58:12,836 - httpx - INFO - HTTP Request: POST https://api.telegram.org/bot7509807012:AAFn0026Mstf8DXx1HICJu36WhgkOWmIDP4/getUpdates "HTTP/1.1 200 OK"
2025-07-25 16:58:22,988 - httpx - INFO - HTTP Request: POST https://api.telegram.org/bot7509807012:AAFn0026Mstf8DXx1HICJu36WhgkOWmIDP4/getUpdates "HTTP/1.1 200 OK"
2025-07-25 16:58:33,150 - httpx - INFO - HTTP Request: POST https://api.telegram.org/bot7509807012:AAFn0026Mstf8DXx1HICJu36WhgkOWmIDP4/getUpdates "HTTP/1.1 200 OK"
2025-07-25 16:58:43,457 - httpx - INFO - HTTP Request: POST https://api.telegram.org/bot7509807012:AAFn0026Mstf8DXx1HICJu36WhgkOWmIDP4/getUpdates "HTTP/1.1 200 OK"
2025-07-25 16:58:44,122 - apscheduler.executors.default - INFO - Running job "check_price_alerts (trigger: interval[0:01:00], next run at: 2025-07-25 15:59:44 UTC)" (scheduled at 2025-07-25 15:58:44.106739+00:00)
2025-07-25 16:58:44,130 - apscheduler.executors.default - INFO - Job "check_price_alerts (trigger: interval[0:01:00], next run at: 2025-07-25 15:59:44 UTC)" executed successfully
2025-07-25 16:58:53,649 - httpx - INFO - HTTP Request: POST https://api.telegram.org/bot7509807012:AAFn0026Mstf8DXx1HICJu36WhgkOWmIDP4/getUpdates "HTTP/1.1 200 OK"
2025-07-25 16:59:03,830 - httpx - INFO - HTTP Request: POST https://api.telegram.org/bot7509807012:AAFn0026Mstf8DXx1HICJu36WhgkOWmIDP4/getUpdates "HTTP/1.1 200 OK"
2025-07-25 16:59:13,999 - httpx - INFO - HTTP Request: POST https://api.telegram.org/bot7509807012:AAFn0026Mstf8DXx1HICJu36WhgkOWmIDP4/getUpdates "HTTP/1.1 200 OK"
2025-07-25 16:59:24,190 - httpx - INFO - HTTP Request: POST https://api.telegram.org/bot7509807012:AAFn0026Mstf8DXx1HICJu36WhgkOWmIDP4/getUpdates "HTTP/1.1 200 OK"
2025-07-25 16:59:34,353 - httpx - INFO - HTTP Request: POST https://api.telegram.org/bot7509807012:AAFn0026Mstf8DXx1HICJu36WhgkOWmIDP4/getUpdates "HTTP/1.1 200 OK"
2025-07-25 16:59:44,111 - apscheduler.executors.default - INFO - Running job "check_price_alerts (trigger: interval[0:01:00], next run at: 2025-07-25 16:00:44 UTC)" (scheduled at 2025-07-25 15:59:44.106739+00:00)
2025-07-25 16:59:44,124 - apscheduler.executors.default - INFO - Job "check_price_alerts (trigger: interval[0:01:00], next run at: 2025-07-25 16:00:44 UTC)" executed successfully
2025-07-25 16:59:44,128 - apscheduler.executors.default - INFO - Running job "check_volume_alerts (trigger: interval[0:05:00], next run at: 2025-07-25 16:04:44 UTC)" (scheduled at 2025-07-25 15:59:44.106739+00:00)
2025-07-25 16:59:44,134 - apscheduler.executors.default - INFO - Job "check_volume_alerts (trigger: interval[0:05:00], next run at: 2025-07-25 16:04:44 UTC)" executed successfully
2025-07-25 16:59:44,839 - httpx - INFO - HTTP Request: POST https://api.telegram.org/bot7509807012:AAFn0026Mstf8DXx1HICJu36WhgkOWmIDP4/getUpdates "HTTP/1.1 200 OK"
2025-07-25 16:59:54,983 - httpx - INFO - HTTP Request: POST https://api.telegram.org/bot7509807012:AAFn0026Mstf8DXx1HICJu36WhgkOWmIDP4/getUpdates "HTTP/1.1 200 OK"
2025-07-25 17:00:05,131 - httpx - INFO - HTTP Request: POST https://api.telegram.org/bot7509807012:AAFn0026Mstf8DXx1HICJu36WhgkOWmIDP4/getUpdates "HTTP/1.1 200 OK"
2025-07-25 17:00:15,284 - httpx - INFO - HTTP Request: POST https://api.telegram.org/bot7509807012:AAFn0026Mstf8DXx1HICJu36WhgkOWmIDP4/getUpdates "HTTP/1.1 200 OK"
2025-07-25 17:00:25,444 - httpx - INFO - HTTP Request: POST https://api.telegram.org/bot7509807012:AAFn0026Mstf8DXx1HICJu36WhgkOWmIDP4/getUpdates "HTTP/1.1 200 OK"
2025-07-25 17:00:35,612 - httpx - INFO - HTTP Request: POST https://api.telegram.org/bot7509807012:AAFn0026Mstf8DXx1HICJu36WhgkOWmIDP4/getUpdates "HTTP/1.1 200 OK"
2025-07-25 17:00:44,121 - apscheduler.executors.default - INFO - Running job "check_price_alerts (trigger: interval[0:01:00], next run at: 2025-07-25 16:01:44 UTC)" (scheduled at 2025-07-25 16:00:44.106739+00:00)
2025-07-25 17:00:44,124 - apscheduler.executors.default - INFO - Job "check_price_alerts (trigger: interval[0:01:00], next run at: 2025-07-25 16:01:44 UTC)" executed successfully
2025-07-25 17:00:44,509 - httpx - INFO - HTTP Request: POST https://api.telegram.org/bot7509807012:AAFn0026Mstf8DXx1HICJu36WhgkOWmIDP4/getUpdates "HTTP/1.1 200 OK"
2025-07-25 17:00:45,111 - httpx - INFO - HTTP Request: POST https://api.telegram.org/bot7509807012:AAFn0026Mstf8DXx1HICJu36WhgkOWmIDP4/sendMessage "HTTP/1.1 200 OK"
2025-07-25 17:00:46,670 - httpx - INFO - HTTP Request: POST https://api.telegram.org/bot7509807012:AAFn0026Mstf8DXx1HICJu36WhgkOWmIDP4/getUpdates "HTTP/1.1 200 OK"
2025-07-25 17:00:46,883 - httpx - INFO - HTTP Request: POST https://api.telegram.org/bot7509807012:AAFn0026Mstf8DXx1HICJu36WhgkOWmIDP4/answerCallbackQuery "HTTP/1.1 200 OK"
2025-07-25 17:00:46,897 - bot_handlers - ERROR - Error in button_callback_handler for exp_beginner: 'CallbackQuery' object has no attribute 'callback_query'
2025-07-25 17:00:47,111 - httpx - INFO - HTTP Request: POST https://api.telegram.org/bot7509807012:AAFn0026Mstf8DXx1HICJu36WhgkOWmIDP4/editMessageText "HTTP/1.1 200 OK"
2025-07-25 17:00:56,844 - httpx - INFO - HTTP Request: POST https://api.telegram.org/bot7509807012:AAFn0026Mstf8DXx1HICJu36WhgkOWmIDP4/getUpdates "HTTP/1.1 200 OK"
2025-07-25 17:01:07,004 - httpx - INFO - HTTP Request: POST https://api.telegram.org/bot7509807012:AAFn0026Mstf8DXx1HICJu36WhgkOWmIDP4/getUpdates "HTTP/1.1 200 OK"
2025-07-25 17:01:17,157 - httpx - INFO - HTTP Request: POST https://api.telegram.org/bot7509807012:AAFn0026Mstf8DXx1HICJu36WhgkOWmIDP4/getUpdates "HTTP/1.1 200 OK"
2025-07-25 17:01:27,325 - httpx - INFO - HTTP Request: POST https://api.telegram.org/bot7509807012:AAFn0026Mstf8DXx1HICJu36WhgkOWmIDP4/getUpdates "HTTP/1.1 200 OK"
2025-07-25 17:01:30,974 - httpx - INFO - HTTP Request: POST https://api.telegram.org/bot7509807012:AAFn0026Mstf8DXx1HICJu36WhgkOWmIDP4/getUpdates "HTTP/1.1 200 OK"
2025-07-25 17:01:31,525 - httpx - INFO - HTTP Request: POST https://api.telegram.org/bot7509807012:AAFn0026Mstf8DXx1HICJu36WhgkOWmIDP4/sendMessage "HTTP/1.1 200 OK"
2025-07-25 17:01:41,150 - httpx - INFO - HTTP Request: POST https://api.telegram.org/bot7509807012:AAFn0026Mstf8DXx1HICJu36WhgkOWmIDP4/getUpdates "HTTP/1.1 200 OK"
2025-07-25 17:01:44,107 - apscheduler.executors.default - INFO - Running job "check_price_alerts (trigger: interval[0:01:00], next run at: 2025-07-25 16:02:44 UTC)" (scheduled at 2025-07-25 16:01:44.106739+00:00)
2025-07-25 17:01:44,110 - apscheduler.executors.default - INFO - Job "check_price_alerts (trigger: interval[0:01:00], next run at: 2025-07-25 16:02:44 UTC)" executed successfully
2025-07-25 17:01:47,966 - httpx - INFO - HTTP Request: POST https://api.telegram.org/bot7509807012:AAFn0026Mstf8DXx1HICJu36WhgkOWmIDP4/getUpdates "HTTP/1.1 200 OK"
2025-07-25 17:01:48,443 - httpx - INFO - HTTP Request: POST https://api.telegram.org/bot7509807012:AAFn0026Mstf8DXx1HICJu36WhgkOWmIDP4/answerCallbackQuery "HTTP/1.1 200 OK"
2025-07-25 17:01:48,460 - bot_handlers - ERROR - Error in button_callback_handler for exp_beginner: 'CallbackQuery' object has no attribute 'callback_query'
2025-07-25 17:01:48,650 - httpx - INFO - HTTP Request: POST https://api.telegram.org/bot7509807012:AAFn0026Mstf8DXx1HICJu36WhgkOWmIDP4/editMessageText "HTTP/1.1 200 OK"
2025-07-25 17:01:58,131 - httpx - INFO - HTTP Request: POST https://api.telegram.org/bot7509807012:AAFn0026Mstf8DXx1HICJu36WhgkOWmIDP4/getUpdates "HTTP/1.1 200 OK"
2025-07-25 17:02:08,296 - httpx - INFO - HTTP Request: POST https://api.telegram.org/bot7509807012:AAFn0026Mstf8DXx1HICJu36WhgkOWmIDP4/getUpdates "HTTP/1.1 200 OK"
2025-07-25 17:02:18,450 - httpx - INFO - HTTP Request: POST https://api.telegram.org/bot7509807012:AAFn0026Mstf8DXx1HICJu36WhgkOWmIDP4/getUpdates "HTTP/1.1 200 OK"
2025-07-25 17:02:28,617 - httpx - INFO - HTTP Request: POST https://api.telegram.org/bot7509807012:AAFn0026Mstf8DXx1HICJu36WhgkOWmIDP4/getUpdates "HTTP/1.1 200 OK"
2025-07-25 17:02:38,820 - httpx - INFO - HTTP Request: POST https://api.telegram.org/bot7509807012:AAFn0026Mstf8DXx1HICJu36WhgkOWmIDP4/getUpdates "HTTP/1.1 200 OK"
2025-07-25 17:02:44,116 - apscheduler.executors.default - INFO - Running job "check_price_alerts (trigger: interval[0:01:00], next run at: 2025-07-25 16:03:44 UTC)" (scheduled at 2025-07-25 16:02:44.106739+00:00)
2025-07-25 17:02:44,122 - apscheduler.executors.default - INFO - Job "check_price_alerts (trigger: interval[0:01:00], next run at: 2025-07-25 16:03:44 UTC)" executed successfully
2025-07-25 17:02:48,986 - httpx - INFO - HTTP Request: POST https://api.telegram.org/bot7509807012:AAFn0026Mstf8DXx1HICJu36WhgkOWmIDP4/getUpdates "HTTP/1.1 200 OK"
2025-07-25 17:02:59,138 - httpx - INFO - HTTP Request: POST https://api.telegram.org/bot7509807012:AAFn0026Mstf8DXx1HICJu36WhgkOWmIDP4/getUpdates "HTTP/1.1 200 OK"
2025-07-25 17:03:09,312 - httpx - INFO - HTTP Request: POST https://api.telegram.org/bot7509807012:AAFn0026Mstf8DXx1HICJu36WhgkOWmIDP4/getUpdates "HTTP/1.1 200 OK"
2025-07-25 17:03:19,459 - httpx - INFO - HTTP Request: POST https://api.telegram.org/bot7509807012:AAFn0026Mstf8DXx1HICJu36WhgkOWmIDP4/getUpdates "HTTP/1.1 200 OK"
2025-07-25 17:03:29,595 - httpx - INFO - HTTP Request: POST https://api.telegram.org/bot7509807012:AAFn0026Mstf8DXx1HICJu36WhgkOWmIDP4/getUpdates "HTTP/1.1 200 OK"
2025-07-25 17:03:39,744 - httpx - INFO - HTTP Request: POST https://api.telegram.org/bot7509807012:AAFn0026Mstf8DXx1HICJu36WhgkOWmIDP4/getUpdates "HTTP/1.1 200 OK"
2025-07-25 17:03:44,126 - apscheduler.executors.default - INFO - Running job "check_price_alerts (trigger: interval[0:01:00], next run at: 2025-07-25 16:04:44 UTC)" (scheduled at 2025-07-25 16:03:44.106739+00:00)
2025-07-25 17:03:44,212 - apscheduler.executors.default - INFO - Job "check_price_alerts (trigger: interval[0:01:00], next run at: 2025-07-25 16:04:44 UTC)" executed successfully
2025-07-25 17:03:49,923 - httpx - INFO - HTTP Request: POST https://api.telegram.org/bot7509807012:AAFn0026Mstf8DXx1HICJu36WhgkOWmIDP4/getUpdates "HTTP/1.1 200 OK"
2025-07-25 17:04:00,092 - httpx - INFO - HTTP Request: POST https://api.telegram.org/bot7509807012:AAFn0026Mstf8DXx1HICJu36WhgkOWmIDP4/getUpdates "HTTP/1.1 200 OK"
2025-07-25 17:04:10,251 - httpx - INFO - HTTP Request: POST https://api.telegram.org/bot7509807012:AAFn0026Mstf8DXx1HICJu36WhgkOWmIDP4/getUpdates "HTTP/1.1 200 OK"
2025-07-25 17:04:20,431 - httpx - INFO - HTTP Request: POST https://api.telegram.org/bot7509807012:AAFn0026Mstf8DXx1HICJu36WhgkOWmIDP4/getUpdates "HTTP/1.1 200 OK"
2025-07-25 17:04:30,599 - httpx - INFO - HTTP Request: POST https://api.telegram.org/bot7509807012:AAFn0026Mstf8DXx1HICJu36WhgkOWmIDP4/getUpdates "HTTP/1.1 200 OK"
2025-07-25 17:04:40,792 - httpx - INFO - HTTP Request: POST https://api.telegram.org/bot7509807012:AAFn0026Mstf8DXx1HICJu36WhgkOWmIDP4/getUpdates "HTTP/1.1 200 OK"
2025-07-25 17:04:44,108 - apscheduler.executors.default - INFO - Running job "check_price_alerts (trigger: interval[0:01:00], next run at: 2025-07-25 16:05:44 UTC)" (scheduled at 2025-07-25 16:04:44.106739+00:00)
2025-07-25 17:04:44,126 - apscheduler.executors.default - INFO - Job "check_price_alerts (trigger: interval[0:01:00], next run at: 2025-07-25 16:05:44 UTC)" executed successfully
2025-07-25 17:04:44,134 - apscheduler.executors.default - INFO - Running job "check_volume_alerts (trigger: interval[0:05:00], next run at: 2025-07-25 16:09:44 UTC)" (scheduled at 2025-07-25 16:04:44.106739+00:00)
2025-07-25 17:04:44,137 - apscheduler.executors.default - INFO - Job "check_volume_alerts (trigger: interval[0:05:00], next run at: 2025-07-25 16:09:44 UTC)" executed successfully
2025-07-25 17:04:51,021 - httpx - INFO - HTTP Request: POST https://api.telegram.org/bot7509807012:AAFn0026Mstf8DXx1HICJu36WhgkOWmIDP4/getUpdates "HTTP/1.1 200 OK"
2025-07-25 17:05:01,173 - httpx - INFO - HTTP Request: POST https://api.telegram.org/bot7509807012:AAFn0026Mstf8DXx1HICJu36WhgkOWmIDP4/getUpdates "HTTP/1.1 200 OK"
2025-07-25 17:05:11,354 - httpx - INFO - HTTP Request: POST https://api.telegram.org/bot7509807012:AAFn0026Mstf8DXx1HICJu36WhgkOWmIDP4/getUpdates "HTTP/1.1 200 OK"
2025-07-25 17:05:21,533 - httpx - INFO - HTTP Request: POST https://api.telegram.org/bot7509807012:AAFn0026Mstf8DXx1HICJu36WhgkOWmIDP4/getUpdates "HTTP/1.1 200 OK"
2025-07-25 17:05:31,690 - httpx - INFO - HTTP Request: POST https://api.telegram.org/bot7509807012:AAFn0026Mstf8DXx1HICJu36WhgkOWmIDP4/getUpdates "HTTP/1.1 200 OK"
2025-07-25 17:05:42,217 - httpx - INFO - HTTP Request: POST https://api.telegram.org/bot7509807012:AAFn0026Mstf8DXx1HICJu36WhgkOWmIDP4/getUpdates "HTTP/1.1 200 OK"
2025-07-25 17:05:44,121 - apscheduler.executors.default - INFO - Running job "check_price_alerts (trigger: interval[0:01:00], next run at: 2025-07-25 16:06:44 UTC)" (scheduled at 2025-07-25 16:05:44.106739+00:00)
2025-07-25 17:05:44,124 - apscheduler.executors.default - INFO - Job "check_price_alerts (trigger: interval[0:01:00], next run at: 2025-07-25 16:06:44 UTC)" executed successfully
2025-07-25 17:05:52,389 - httpx - INFO - HTTP Request: POST https://api.telegram.org/bot7509807012:AAFn0026Mstf8DXx1HICJu36WhgkOWmIDP4/getUpdates "HTTP/1.1 200 OK"
2025-07-25 17:06:02,556 - httpx - INFO - HTTP Request: POST https://api.telegram.org/bot7509807012:AAFn0026Mstf8DXx1HICJu36WhgkOWmIDP4/getUpdates "HTTP/1.1 200 OK"
2025-07-25 17:06:12,731 - httpx - INFO - HTTP Request: POST https://api.telegram.org/bot7509807012:AAFn0026Mstf8DXx1HICJu36WhgkOWmIDP4/getUpdates "HTTP/1.1 200 OK"
2025-07-25 17:06:22,877 - httpx - INFO - HTTP Request: POST https://api.telegram.org/bot7509807012:AAFn0026Mstf8DXx1HICJu36WhgkOWmIDP4/getUpdates "HTTP/1.1 200 OK"
2025-07-25 17:06:33,041 - httpx - INFO - HTTP Request: POST https://api.telegram.org/bot7509807012:AAFn0026Mstf8DXx1HICJu36WhgkOWmIDP4/getUpdates "HTTP/1.1 200 OK"
2025-07-25 17:06:43,384 - httpx - INFO - HTTP Request: POST https://api.telegram.org/bot7509807012:AAFn0026Mstf8DXx1HICJu36WhgkOWmIDP4/getUpdates "HTTP/1.1 200 OK"
2025-07-25 17:06:44,205 - apscheduler.executors.default - INFO - Running job "check_price_alerts (trigger: interval[0:01:00], next run at: 2025-07-25 16:07:44 UTC)" (scheduled at 2025-07-25 16:06:44.106739+00:00)
2025-07-25 17:06:44,460 - apscheduler.executors.default - INFO - Job "check_price_alerts (trigger: interval[0:01:00], next run at: 2025-07-25 16:07:44 UTC)" executed successfully
2025-07-25 17:06:53,740 - httpx - INFO - HTTP Request: POST https://api.telegram.org/bot7509807012:AAFn0026Mstf8DXx1HICJu36WhgkOWmIDP4/getUpdates "HTTP/1.1 200 OK"
2025-07-25 17:07:03,893 - httpx - INFO - HTTP Request: POST https://api.telegram.org/bot7509807012:AAFn0026Mstf8DXx1HICJu36WhgkOWmIDP4/getUpdates "HTTP/1.1 200 OK"
2025-07-25 17:07:14,056 - httpx - INFO - HTTP Request: POST https://api.telegram.org/bot7509807012:AAFn0026Mstf8DXx1HICJu36WhgkOWmIDP4/getUpdates "HTTP/1.1 200 OK"
2025-07-25 17:07:24,222 - httpx - INFO - HTTP Request: POST https://api.telegram.org/bot7509807012:AAFn0026Mstf8DXx1HICJu36WhgkOWmIDP4/getUpdates "HTTP/1.1 200 OK"
2025-07-25 17:07:34,422 - httpx - INFO - HTTP Request: POST https://api.telegram.org/bot7509807012:AAFn0026Mstf8DXx1HICJu36WhgkOWmIDP4/getUpdates "HTTP/1.1 200 OK"
2025-07-25 17:07:44,112 - apscheduler.executors.default - INFO - Running job "check_price_alerts (trigger: interval[0:01:00], next run at: 2025-07-25 16:08:44 UTC)" (scheduled at 2025-07-25 16:07:44.106739+00:00)
2025-07-25 17:07:44,116 - apscheduler.executors.default - INFO - Job "check_price_alerts (trigger: interval[0:01:00], next run at: 2025-07-25 16:08:44 UTC)" executed successfully
2025-07-25 17:07:44,582 - httpx - INFO - HTTP Request: POST https://api.telegram.org/bot7509807012:AAFn0026Mstf8DXx1HICJu36WhgkOWmIDP4/getUpdates "HTTP/1.1 200 OK"
2025-07-25 17:07:54,747 - httpx - INFO - HTTP Request: POST https://api.telegram.org/bot7509807012:AAFn0026Mstf8DXx1HICJu36WhgkOWmIDP4/getUpdates "HTTP/1.1 200 OK"
2025-07-25 17:08:04,902 - httpx - INFO - HTTP Request: POST https://api.telegram.org/bot7509807012:AAFn0026Mstf8DXx1HICJu36WhgkOWmIDP4/getUpdates "HTTP/1.1 200 OK"
2025-07-25 17:08:16,154 - httpx - INFO - HTTP Request: POST https://api.telegram.org/bot7509807012:AAFn0026Mstf8DXx1HICJu36WhgkOWmIDP4/getUpdates "HTTP/1.1 200 OK"
2025-07-25 17:08:26,338 - httpx - INFO - HTTP Request: POST https://api.telegram.org/bot7509807012:AAFn0026Mstf8DXx1HICJu36WhgkOWmIDP4/getUpdates "HTTP/1.1 200 OK"
2025-07-25 17:08:37,025 - httpx - INFO - HTTP Request: POST https://api.telegram.org/bot7509807012:AAFn0026Mstf8DXx1HICJu36WhgkOWmIDP4/getUpdates "HTTP/1.1 200 OK"
2025-07-25 17:08:44,419 - apscheduler.executors.default - INFO - Running job "check_price_alerts (trigger: interval[0:01:00], next run at: 2025-07-25 16:09:44 UTC)" (scheduled at 2025-07-25 16:08:44.106739+00:00)
2025-07-25 17:08:44,758 - apscheduler.executors.default - INFO - Job "check_price_alerts (trigger: interval[0:01:00], next run at: 2025-07-25 16:09:44 UTC)" executed successfully
2025-07-25 17:08:47,488 - httpx - INFO - HTTP Request: POST https://api.telegram.org/bot7509807012:AAFn0026Mstf8DXx1HICJu36WhgkOWmIDP4/getUpdates "HTTP/1.1 200 OK"
2025-07-25 17:08:57,634 - httpx - INFO - HTTP Request: POST https://api.telegram.org/bot7509807012:AAFn0026Mstf8DXx1HICJu36WhgkOWmIDP4/getUpdates "HTTP/1.1 200 OK"
2025-07-25 17:09:07,821 - httpx - INFO - HTTP Request: POST https://api.telegram.org/bot7509807012:AAFn0026Mstf8DXx1HICJu36WhgkOWmIDP4/getUpdates "HTTP/1.1 200 OK"
2025-07-25 17:09:18,045 - httpx - INFO - HTTP Request: POST https://api.telegram.org/bot7509807012:AAFn0026Mstf8DXx1HICJu36WhgkOWmIDP4/getUpdates "HTTP/1.1 200 OK"
2025-07-25 17:09:28,237 - httpx - INFO - HTTP Request: POST https://api.telegram.org/bot7509807012:AAFn0026Mstf8DXx1HICJu36WhgkOWmIDP4/getUpdates "HTTP/1.1 200 OK"
2025-07-25 17:09:38,397 - httpx - INFO - HTTP Request: POST https://api.telegram.org/bot7509807012:AAFn0026Mstf8DXx1HICJu36WhgkOWmIDP4/getUpdates "HTTP/1.1 200 OK"
2025-07-25 17:09:44,121 - apscheduler.executors.default - INFO - Running job "check_price_alerts (trigger: interval[0:01:00], next run at: 2025-07-25 16:10:44 UTC)" (scheduled at 2025-07-25 16:09:44.106739+00:00)
2025-07-25 17:09:44,121 - apscheduler.executors.default - INFO - Job "check_price_alerts (trigger: interval[0:01:00], next run at: 2025-07-25 16:10:44 UTC)" executed successfully
2025-07-25 17:09:44,137 - apscheduler.executors.default - INFO - Running job "check_volume_alerts (trigger: interval[0:05:00], next run at: 2025-07-25 16:14:44 UTC)" (scheduled at 2025-07-25 16:09:44.106739+00:00)
2025-07-25 17:09:44,137 - apscheduler.executors.default - INFO - Job "check_volume_alerts (trigger: interval[0:05:00], next run at: 2025-07-25 16:14:44 UTC)" executed successfully
2025-07-25 17:09:48,553 - httpx - INFO - HTTP Request: POST https://api.telegram.org/bot7509807012:AAFn0026Mstf8DXx1HICJu36WhgkOWmIDP4/getUpdates "HTTP/1.1 200 OK"
2025-07-25 17:09:58,777 - httpx - INFO - HTTP Request: POST https://api.telegram.org/bot7509807012:AAFn0026Mstf8DXx1HICJu36WhgkOWmIDP4/getUpdates "HTTP/1.1 200 OK"
2025-07-25 17:10:08,941 - httpx - INFO - HTTP Request: POST https://api.telegram.org/bot7509807012:AAFn0026Mstf8DXx1HICJu36WhgkOWmIDP4/getUpdates "HTTP/1.1 200 OK"
2025-07-25 17:10:19,107 - httpx - INFO - HTTP Request: POST https://api.telegram.org/bot7509807012:AAFn0026Mstf8DXx1HICJu36WhgkOWmIDP4/getUpdates "HTTP/1.1 200 OK"
2025-07-25 17:10:29,706 - httpx - INFO - HTTP Request: POST https://api.telegram.org/bot7509807012:AAFn0026Mstf8DXx1HICJu36WhgkOWmIDP4/getUpdates "HTTP/1.1 200 OK"
2025-07-25 17:10:39,870 - httpx - INFO - HTTP Request: POST https://api.telegram.org/bot7509807012:AAFn0026Mstf8DXx1HICJu36WhgkOWmIDP4/getUpdates "HTTP/1.1 200 OK"
2025-07-25 17:10:44,249 - apscheduler.executors.default - INFO - Running job "check_price_alerts (trigger: interval[0:01:00], next run at: 2025-07-25 16:11:44 UTC)" (scheduled at 2025-07-25 16:10:44.106739+00:00)
2025-07-25 17:10:44,803 - apscheduler.executors.default - INFO - Job "check_price_alerts (trigger: interval[0:01:00], next run at: 2025-07-25 16:11:44 UTC)" executed successfully
2025-07-25 17:10:50,091 - httpx - INFO - HTTP Request: POST https://api.telegram.org/bot7509807012:AAFn0026Mstf8DXx1HICJu36WhgkOWmIDP4/getUpdates "HTTP/1.1 200 OK"
2025-07-25 17:11:00,244 - httpx - INFO - HTTP Request: POST https://api.telegram.org/bot7509807012:AAFn0026Mstf8DXx1HICJu36WhgkOWmIDP4/getUpdates "HTTP/1.1 200 OK"
2025-07-25 17:11:10,423 - httpx - INFO - HTTP Request: POST https://api.telegram.org/bot7509807012:AAFn0026Mstf8DXx1HICJu36WhgkOWmIDP4/getUpdates "HTTP/1.1 200 OK"
2025-07-25 17:11:20,615 - httpx - INFO - HTTP Request: POST https://api.telegram.org/bot7509807012:AAFn0026Mstf8DXx1HICJu36WhgkOWmIDP4/getUpdates "HTTP/1.1 200 OK"
2025-07-25 17:11:30,767 - httpx - INFO - HTTP Request: POST https://api.telegram.org/bot7509807012:AAFn0026Mstf8DXx1HICJu36WhgkOWmIDP4/getUpdates "HTTP/1.1 200 OK"
2025-07-25 17:11:40,936 - httpx - INFO - HTTP Request: POST https://api.telegram.org/bot7509807012:AAFn0026Mstf8DXx1HICJu36WhgkOWmIDP4/getUpdates "HTTP/1.1 200 OK"
2025-07-25 17:11:44,113 - apscheduler.executors.default - INFO - Running job "check_price_alerts (trigger: interval[0:01:00], next run at: 2025-07-25 16:12:44 UTC)" (scheduled at 2025-07-25 16:11:44.106739+00:00)
2025-07-25 17:11:44,113 - apscheduler.executors.default - INFO - Job "check_price_alerts (trigger: interval[0:01:00], next run at: 2025-07-25 16:12:44 UTC)" executed successfully
2025-07-25 17:11:51,079 - httpx - INFO - HTTP Request: POST https://api.telegram.org/bot7509807012:AAFn0026Mstf8DXx1HICJu36WhgkOWmIDP4/getUpdates "HTTP/1.1 200 OK"
2025-07-25 17:12:01,243 - httpx - INFO - HTTP Request: POST https://api.telegram.org/bot7509807012:AAFn0026Mstf8DXx1HICJu36WhgkOWmIDP4/getUpdates "HTTP/1.1 200 OK"
2025-07-25 17:12:11,422 - httpx - INFO - HTTP Request: POST https://api.telegram.org/bot7509807012:AAFn0026Mstf8DXx1HICJu36WhgkOWmIDP4/getUpdates "HTTP/1.1 200 OK"
2025-07-25 17:12:21,891 - httpx - INFO - HTTP Request: POST https://api.telegram.org/bot7509807012:AAFn0026Mstf8DXx1HICJu36WhgkOWmIDP4/getUpdates "HTTP/1.1 200 OK"
2025-07-25 17:12:44,673 - httpx - INFO - HTTP Request: POST https://api.telegram.org/bot7509807012:AAFn0026Mstf8DXx1HICJu36WhgkOWmIDP4/getUpdates "HTTP/1.1 200 OK"
2025-07-25 17:12:44,960 - apscheduler.executors.default - INFO - Running job "check_price_alerts (trigger: interval[0:01:00], next run at: 2025-07-25 16:13:44 UTC)" (scheduled at 2025-07-25 16:12:44.106739+00:00)
2025-07-25 17:12:45,085 - apscheduler.executors.default - INFO - Job "check_price_alerts (trigger: interval[0:01:00], next run at: 2025-07-25 16:13:44 UTC)" executed successfully
2025-07-25 17:12:55,331 - httpx - INFO - HTTP Request: POST https://api.telegram.org/bot7509807012:AAFn0026Mstf8DXx1HICJu36WhgkOWmIDP4/getUpdates "HTTP/1.1 200 OK"
2025-07-25 17:13:05,542 - httpx - INFO - HTTP Request: POST https://api.telegram.org/bot7509807012:AAFn0026Mstf8DXx1HICJu36WhgkOWmIDP4/getUpdates "HTTP/1.1 200 OK"
2025-07-25 17:13:15,693 - httpx - INFO - HTTP Request: POST https://api.telegram.org/bot7509807012:AAFn0026Mstf8DXx1HICJu36WhgkOWmIDP4/getUpdates "HTTP/1.1 200 OK"
2025-07-25 17:13:25,856 - httpx - INFO - HTTP Request: POST https://api.telegram.org/bot7509807012:AAFn0026Mstf8DXx1HICJu36WhgkOWmIDP4/getUpdates "HTTP/1.1 200 OK"
2025-07-25 17:13:36,032 - httpx - INFO - HTTP Request: POST https://api.telegram.org/bot7509807012:AAFn0026Mstf8DXx1HICJu36WhgkOWmIDP4/getUpdates "HTTP/1.1 200 OK"
2025-07-25 17:13:44,132 - apscheduler.executors.default - INFO - Running job "check_price_alerts (trigger: interval[0:01:00], next run at: 2025-07-25 16:14:44 UTC)" (scheduled at 2025-07-25 16:13:44.106739+00:00)
2025-07-25 17:13:44,159 - apscheduler.executors.default - INFO - Job "check_price_alerts (trigger: interval[0:01:00], next run at: 2025-07-25 16:14:44 UTC)" executed successfully
2025-07-25 17:13:46,263 - httpx - INFO - HTTP Request: POST https://api.telegram.org/bot7509807012:AAFn0026Mstf8DXx1HICJu36WhgkOWmIDP4/getUpdates "HTTP/1.1 200 OK"
2025-07-25 17:13:56,404 - httpx - INFO - HTTP Request: POST https://api.telegram.org/bot7509807012:AAFn0026Mstf8DXx1HICJu36WhgkOWmIDP4/getUpdates "HTTP/1.1 200 OK"
2025-07-25 17:14:06,592 - httpx - INFO - HTTP Request: POST https://api.telegram.org/bot7509807012:AAFn0026Mstf8DXx1HICJu36WhgkOWmIDP4/getUpdates "HTTP/1.1 200 OK"
2025-07-25 17:14:16,757 - httpx - INFO - HTTP Request: POST https://api.telegram.org/bot7509807012:AAFn0026Mstf8DXx1HICJu36WhgkOWmIDP4/getUpdates "HTTP/1.1 200 OK"
2025-07-25 17:14:27,088 - httpx - INFO - HTTP Request: POST https://api.telegram.org/bot7509807012:AAFn0026Mstf8DXx1HICJu36WhgkOWmIDP4/getUpdates "HTTP/1.1 200 OK"
2025-07-25 17:14:37,268 - httpx - INFO - HTTP Request: POST https://api.telegram.org/bot7509807012:AAFn0026Mstf8DXx1HICJu36WhgkOWmIDP4/getUpdates "HTTP/1.1 200 OK"
2025-07-25 17:14:44,123 - apscheduler.executors.default - INFO - Running job "check_price_alerts (trigger: interval[0:01:00], next run at: 2025-07-25 16:15:44 UTC)" (scheduled at 2025-07-25 16:14:44.106739+00:00)
2025-07-25 17:14:44,131 - apscheduler.executors.default - INFO - Job "check_price_alerts (trigger: interval[0:01:00], next run at: 2025-07-25 16:15:44 UTC)" executed successfully
2025-07-25 17:14:44,132 - apscheduler.executors.default - INFO - Running job "check_volume_alerts (trigger: interval[0:05:00], next run at: 2025-07-25 16:19:44 UTC)" (scheduled at 2025-07-25 16:14:44.106739+00:00)
2025-07-25 17:14:44,138 - apscheduler.executors.default - INFO - Job "check_volume_alerts (trigger: interval[0:05:00], next run at: 2025-07-25 16:19:44 UTC)" executed successfully
2025-07-25 17:14:47,417 - httpx - INFO - HTTP Request: POST https://api.telegram.org/bot7509807012:AAFn0026Mstf8DXx1HICJu36WhgkOWmIDP4/getUpdates "HTTP/1.1 200 OK"
2025-07-25 17:14:57,627 - httpx - INFO - HTTP Request: POST https://api.telegram.org/bot7509807012:AAFn0026Mstf8DXx1HICJu36WhgkOWmIDP4/getUpdates "HTTP/1.1 200 OK"
2025-07-25 17:15:07,787 - httpx - INFO - HTTP Request: POST https://api.telegram.org/bot7509807012:AAFn0026Mstf8DXx1HICJu36WhgkOWmIDP4/getUpdates "HTTP/1.1 200 OK"
2025-07-25 17:15:17,951 - httpx - INFO - HTTP Request: POST https://api.telegram.org/bot7509807012:AAFn0026Mstf8DXx1HICJu36WhgkOWmIDP4/getUpdates "HTTP/1.1 200 OK"
2025-07-25 17:15:28,118 - httpx - INFO - HTTP Request: POST https://api.telegram.org/bot7509807012:AAFn0026Mstf8DXx1HICJu36WhgkOWmIDP4/getUpdates "HTTP/1.1 200 OK"
2025-07-25 17:15:38,294 - httpx - INFO - HTTP Request: POST https://api.telegram.org/bot7509807012:AAFn0026Mstf8DXx1HICJu36WhgkOWmIDP4/getUpdates "HTTP/1.1 200 OK"
2025-07-25 17:15:44,119 - apscheduler.executors.default - INFO - Running job "check_price_alerts (trigger: interval[0:01:00], next run at: 2025-07-25 16:16:44 UTC)" (scheduled at 2025-07-25 16:15:44.106739+00:00)
2025-07-25 17:15:44,135 - apscheduler.executors.default - INFO - Job "check_price_alerts (trigger: interval[0:01:00], next run at: 2025-07-25 16:16:44 UTC)" executed successfully
2025-07-25 17:15:48,452 - httpx - INFO - HTTP Request: POST https://api.telegram.org/bot7509807012:AAFn0026Mstf8DXx1HICJu36WhgkOWmIDP4/getUpdates "HTTP/1.1 200 OK"
2025-07-25 17:15:58,630 - httpx - INFO - HTTP Request: POST https://api.telegram.org/bot7509807012:AAFn0026Mstf8DXx1HICJu36WhgkOWmIDP4/getUpdates "HTTP/1.1 200 OK"
2025-07-25 17:16:08,824 - httpx - INFO - HTTP Request: POST https://api.telegram.org/bot7509807012:AAFn0026Mstf8DXx1HICJu36WhgkOWmIDP4/getUpdates "HTTP/1.1 200 OK"
2025-07-25 17:16:18,989 - httpx - INFO - HTTP Request: POST https://api.telegram.org/bot7509807012:AAFn0026Mstf8DXx1HICJu36WhgkOWmIDP4/getUpdates "HTTP/1.1 200 OK"
2025-07-25 17:16:29,145 - httpx - INFO - HTTP Request: POST https://api.telegram.org/bot7509807012:AAFn0026Mstf8DXx1HICJu36WhgkOWmIDP4/getUpdates "HTTP/1.1 200 OK"
2025-07-25 17:16:39,887 - httpx - INFO - HTTP Request: POST https://api.telegram.org/bot7509807012:AAFn0026Mstf8DXx1HICJu36WhgkOWmIDP4/getUpdates "HTTP/1.1 200 OK"
2025-07-25 17:16:44,117 - apscheduler.executors.default - INFO - Running job "check_price_alerts (trigger: interval[0:01:00], next run at: 2025-07-25 16:17:44 UTC)" (scheduled at 2025-07-25 16:16:44.106739+00:00)
2025-07-25 17:16:44,131 - apscheduler.executors.default - INFO - Job "check_price_alerts (trigger: interval[0:01:00], next run at: 2025-07-25 16:17:44 UTC)" executed successfully
2025-07-25 17:16:50,053 - httpx - INFO - HTTP Request: POST https://api.telegram.org/bot7509807012:AAFn0026Mstf8DXx1HICJu36WhgkOWmIDP4/getUpdates "HTTP/1.1 200 OK"
2025-07-25 17:17:00,218 - httpx - INFO - HTTP Request: POST https://api.telegram.org/bot7509807012:AAFn0026Mstf8DXx1HICJu36WhgkOWmIDP4/getUpdates "HTTP/1.1 200 OK"
2025-07-25 17:17:10,372 - httpx - INFO - HTTP Request: POST https://api.telegram.org/bot7509807012:AAFn0026Mstf8DXx1HICJu36WhgkOWmIDP4/getUpdates "HTTP/1.1 200 OK"
2025-07-25 17:17:20,524 - httpx - INFO - HTTP Request: POST https://api.telegram.org/bot7509807012:AAFn0026Mstf8DXx1HICJu36WhgkOWmIDP4/getUpdates "HTTP/1.1 200 OK"
2025-07-25 17:17:30,679 - httpx - INFO - HTTP Request: POST https://api.telegram.org/bot7509807012:AAFn0026Mstf8DXx1HICJu36WhgkOWmIDP4/getUpdates "HTTP/1.1 200 OK"
2025-07-25 17:17:40,829 - httpx - INFO - HTTP Request: POST https://api.telegram.org/bot7509807012:AAFn0026Mstf8DXx1HICJu36WhgkOWmIDP4/getUpdates "HTTP/1.1 200 OK"
2025-07-25 17:17:44,129 - apscheduler.executors.default - INFO - Running job "check_price_alerts (trigger: interval[0:01:00], next run at: 2025-07-25 16:18:44 UTC)" (scheduled at 2025-07-25 16:17:44.106739+00:00)
2025-07-25 17:17:44,130 - apscheduler.executors.default - INFO - Job "check_price_alerts (trigger: interval[0:01:00], next run at: 2025-07-25 16:18:44 UTC)" executed successfully
2025-07-25 17:17:50,981 - httpx - INFO - HTTP Request: POST https://api.telegram.org/bot7509807012:AAFn0026Mstf8DXx1HICJu36WhgkOWmIDP4/getUpdates "HTTP/1.1 200 OK"
2025-07-25 17:18:01,144 - httpx - INFO - HTTP Request: POST https://api.telegram.org/bot7509807012:AAFn0026Mstf8DXx1HICJu36WhgkOWmIDP4/getUpdates "HTTP/1.1 200 OK"
2025-07-25 17:18:11,294 - httpx - INFO - HTTP Request: POST https://api.telegram.org/bot7509807012:AAFn0026Mstf8DXx1HICJu36WhgkOWmIDP4/getUpdates "HTTP/1.1 200 OK"
2025-07-25 17:18:21,447 - httpx - INFO - HTTP Request: POST https://api.telegram.org/bot7509807012:AAFn0026Mstf8DXx1HICJu36WhgkOWmIDP4/getUpdates "HTTP/1.1 200 OK"
2025-07-25 17:18:31,605 - httpx - INFO - HTTP Request: POST https://api.telegram.org/bot7509807012:AAFn0026Mstf8DXx1HICJu36WhgkOWmIDP4/getUpdates "HTTP/1.1 200 OK"
2025-07-25 17:18:41,761 - httpx - INFO - HTTP Request: POST https://api.telegram.org/bot7509807012:AAFn0026Mstf8DXx1HICJu36WhgkOWmIDP4/getUpdates "HTTP/1.1 200 OK"
2025-07-25 17:18:44,125 - apscheduler.executors.default - INFO - Running job "check_price_alerts (trigger: interval[0:01:00], next run at: 2025-07-25 16:19:44 UTC)" (scheduled at 2025-07-25 16:18:44.106739+00:00)
2025-07-25 17:18:44,129 - apscheduler.executors.default - INFO - Job "check_price_alerts (trigger: interval[0:01:00], next run at: 2025-07-25 16:19:44 UTC)" executed successfully
2025-07-25 17:18:51,909 - httpx - INFO - HTTP Request: POST https://api.telegram.org/bot7509807012:AAFn0026Mstf8DXx1HICJu36WhgkOWmIDP4/getUpdates "HTTP/1.1 200 OK"
2025-07-25 17:19:02,058 - httpx - INFO - HTTP Request: POST https://api.telegram.org/bot7509807012:AAFn0026Mstf8DXx1HICJu36WhgkOWmIDP4/getUpdates "HTTP/1.1 200 OK"
2025-07-25 17:19:12,225 - httpx - INFO - HTTP Request: POST https://api.telegram.org/bot7509807012:AAFn0026Mstf8DXx1HICJu36WhgkOWmIDP4/getUpdates "HTTP/1.1 200 OK"
2025-07-25 17:19:22,383 - httpx - INFO - HTTP Request: POST https://api.telegram.org/bot7509807012:AAFn0026Mstf8DXx1HICJu36WhgkOWmIDP4/getUpdates "HTTP/1.1 200 OK"
2025-07-25 17:19:32,564 - httpx - INFO - HTTP Request: POST https://api.telegram.org/bot7509807012:AAFn0026Mstf8DXx1HICJu36WhgkOWmIDP4/getUpdates "HTTP/1.1 200 OK"
2025-07-25 17:19:42,722 - httpx - INFO - HTTP Request: POST https://api.telegram.org/bot7509807012:AAFn0026Mstf8DXx1HICJu36WhgkOWmIDP4/getUpdates "HTTP/1.1 200 OK"
2025-07-25 17:19:44,109 - apscheduler.executors.default - INFO - Running job "check_price_alerts (trigger: interval[0:01:00], next run at: 2025-07-25 16:20:44 UTC)" (scheduled at 2025-07-25 16:19:44.106739+00:00)
2025-07-25 17:19:44,109 - apscheduler.executors.default - INFO - Job "check_price_alerts (trigger: interval[0:01:00], next run at: 2025-07-25 16:20:44 UTC)" executed successfully
2025-07-25 17:19:44,109 - apscheduler.executors.default - INFO - Running job "check_volume_alerts (trigger: interval[0:05:00], next run at: 2025-07-25 16:24:44 UTC)" (scheduled at 2025-07-25 16:19:44.106739+00:00)
2025-07-25 17:19:44,109 - apscheduler.executors.default - INFO - Job "check_volume_alerts (trigger: interval[0:05:00], next run at: 2025-07-25 16:24:44 UTC)" executed successfully
2025-07-25 17:19:52,888 - httpx - INFO - HTTP Request: POST https://api.telegram.org/bot7509807012:AAFn0026Mstf8DXx1HICJu36WhgkOWmIDP4/getUpdates "HTTP/1.1 200 OK"
2025-07-25 17:20:03,067 - httpx - INFO - HTTP Request: POST https://api.telegram.org/bot7509807012:AAFn0026Mstf8DXx1HICJu36WhgkOWmIDP4/getUpdates "HTTP/1.1 200 OK"
2025-07-25 17:20:13,238 - httpx - INFO - HTTP Request: POST https://api.telegram.org/bot7509807012:AAFn0026Mstf8DXx1HICJu36WhgkOWmIDP4/getUpdates "HTTP/1.1 200 OK"
2025-07-25 17:20:23,392 - httpx - INFO - HTTP Request: POST https://api.telegram.org/bot7509807012:AAFn0026Mstf8DXx1HICJu36WhgkOWmIDP4/getUpdates "HTTP/1.1 200 OK"
2025-07-25 17:20:33,555 - httpx - INFO - HTTP Request: POST https://api.telegram.org/bot7509807012:AAFn0026Mstf8DXx1HICJu36WhgkOWmIDP4/getUpdates "HTTP/1.1 200 OK"
2025-07-25 17:20:43,712 - httpx - INFO - HTTP Request: POST https://api.telegram.org/bot7509807012:AAFn0026Mstf8DXx1HICJu36WhgkOWmIDP4/getUpdates "HTTP/1.1 200 OK"
2025-07-25 17:20:44,126 - apscheduler.executors.default - INFO - Running job "check_price_alerts (trigger: interval[0:01:00], next run at: 2025-07-25 16:21:44 UTC)" (scheduled at 2025-07-25 16:20:44.106739+00:00)
2025-07-25 17:20:44,280 - apscheduler.executors.default - INFO - Job "check_price_alerts (trigger: interval[0:01:00], next run at: 2025-07-25 16:21:44 UTC)" executed successfully
2025-07-25 17:20:53,909 - httpx - INFO - HTTP Request: POST https://api.telegram.org/bot7509807012:AAFn0026Mstf8DXx1HICJu36WhgkOWmIDP4/getUpdates "HTTP/1.1 200 OK"
2025-07-25 17:21:04,068 - httpx - INFO - HTTP Request: POST https://api.telegram.org/bot7509807012:AAFn0026Mstf8DXx1HICJu36WhgkOWmIDP4/getUpdates "HTTP/1.1 200 OK"
2025-07-25 17:21:14,233 - httpx - INFO - HTTP Request: POST https://api.telegram.org/bot7509807012:AAFn0026Mstf8DXx1HICJu36WhgkOWmIDP4/getUpdates "HTTP/1.1 200 OK"
2025-07-25 17:21:24,404 - httpx - INFO - HTTP Request: POST https://api.telegram.org/bot7509807012:AAFn0026Mstf8DXx1HICJu36WhgkOWmIDP4/getUpdates "HTTP/1.1 200 OK"
2025-07-25 17:21:34,563 - httpx - INFO - HTTP Request: POST https://api.telegram.org/bot7509807012:AAFn0026Mstf8DXx1HICJu36WhgkOWmIDP4/getUpdates "HTTP/1.1 200 OK"
2025-07-28 12:55:43,311 - database - INFO - Database initialized.
2025-07-28 12:55:45,220 - __main__ - INFO - Bot is starting...
2025-07-28 12:55:46,116 - httpx - INFO - HTTP Request: POST https://api.telegram.org/bot7509807012:AAFn0026Mstf8DXx1HICJu36WhgkOWmIDP4/getMe "HTTP/1.1 200 OK"
2025-07-28 12:55:46,130 - apscheduler.scheduler - INFO - Adding job tentatively -- it will be properly scheduled when the scheduler starts
2025-07-28 12:55:46,154 - apscheduler.scheduler - INFO - Adding job tentatively -- it will be properly scheduled when the scheduler starts
2025-07-28 12:55:46,164 - scheduler - INFO - Scheduler setup complete. Price alerts: every 1 min, Volume alerts: every 5 min.
2025-07-28 12:55:46,168 - apscheduler.scheduler - INFO - Added job "check_price_alerts" to job store "default"
2025-07-28 12:55:46,204 - apscheduler.scheduler - INFO - Added job "check_volume_alerts" to job store "default"
2025-07-28 12:55:46,238 - apscheduler.scheduler - INFO - Scheduler started
2025-07-28 12:55:46,253 - __main__ - INFO - APScheduler started (from post_init).
2025-07-28 12:55:46,422 - httpx - INFO - HTTP Request: POST https://api.telegram.org/bot7509807012:AAFn0026Mstf8DXx1HICJu36WhgkOWmIDP4/deleteWebhook "HTTP/1.1 200 OK"
2025-07-28 12:55:46,436 - apscheduler.scheduler - INFO - Scheduler started
2025-07-28 12:55:46,438 - telegram.ext.Application - INFO - Application started
2025-07-28 12:55:57,084 - httpx - INFO - HTTP Request: POST https://api.telegram.org/bot7509807012:AAFn0026Mstf8DXx1HICJu36WhgkOWmIDP4/getUpdates "HTTP/1.1 200 OK"
2025-07-28 12:56:05,619 - httpx - INFO - HTTP Request: POST https://api.telegram.org/bot7509807012:AAFn0026Mstf8DXx1HICJu36WhgkOWmIDP4/getUpdates "HTTP/1.1 200 OK"
2025-07-28 12:56:06,340 - httpx - INFO - HTTP Request: POST https://api.telegram.org/bot7509807012:AAFn0026Mstf8DXx1HICJu36WhgkOWmIDP4/sendMessage "HTTP/1.1 200 OK"
2025-07-28 12:56:07,126 - httpx - INFO - HTTP Request: POST https://api.telegram.org/bot7509807012:AAFn0026Mstf8DXx1HICJu36WhgkOWmIDP4/editMessageText "HTTP/1.1 200 OK"
2025-07-28 12:56:16,096 - httpx - INFO - HTTP Request: POST https://api.telegram.org/bot7509807012:AAFn0026Mstf8DXx1HICJu36WhgkOWmIDP4/getUpdates "HTTP/1.1 200 OK"
2025-07-28 12:56:22,547 - httpx - INFO - HTTP Request: POST https://api.telegram.org/bot7509807012:AAFn0026Mstf8DXx1HICJu36WhgkOWmIDP4/getUpdates "HTTP/1.1 200 OK"
2025-07-28 12:56:23,265 - httpx - INFO - HTTP Request: POST https://api.telegram.org/bot7509807012:AAFn0026Mstf8DXx1HICJu36WhgkOWmIDP4/answerCallbackQuery "HTTP/1.1 200 OK"
2025-07-28 12:56:23,572 - httpx - INFO - HTTP Request: POST https://api.telegram.org/bot7509807012:AAFn0026Mstf8DXx1HICJu36WhgkOWmIDP4/sendMessage "HTTP/1.1 200 OK"
2025-07-28 12:56:24,362 - api_clients - WARNING - NewsAPI request error, attempt 1: 401, message='Unauthorized', url='https://newsapi.org/v2/everything?q=BTC&apiKey=https://newsapi.org/v2/top-headlines?country%3Dus%26apiKey%3D9c66cd6a4add449abc081e74dd26e163&pageSize=5&sortBy=publishedAt&language=en&domains=coindesk.com,cointelegraph.com,decrypt.co,bitcoinmagazine.com,theblock.co'
2025-07-28 12:56:25,646 - api_clients - WARNING - NewsAPI request error, attempt 2: 401, message='Unauthorized', url='https://newsapi.org/v2/everything?q=BTC&apiKey=https://newsapi.org/v2/top-headlines?country%3Dus%26apiKey%3D9c66cd6a4add449abc081e74dd26e163&pageSize=5&sortBy=publishedAt&language=en&domains=coindesk.com,cointelegraph.com,decrypt.co,bitcoinmagazine.com,theblock.co'
2025-07-28 12:56:27,964 - api_clients - WARNING - NewsAPI request error, attempt 3: 401, message='Unauthorized', url='https://newsapi.org/v2/everything?q=BTC&apiKey=https://newsapi.org/v2/top-headlines?country%3Dus%26apiKey%3D9c66cd6a4add449abc081e74dd26e163&pageSize=5&sortBy=publishedAt&language=en&domains=coindesk.com,cointelegraph.com,decrypt.co,bitcoinmagazine.com,theblock.co'
2025-07-28 12:56:27,966 - api_clients - ERROR - Failed to fetch news: 401, message='Unauthorized', url='https://newsapi.org/v2/everything?q=BTC&apiKey=https://newsapi.org/v2/top-headlines?country%3Dus%26apiKey%3D9c66cd6a4add449abc081e74dd26e163&pageSize=5&sortBy=publishedAt&language=en&domains=coindesk.com,cointelegraph.com,decrypt.co,bitcoinmagazine.com,theblock.co'
2025-07-28 12:56:28,149 - httpx - INFO - HTTP Request: POST https://api.telegram.org/bot7509807012:AAFn0026Mstf8DXx1HICJu36WhgkOWmIDP4/editMessageText "HTTP/1.1 200 OK"
2025-07-28 12:56:30,740 - httpx - INFO - HTTP Request: POST https://api.telegram.org/bot7509807012:AAFn0026Mstf8DXx1HICJu36WhgkOWmIDP4/getUpdates "HTTP/1.1 200 OK"
2025-07-28 12:56:31,177 - httpx - INFO - HTTP Request: POST https://api.telegram.org/bot7509807012:AAFn0026Mstf8DXx1HICJu36WhgkOWmIDP4/answerCallbackQuery "HTTP/1.1 200 OK"
2025-07-28 12:56:31,180 - bot_handlers - ERROR - Error in button_callback_handler
Traceback (most recent call last):
  File "C:\Users\LENOVO\Documents\CoinSeer\bot_handlers.py", line 1536, in button_callback_handler
    await chart_command(query, context)
  File "C:\Users\LENOVO\Documents\CoinSeer\bot_handlers.py", line 277, in chart_command
    preferred_fiat = await db.get_user_preferred_fiat(update.effective_user.id)
                                                      ^^^^^^^^^^^^^^^^^^^^^
AttributeError: 'CallbackQuery' object has no attribute 'effective_user'
2025-07-28 12:56:31,455 - httpx - INFO - HTTP Request: POST https://api.telegram.org/bot7509807012:AAFn0026Mstf8DXx1HICJu36WhgkOWmIDP4/answerCallbackQuery "HTTP/1.1 200 OK"
2025-07-28 12:56:31,660 - httpx - INFO - HTTP Request: POST https://api.telegram.org/bot7509807012:AAFn0026Mstf8DXx1HICJu36WhgkOWmIDP4/editMessageText "HTTP/1.1 200 OK"
2025-07-28 12:56:40,978 - httpx - INFO - HTTP Request: POST https://api.telegram.org/bot7509807012:AAFn0026Mstf8DXx1HICJu36WhgkOWmIDP4/getUpdates "HTTP/1.1 200 OK"
2025-07-28 12:56:46,150 - apscheduler.executors.default - INFO - Running job "check_price_alerts (trigger: interval[0:01:00], next run at: 2025-07-28 11:57:46 UTC)" (scheduled at 2025-07-28 11:56:46.130707+00:00)
2025-07-28 12:56:46,155 - apscheduler.executors.default - INFO - Job "check_price_alerts (trigger: interval[0:01:00], next run at: 2025-07-28 11:57:46 UTC)" executed successfully
2025-07-28 12:56:50,297 - httpx - INFO - HTTP Request: POST https://api.telegram.org/bot7509807012:AAFn0026Mstf8DXx1HICJu36WhgkOWmIDP4/getUpdates "HTTP/1.1 200 OK"
2025-07-28 12:56:51,021 - httpx - INFO - HTTP Request: POST https://api.telegram.org/bot7509807012:AAFn0026Mstf8DXx1HICJu36WhgkOWmIDP4/sendMessage "HTTP/1.1 200 OK"
2025-07-28 12:57:00,544 - httpx - INFO - HTTP Request: POST https://api.telegram.org/bot7509807012:AAFn0026Mstf8DXx1HICJu36WhgkOWmIDP4/getUpdates "HTTP/1.1 200 OK"
2025-07-28 12:57:10,776 - httpx - INFO - HTTP Request: POST https://api.telegram.org/bot7509807012:AAFn0026Mstf8DXx1HICJu36WhgkOWmIDP4/getUpdates "HTTP/1.1 200 OK"
2025-07-28 12:57:15,998 - httpx - INFO - HTTP Request: POST https://api.telegram.org/bot7509807012:AAFn0026Mstf8DXx1HICJu36WhgkOWmIDP4/getUpdates "HTTP/1.1 200 OK"
2025-07-28 12:57:16,819 - httpx - INFO - HTTP Request: POST https://api.telegram.org/bot7509807012:AAFn0026Mstf8DXx1HICJu36WhgkOWmIDP4/answerCallbackQuery "HTTP/1.1 200 OK"
2025-07-28 12:57:17,235 - httpx - INFO - HTTP Request: POST https://api.telegram.org/bot7509807012:AAFn0026Mstf8DXx1HICJu36WhgkOWmIDP4/editMessageText "HTTP/1.1 200 OK"
2025-07-28 12:57:26,239 - httpx - INFO - HTTP Request: POST https://api.telegram.org/bot7509807012:AAFn0026Mstf8DXx1HICJu36WhgkOWmIDP4/getUpdates "HTTP/1.1 200 OK"
2025-07-28 12:57:36,429 - httpx - INFO - HTTP Request: POST https://api.telegram.org/bot7509807012:AAFn0026Mstf8DXx1HICJu36WhgkOWmIDP4/getUpdates "HTTP/1.1 200 OK"
2025-07-28 12:57:46,146 - apscheduler.executors.default - INFO - Running job "check_price_alerts (trigger: interval[0:01:00], next run at: 2025-07-28 11:58:46 UTC)" (scheduled at 2025-07-28 11:57:46.130707+00:00)
2025-07-28 12:57:46,152 - apscheduler.executors.default - INFO - Job "check_price_alerts (trigger: interval[0:01:00], next run at: 2025-07-28 11:58:46 UTC)" executed successfully
2025-07-28 12:57:46,733 - httpx - INFO - HTTP Request: POST https://api.telegram.org/bot7509807012:AAFn0026Mstf8DXx1HICJu36WhgkOWmIDP4/getUpdates "HTTP/1.1 200 OK"
2025-07-28 12:57:56,981 - httpx - INFO - HTTP Request: POST https://api.telegram.org/bot7509807012:AAFn0026Mstf8DXx1HICJu36WhgkOWmIDP4/getUpdates "HTTP/1.1 200 OK"
2025-07-28 12:58:07,304 - httpx - INFO - HTTP Request: POST https://api.telegram.org/bot7509807012:AAFn0026Mstf8DXx1HICJu36WhgkOWmIDP4/getUpdates "HTTP/1.1 200 OK"
2025-07-28 12:58:17,546 - httpx - INFO - HTTP Request: POST https://api.telegram.org/bot7509807012:AAFn0026Mstf8DXx1HICJu36WhgkOWmIDP4/getUpdates "HTTP/1.1 200 OK"
2025-07-28 12:58:27,767 - httpx - INFO - HTTP Request: POST https://api.telegram.org/bot7509807012:AAFn0026Mstf8DXx1HICJu36WhgkOWmIDP4/getUpdates "HTTP/1.1 200 OK"
2025-07-28 12:58:38,023 - httpx - INFO - HTTP Request: POST https://api.telegram.org/bot7509807012:AAFn0026Mstf8DXx1HICJu36WhgkOWmIDP4/getUpdates "HTTP/1.1 200 OK"
2025-07-28 12:58:46,145 - apscheduler.executors.default - INFO - Running job "check_price_alerts (trigger: interval[0:01:00], next run at: 2025-07-28 11:59:46 UTC)" (scheduled at 2025-07-28 11:58:46.130707+00:00)
2025-07-28 12:58:46,149 - apscheduler.executors.default - INFO - Job "check_price_alerts (trigger: interval[0:01:00], next run at: 2025-07-28 11:59:46 UTC)" executed successfully
2025-07-28 12:58:48,874 - httpx - INFO - HTTP Request: POST https://api.telegram.org/bot7509807012:AAFn0026Mstf8DXx1HICJu36WhgkOWmIDP4/getUpdates "HTTP/1.1 200 OK"
2025-07-28 12:58:59,115 - httpx - INFO - HTTP Request: POST https://api.telegram.org/bot7509807012:AAFn0026Mstf8DXx1HICJu36WhgkOWmIDP4/getUpdates "HTTP/1.1 200 OK"
2025-07-28 12:59:09,284 - httpx - INFO - HTTP Request: POST https://api.telegram.org/bot7509807012:AAFn0026Mstf8DXx1HICJu36WhgkOWmIDP4/getUpdates "HTTP/1.1 200 OK"
2025-07-28 12:59:19,491 - httpx - INFO - HTTP Request: POST https://api.telegram.org/bot7509807012:AAFn0026Mstf8DXx1HICJu36WhgkOWmIDP4/getUpdates "HTTP/1.1 200 OK"
2025-07-28 12:59:29,660 - httpx - INFO - HTTP Request: POST https://api.telegram.org/bot7509807012:AAFn0026Mstf8DXx1HICJu36WhgkOWmIDP4/getUpdates "HTTP/1.1 200 OK"
2025-07-28 12:59:39,836 - httpx - INFO - HTTP Request: POST https://api.telegram.org/bot7509807012:AAFn0026Mstf8DXx1HICJu36WhgkOWmIDP4/getUpdates "HTTP/1.1 200 OK"
2025-07-28 12:59:46,132 - apscheduler.executors.default - INFO - Running job "check_price_alerts (trigger: interval[0:01:00], next run at: 2025-07-28 12:00:46 UTC)" (scheduled at 2025-07-28 11:59:46.130707+00:00)
2025-07-28 12:59:46,171 - apscheduler.executors.default - INFO - Job "check_price_alerts (trigger: interval[0:01:00], next run at: 2025-07-28 12:00:46 UTC)" executed successfully
2025-07-28 12:59:50,109 - httpx - INFO - HTTP Request: POST https://api.telegram.org/bot7509807012:AAFn0026Mstf8DXx1HICJu36WhgkOWmIDP4/getUpdates "HTTP/1.1 200 OK"
2025-07-28 13:00:00,312 - httpx - INFO - HTTP Request: POST https://api.telegram.org/bot7509807012:AAFn0026Mstf8DXx1HICJu36WhgkOWmIDP4/getUpdates "HTTP/1.1 200 OK"
2025-07-28 13:00:10,518 - httpx - INFO - HTTP Request: POST https://api.telegram.org/bot7509807012:AAFn0026Mstf8DXx1HICJu36WhgkOWmIDP4/getUpdates "HTTP/1.1 200 OK"
2025-07-28 13:00:20,831 - httpx - INFO - HTTP Request: POST https://api.telegram.org/bot7509807012:AAFn0026Mstf8DXx1HICJu36WhgkOWmIDP4/getUpdates "HTTP/1.1 200 OK"
2025-07-28 13:00:31,611 - httpx - INFO - HTTP Request: POST https://api.telegram.org/bot7509807012:AAFn0026Mstf8DXx1HICJu36WhgkOWmIDP4/getUpdates "HTTP/1.1 200 OK"
2025-07-28 13:00:41,792 - httpx - INFO - HTTP Request: POST https://api.telegram.org/bot7509807012:AAFn0026Mstf8DXx1HICJu36WhgkOWmIDP4/getUpdates "HTTP/1.1 200 OK"
2025-07-28 13:00:46,133 - apscheduler.executors.default - INFO - Running job "check_price_alerts (trigger: interval[0:01:00], next run at: 2025-07-28 12:01:46 UTC)" (scheduled at 2025-07-28 12:00:46.130707+00:00)
2025-07-28 13:00:46,137 - apscheduler.executors.default - INFO - Job "check_price_alerts (trigger: interval[0:01:00], next run at: 2025-07-28 12:01:46 UTC)" executed successfully
2025-07-28 13:00:46,165 - apscheduler.executors.default - INFO - Running job "check_volume_alerts (trigger: interval[0:05:00], next run at: 2025-07-28 12:05:46 UTC)" (scheduled at 2025-07-28 12:00:46.153148+00:00)
2025-07-28 13:00:46,169 - apscheduler.executors.default - INFO - Job "check_volume_alerts (trigger: interval[0:05:00], next run at: 2025-07-28 12:05:46 UTC)" executed successfully
2025-07-28 13:00:52,162 - httpx - INFO - HTTP Request: POST https://api.telegram.org/bot7509807012:AAFn0026Mstf8DXx1HICJu36WhgkOWmIDP4/getUpdates "HTTP/1.1 200 OK"
2025-07-28 13:01:02,349 - httpx - INFO - HTTP Request: POST https://api.telegram.org/bot7509807012:AAFn0026Mstf8DXx1HICJu36WhgkOWmIDP4/getUpdates "HTTP/1.1 200 OK"
2025-07-28 13:01:12,745 - httpx - INFO - HTTP Request: POST https://api.telegram.org/bot7509807012:AAFn0026Mstf8DXx1HICJu36WhgkOWmIDP4/getUpdates "HTTP/1.1 200 OK"
2025-07-28 13:01:24,929 - httpx - INFO - HTTP Request: POST https://api.telegram.org/bot7509807012:AAFn0026Mstf8DXx1HICJu36WhgkOWmIDP4/getUpdates "HTTP/1.1 200 OK"
2025-07-28 13:01:35,132 - httpx - INFO - HTTP Request: POST https://api.telegram.org/bot7509807012:AAFn0026Mstf8DXx1HICJu36WhgkOWmIDP4/getUpdates "HTTP/1.1 200 OK"
2025-07-28 13:01:45,344 - httpx - INFO - HTTP Request: POST https://api.telegram.org/bot7509807012:AAFn0026Mstf8DXx1HICJu36WhgkOWmIDP4/getUpdates "HTTP/1.1 200 OK"
2025-07-28 13:01:46,135 - apscheduler.executors.default - INFO - Running job "check_price_alerts (trigger: interval[0:01:00], next run at: 2025-07-28 12:02:46 UTC)" (scheduled at 2025-07-28 12:01:46.130707+00:00)
2025-07-28 13:01:46,138 - apscheduler.executors.default - INFO - Job "check_price_alerts (trigger: interval[0:01:00], next run at: 2025-07-28 12:02:46 UTC)" executed successfully
2025-07-28 13:01:56,059 - httpx - INFO - HTTP Request: POST https://api.telegram.org/bot7509807012:AAFn0026Mstf8DXx1HICJu36WhgkOWmIDP4/getUpdates "HTTP/1.1 200 OK"
2025-07-28 13:02:06,311 - httpx - INFO - HTTP Request: POST https://api.telegram.org/bot7509807012:AAFn0026Mstf8DXx1HICJu36WhgkOWmIDP4/getUpdates "HTTP/1.1 200 OK"
2025-07-28 13:02:16,538 - httpx - INFO - HTTP Request: POST https://api.telegram.org/bot7509807012:AAFn0026Mstf8DXx1HICJu36WhgkOWmIDP4/getUpdates "HTTP/1.1 200 OK"
2025-07-28 13:02:26,778 - httpx - INFO - HTTP Request: POST https://api.telegram.org/bot7509807012:AAFn0026Mstf8DXx1HICJu36WhgkOWmIDP4/getUpdates "HTTP/1.1 200 OK"
2025-07-28 13:02:37,017 - httpx - INFO - HTTP Request: POST https://api.telegram.org/bot7509807012:AAFn0026Mstf8DXx1HICJu36WhgkOWmIDP4/getUpdates "HTTP/1.1 200 OK"
2025-07-28 13:02:46,155 - apscheduler.executors.default - INFO - Running job "check_price_alerts (trigger: interval[0:01:00], next run at: 2025-07-28 12:03:46 UTC)" (scheduled at 2025-07-28 12:02:46.130707+00:00)
2025-07-28 13:02:46,159 - apscheduler.executors.default - INFO - Job "check_price_alerts (trigger: interval[0:01:00], next run at: 2025-07-28 12:03:46 UTC)" executed successfully
2025-07-28 13:02:47,257 - httpx - INFO - HTTP Request: POST https://api.telegram.org/bot7509807012:AAFn0026Mstf8DXx1HICJu36WhgkOWmIDP4/getUpdates "HTTP/1.1 200 OK"
2025-07-28 13:02:57,702 - httpx - INFO - HTTP Request: POST https://api.telegram.org/bot7509807012:AAFn0026Mstf8DXx1HICJu36WhgkOWmIDP4/getUpdates "HTTP/1.1 200 OK"
2025-07-28 13:03:07,941 - httpx - INFO - HTTP Request: POST https://api.telegram.org/bot7509807012:AAFn0026Mstf8DXx1HICJu36WhgkOWmIDP4/getUpdates "HTTP/1.1 200 OK"
2025-07-28 13:03:18,286 - httpx - INFO - HTTP Request: POST https://api.telegram.org/bot7509807012:AAFn0026Mstf8DXx1HICJu36WhgkOWmIDP4/getUpdates "HTTP/1.1 200 OK"
2025-07-28 13:03:29,549 - httpx - INFO - HTTP Request: POST https://api.telegram.org/bot7509807012:AAFn0026Mstf8DXx1HICJu36WhgkOWmIDP4/getUpdates "HTTP/1.1 200 OK"
2025-07-28 13:03:39,895 - httpx - INFO - HTTP Request: POST https://api.telegram.org/bot7509807012:AAFn0026Mstf8DXx1HICJu36WhgkOWmIDP4/getUpdates "HTTP/1.1 200 OK"
2025-07-28 13:03:46,145 - apscheduler.executors.default - INFO - Running job "check_price_alerts (trigger: interval[0:01:00], next run at: 2025-07-28 12:04:46 UTC)" (scheduled at 2025-07-28 12:03:46.130707+00:00)
2025-07-28 13:03:46,148 - apscheduler.executors.default - INFO - Job "check_price_alerts (trigger: interval[0:01:00], next run at: 2025-07-28 12:04:46 UTC)" executed successfully
2025-07-28 13:03:50,100 - httpx - INFO - HTTP Request: POST https://api.telegram.org/bot7509807012:AAFn0026Mstf8DXx1HICJu36WhgkOWmIDP4/getUpdates "HTTP/1.1 200 OK"
2025-07-28 13:04:00,311 - httpx - INFO - HTTP Request: POST https://api.telegram.org/bot7509807012:AAFn0026Mstf8DXx1HICJu36WhgkOWmIDP4/getUpdates "HTTP/1.1 200 OK"
2025-07-28 13:04:10,816 - httpx - INFO - HTTP Request: POST https://api.telegram.org/bot7509807012:AAFn0026Mstf8DXx1HICJu36WhgkOWmIDP4/getUpdates "HTTP/1.1 200 OK"
2025-07-28 13:04:21,167 - httpx - INFO - HTTP Request: POST https://api.telegram.org/bot7509807012:AAFn0026Mstf8DXx1HICJu36WhgkOWmIDP4/getUpdates "HTTP/1.1 200 OK"
2025-07-28 13:04:32,561 - httpx - INFO - HTTP Request: POST https://api.telegram.org/bot7509807012:AAFn0026Mstf8DXx1HICJu36WhgkOWmIDP4/getUpdates "HTTP/1.1 200 OK"
2025-07-28 13:04:43,588 - httpx - INFO - HTTP Request: POST https://api.telegram.org/bot7509807012:AAFn0026Mstf8DXx1HICJu36WhgkOWmIDP4/getUpdates "HTTP/1.1 200 OK"
2025-07-28 13:04:46,145 - apscheduler.executors.default - INFO - Running job "check_price_alerts (trigger: interval[0:01:00], next run at: 2025-07-28 12:05:46 UTC)" (scheduled at 2025-07-28 12:04:46.130707+00:00)
2025-07-28 13:04:46,148 - apscheduler.executors.default - INFO - Job "check_price_alerts (trigger: interval[0:01:00], next run at: 2025-07-28 12:05:46 UTC)" executed successfully
2025-07-28 13:04:54,029 - httpx - INFO - HTTP Request: POST https://api.telegram.org/bot7509807012:AAFn0026Mstf8DXx1HICJu36WhgkOWmIDP4/getUpdates "HTTP/1.1 200 OK"
2025-07-28 13:05:04,265 - httpx - INFO - HTTP Request: POST https://api.telegram.org/bot7509807012:AAFn0026Mstf8DXx1HICJu36WhgkOWmIDP4/getUpdates "HTTP/1.1 200 OK"
2025-07-28 13:05:24,312 - telegram.ext.Application - ERROR - No error handlers are registered, logging exception.
Traceback (most recent call last):
  File "C:\Users\LENOVO\Documents\CoinSeer\venv\Lib\site-packages\httpx\_transports\default.py", line 101, in map_httpcore_exceptions
    yield
  File "C:\Users\LENOVO\Documents\CoinSeer\venv\Lib\site-packages\httpx\_transports\default.py", line 394, in handle_async_request
    resp = await self._pool.handle_async_request(req)
           ^^^^^^^^^^^^^^^^^^^^^^^^^^^^^^^^^^^^^^^^^^
  File "C:\Users\LENOVO\Documents\CoinSeer\venv\Lib\site-packages\httpcore\_async\connection_pool.py", line 256, in handle_async_request
    raise exc from None
  File "C:\Users\LENOVO\Documents\CoinSeer\venv\Lib\site-packages\httpcore\_async\connection_pool.py", line 236, in handle_async_request
    response = await connection.handle_async_request(
               ^^^^^^^^^^^^^^^^^^^^^^^^^^^^^^^^^^^^^^
  File "C:\Users\LENOVO\Documents\CoinSeer\venv\Lib\site-packages\httpcore\_async\connection.py", line 101, in handle_async_request
    raise exc
  File "C:\Users\LENOVO\Documents\CoinSeer\venv\Lib\site-packages\httpcore\_async\connection.py", line 78, in handle_async_request
    stream = await self._connect(request)
             ^^^^^^^^^^^^^^^^^^^^^^^^^^^^
  File "C:\Users\LENOVO\Documents\CoinSeer\venv\Lib\site-packages\httpcore\_async\connection.py", line 124, in _connect
    stream = await self._network_backend.connect_tcp(**kwargs)
             ^^^^^^^^^^^^^^^^^^^^^^^^^^^^^^^^^^^^^^^^^^^^^^^^^
  File "C:\Users\LENOVO\Documents\CoinSeer\venv\Lib\site-packages\httpcore\_backends\auto.py", line 31, in connect_tcp
    return await self._backend.connect_tcp(
           ^^^^^^^^^^^^^^^^^^^^^^^^^^^^^^^^
  File "C:\Users\LENOVO\Documents\CoinSeer\venv\Lib\site-packages\httpcore\_backends\anyio.py", line 113, in connect_tcp
    with map_exceptions(exc_map):
         ^^^^^^^^^^^^^^^^^^^^^^^
  File "C:\Program Files\WindowsApps\PythonSoftwareFoundation.Python.3.12_3.12.2800.0_x64__qbz5n2kfra8p0\Lib\contextlib.py", line 158, in __exit__
    self.gen.throw(value)
  File "C:\Users\LENOVO\Documents\CoinSeer\venv\Lib\site-packages\httpcore\_exceptions.py", line 14, in map_exceptions
    raise to_exc(exc) from exc
httpcore.ConnectError: [Errno 11001] getaddrinfo failed

The above exception was the direct cause of the following exception:

Traceback (most recent call last):
  File "C:\Users\LENOVO\Documents\CoinSeer\venv\Lib\site-packages\telegram\request\_httpxrequest.py", line 273, in do_request
    res = await self._client.request(
          ^^^^^^^^^^^^^^^^^^^^^^^^^^^
  File "C:\Users\LENOVO\Documents\CoinSeer\venv\Lib\site-packages\httpx\_client.py", line 1540, in request
    return await self.send(request, auth=auth, follow_redirects=follow_redirects)
           ^^^^^^^^^^^^^^^^^^^^^^^^^^^^^^^^^^^^^^^^^^^^^^^^^^^^^^^^^^^^^^^^^^^^^^
  File "C:\Users\LENOVO\Documents\CoinSeer\venv\Lib\site-packages\httpx\_client.py", line 1629, in send
    response = await self._send_handling_auth(
               ^^^^^^^^^^^^^^^^^^^^^^^^^^^^^^^
  File "C:\Users\LENOVO\Documents\CoinSeer\venv\Lib\site-packages\httpx\_client.py", line 1657, in _send_handling_auth
    response = await self._send_handling_redirects(
               ^^^^^^^^^^^^^^^^^^^^^^^^^^^^^^^^^^^^
  File "C:\Users\LENOVO\Documents\CoinSeer\venv\Lib\site-packages\httpx\_client.py", line 1694, in _send_handling_redirects
    response = await self._send_single_request(request)
               ^^^^^^^^^^^^^^^^^^^^^^^^^^^^^^^^^^^^^^^^
  File "C:\Users\LENOVO\Documents\CoinSeer\venv\Lib\site-packages\httpx\_client.py", line 1730, in _send_single_request
    response = await transport.handle_async_request(request)
               ^^^^^^^^^^^^^^^^^^^^^^^^^^^^^^^^^^^^^^^^^^^^^
  File "C:\Users\LENOVO\Documents\CoinSeer\venv\Lib\site-packages\httpx\_transports\default.py", line 393, in handle_async_request
    with map_httpcore_exceptions():
         ^^^^^^^^^^^^^^^^^^^^^^^^^
  File "C:\Program Files\WindowsApps\PythonSoftwareFoundation.Python.3.12_3.12.2800.0_x64__qbz5n2kfra8p0\Lib\contextlib.py", line 158, in __exit__
    self.gen.throw(value)
  File "C:\Users\LENOVO\Documents\CoinSeer\venv\Lib\site-packages\httpx\_transports\default.py", line 118, in map_httpcore_exceptions
    raise mapped_exc(message) from exc
httpx.ConnectError: [Errno 11001] getaddrinfo failed

The above exception was the direct cause of the following exception:

Traceback (most recent call last):
  File "C:\Users\LENOVO\Documents\CoinSeer\venv\Lib\site-packages\telegram\ext\_utils\networkloop.py", line 115, in network_retry_loop
    if not await do_action():
           ^^^^^^^^^^^^^^^^^
  File "C:\Users\LENOVO\Documents\CoinSeer\venv\Lib\site-packages\telegram\ext\_utils\networkloop.py", line 108, in do_action
    return action_cb_task.result()
           ^^^^^^^^^^^^^^^^^^^^^^^
  File "C:\Users\LENOVO\Documents\CoinSeer\venv\Lib\site-packages\telegram\ext\_updater.py", line 335, in polling_action_cb
    updates = await self.bot.get_updates(
              ^^^^^^^^^^^^^^^^^^^^^^^^^^^
  File "C:\Users\LENOVO\Documents\CoinSeer\venv\Lib\site-packages\telegram\ext\_extbot.py", line 669, in get_updates
    updates = await super().get_updates(
              ^^^^^^^^^^^^^^^^^^^^^^^^^^
  File "C:\Users\LENOVO\Documents\CoinSeer\venv\Lib\site-packages\telegram\_bot.py", line 4601, in get_updates
    await self._post(
  File "C:\Users\LENOVO\Documents\CoinSeer\venv\Lib\site-packages\telegram\_bot.py", line 697, in _post
    return await self._do_post(
           ^^^^^^^^^^^^^^^^^^^^
  File "C:\Users\LENOVO\Documents\CoinSeer\venv\Lib\site-packages\telegram\ext\_extbot.py", line 369, in _do_post
    return await super()._do_post(
           ^^^^^^^^^^^^^^^^^^^^^^^
  File "C:\Users\LENOVO\Documents\CoinSeer\venv\Lib\site-packages\telegram\_bot.py", line 726, in _do_post
    result = await request.post(
             ^^^^^^^^^^^^^^^^^^^
  File "C:\Users\LENOVO\Documents\CoinSeer\venv\Lib\site-packages\telegram\request\_baserequest.py", line 197, in post
    result = await self._request_wrapper(
             ^^^^^^^^^^^^^^^^^^^^^^^^^^^^
  File "C:\Users\LENOVO\Documents\CoinSeer\venv\Lib\site-packages\telegram\request\_baserequest.py", line 304, in _request_wrapper
    code, payload = await self.do_request(
                    ^^^^^^^^^^^^^^^^^^^^^^
  File "C:\Users\LENOVO\Documents\CoinSeer\venv\Lib\site-packages\telegram\request\_httpxrequest.py", line 297, in do_request
    raise NetworkError(f"httpx.{err.__class__.__name__}: {err}") from err
telegram.error.NetworkError: httpx.ConnectError: [Errno 11001] getaddrinfo failed
2025-07-28 13:05:25,318 - telegram.ext.Application - ERROR - No error handlers are registered, logging exception.
Traceback (most recent call last):
  File "C:\Users\LENOVO\Documents\CoinSeer\venv\Lib\site-packages\httpx\_transports\default.py", line 101, in map_httpcore_exceptions
    yield
  File "C:\Users\LENOVO\Documents\CoinSeer\venv\Lib\site-packages\httpx\_transports\default.py", line 394, in handle_async_request
    resp = await self._pool.handle_async_request(req)
           ^^^^^^^^^^^^^^^^^^^^^^^^^^^^^^^^^^^^^^^^^^
  File "C:\Users\LENOVO\Documents\CoinSeer\venv\Lib\site-packages\httpcore\_async\connection_pool.py", line 256, in handle_async_request
    raise exc from None
  File "C:\Users\LENOVO\Documents\CoinSeer\venv\Lib\site-packages\httpcore\_async\connection_pool.py", line 236, in handle_async_request
    response = await connection.handle_async_request(
               ^^^^^^^^^^^^^^^^^^^^^^^^^^^^^^^^^^^^^^
  File "C:\Users\LENOVO\Documents\CoinSeer\venv\Lib\site-packages\httpcore\_async\connection.py", line 101, in handle_async_request
    raise exc
  File "C:\Users\LENOVO\Documents\CoinSeer\venv\Lib\site-packages\httpcore\_async\connection.py", line 78, in handle_async_request
    stream = await self._connect(request)
             ^^^^^^^^^^^^^^^^^^^^^^^^^^^^
  File "C:\Users\LENOVO\Documents\CoinSeer\venv\Lib\site-packages\httpcore\_async\connection.py", line 124, in _connect
    stream = await self._network_backend.connect_tcp(**kwargs)
             ^^^^^^^^^^^^^^^^^^^^^^^^^^^^^^^^^^^^^^^^^^^^^^^^^
  File "C:\Users\LENOVO\Documents\CoinSeer\venv\Lib\site-packages\httpcore\_backends\auto.py", line 31, in connect_tcp
    return await self._backend.connect_tcp(
           ^^^^^^^^^^^^^^^^^^^^^^^^^^^^^^^^
  File "C:\Users\LENOVO\Documents\CoinSeer\venv\Lib\site-packages\httpcore\_backends\anyio.py", line 113, in connect_tcp
    with map_exceptions(exc_map):
         ^^^^^^^^^^^^^^^^^^^^^^^
  File "C:\Program Files\WindowsApps\PythonSoftwareFoundation.Python.3.12_3.12.2800.0_x64__qbz5n2kfra8p0\Lib\contextlib.py", line 158, in __exit__
    self.gen.throw(value)
  File "C:\Users\LENOVO\Documents\CoinSeer\venv\Lib\site-packages\httpcore\_exceptions.py", line 14, in map_exceptions
    raise to_exc(exc) from exc
httpcore.ConnectError: [Errno 11001] getaddrinfo failed

The above exception was the direct cause of the following exception:

Traceback (most recent call last):
  File "C:\Users\LENOVO\Documents\CoinSeer\venv\Lib\site-packages\telegram\request\_httpxrequest.py", line 273, in do_request
    res = await self._client.request(
          ^^^^^^^^^^^^^^^^^^^^^^^^^^^
  File "C:\Users\LENOVO\Documents\CoinSeer\venv\Lib\site-packages\httpx\_client.py", line 1540, in request
    return await self.send(request, auth=auth, follow_redirects=follow_redirects)
           ^^^^^^^^^^^^^^^^^^^^^^^^^^^^^^^^^^^^^^^^^^^^^^^^^^^^^^^^^^^^^^^^^^^^^^
  File "C:\Users\LENOVO\Documents\CoinSeer\venv\Lib\site-packages\httpx\_client.py", line 1629, in send
    response = await self._send_handling_auth(
               ^^^^^^^^^^^^^^^^^^^^^^^^^^^^^^^
  File "C:\Users\LENOVO\Documents\CoinSeer\venv\Lib\site-packages\httpx\_client.py", line 1657, in _send_handling_auth
    response = await self._send_handling_redirects(
               ^^^^^^^^^^^^^^^^^^^^^^^^^^^^^^^^^^^^
  File "C:\Users\LENOVO\Documents\CoinSeer\venv\Lib\site-packages\httpx\_client.py", line 1694, in _send_handling_redirects
    response = await self._send_single_request(request)
               ^^^^^^^^^^^^^^^^^^^^^^^^^^^^^^^^^^^^^^^^
  File "C:\Users\LENOVO\Documents\CoinSeer\venv\Lib\site-packages\httpx\_client.py", line 1730, in _send_single_request
    response = await transport.handle_async_request(request)
               ^^^^^^^^^^^^^^^^^^^^^^^^^^^^^^^^^^^^^^^^^^^^^
  File "C:\Users\LENOVO\Documents\CoinSeer\venv\Lib\site-packages\httpx\_transports\default.py", line 393, in handle_async_request
    with map_httpcore_exceptions():
         ^^^^^^^^^^^^^^^^^^^^^^^^^
  File "C:\Program Files\WindowsApps\PythonSoftwareFoundation.Python.3.12_3.12.2800.0_x64__qbz5n2kfra8p0\Lib\contextlib.py", line 158, in __exit__
    self.gen.throw(value)
  File "C:\Users\LENOVO\Documents\CoinSeer\venv\Lib\site-packages\httpx\_transports\default.py", line 118, in map_httpcore_exceptions
    raise mapped_exc(message) from exc
httpx.ConnectError: [Errno 11001] getaddrinfo failed

The above exception was the direct cause of the following exception:

Traceback (most recent call last):
  File "C:\Users\LENOVO\Documents\CoinSeer\venv\Lib\site-packages\telegram\ext\_utils\networkloop.py", line 115, in network_retry_loop
    if not await do_action():
           ^^^^^^^^^^^^^^^^^
  File "C:\Users\LENOVO\Documents\CoinSeer\venv\Lib\site-packages\telegram\ext\_utils\networkloop.py", line 108, in do_action
    return action_cb_task.result()
           ^^^^^^^^^^^^^^^^^^^^^^^
  File "C:\Users\LENOVO\Documents\CoinSeer\venv\Lib\site-packages\telegram\ext\_updater.py", line 335, in polling_action_cb
    updates = await self.bot.get_updates(
              ^^^^^^^^^^^^^^^^^^^^^^^^^^^
  File "C:\Users\LENOVO\Documents\CoinSeer\venv\Lib\site-packages\telegram\ext\_extbot.py", line 669, in get_updates
    updates = await super().get_updates(
              ^^^^^^^^^^^^^^^^^^^^^^^^^^
  File "C:\Users\LENOVO\Documents\CoinSeer\venv\Lib\site-packages\telegram\_bot.py", line 4601, in get_updates
    await self._post(
  File "C:\Users\LENOVO\Documents\CoinSeer\venv\Lib\site-packages\telegram\_bot.py", line 697, in _post
    return await self._do_post(
           ^^^^^^^^^^^^^^^^^^^^
  File "C:\Users\LENOVO\Documents\CoinSeer\venv\Lib\site-packages\telegram\ext\_extbot.py", line 369, in _do_post
    return await super()._do_post(
           ^^^^^^^^^^^^^^^^^^^^^^^
  File "C:\Users\LENOVO\Documents\CoinSeer\venv\Lib\site-packages\telegram\_bot.py", line 726, in _do_post
    result = await request.post(
             ^^^^^^^^^^^^^^^^^^^
  File "C:\Users\LENOVO\Documents\CoinSeer\venv\Lib\site-packages\telegram\request\_baserequest.py", line 197, in post
    result = await self._request_wrapper(
             ^^^^^^^^^^^^^^^^^^^^^^^^^^^^
  File "C:\Users\LENOVO\Documents\CoinSeer\venv\Lib\site-packages\telegram\request\_baserequest.py", line 304, in _request_wrapper
    code, payload = await self.do_request(
                    ^^^^^^^^^^^^^^^^^^^^^^
  File "C:\Users\LENOVO\Documents\CoinSeer\venv\Lib\site-packages\telegram\request\_httpxrequest.py", line 297, in do_request
    raise NetworkError(f"httpx.{err.__class__.__name__}: {err}") from err
telegram.error.NetworkError: httpx.ConnectError: [Errno 11001] getaddrinfo failed
2025-07-28 13:05:26,841 - telegram.ext.Application - ERROR - No error handlers are registered, logging exception.
Traceback (most recent call last):
  File "C:\Users\LENOVO\Documents\CoinSeer\venv\Lib\site-packages\httpx\_transports\default.py", line 101, in map_httpcore_exceptions
    yield
  File "C:\Users\LENOVO\Documents\CoinSeer\venv\Lib\site-packages\httpx\_transports\default.py", line 394, in handle_async_request
    resp = await self._pool.handle_async_request(req)
           ^^^^^^^^^^^^^^^^^^^^^^^^^^^^^^^^^^^^^^^^^^
  File "C:\Users\LENOVO\Documents\CoinSeer\venv\Lib\site-packages\httpcore\_async\connection_pool.py", line 256, in handle_async_request
    raise exc from None
  File "C:\Users\LENOVO\Documents\CoinSeer\venv\Lib\site-packages\httpcore\_async\connection_pool.py", line 236, in handle_async_request
    response = await connection.handle_async_request(
               ^^^^^^^^^^^^^^^^^^^^^^^^^^^^^^^^^^^^^^
  File "C:\Users\LENOVO\Documents\CoinSeer\venv\Lib\site-packages\httpcore\_async\connection.py", line 101, in handle_async_request
    raise exc
  File "C:\Users\LENOVO\Documents\CoinSeer\venv\Lib\site-packages\httpcore\_async\connection.py", line 78, in handle_async_request
    stream = await self._connect(request)
             ^^^^^^^^^^^^^^^^^^^^^^^^^^^^
  File "C:\Users\LENOVO\Documents\CoinSeer\venv\Lib\site-packages\httpcore\_async\connection.py", line 124, in _connect
    stream = await self._network_backend.connect_tcp(**kwargs)
             ^^^^^^^^^^^^^^^^^^^^^^^^^^^^^^^^^^^^^^^^^^^^^^^^^
  File "C:\Users\LENOVO\Documents\CoinSeer\venv\Lib\site-packages\httpcore\_backends\auto.py", line 31, in connect_tcp
    return await self._backend.connect_tcp(
           ^^^^^^^^^^^^^^^^^^^^^^^^^^^^^^^^
  File "C:\Users\LENOVO\Documents\CoinSeer\venv\Lib\site-packages\httpcore\_backends\anyio.py", line 113, in connect_tcp
    with map_exceptions(exc_map):
         ^^^^^^^^^^^^^^^^^^^^^^^
  File "C:\Program Files\WindowsApps\PythonSoftwareFoundation.Python.3.12_3.12.2800.0_x64__qbz5n2kfra8p0\Lib\contextlib.py", line 158, in __exit__
    self.gen.throw(value)
  File "C:\Users\LENOVO\Documents\CoinSeer\venv\Lib\site-packages\httpcore\_exceptions.py", line 14, in map_exceptions
    raise to_exc(exc) from exc
httpcore.ConnectError: [Errno 11001] getaddrinfo failed

The above exception was the direct cause of the following exception:

Traceback (most recent call last):
  File "C:\Users\LENOVO\Documents\CoinSeer\venv\Lib\site-packages\telegram\request\_httpxrequest.py", line 273, in do_request
    res = await self._client.request(
          ^^^^^^^^^^^^^^^^^^^^^^^^^^^
  File "C:\Users\LENOVO\Documents\CoinSeer\venv\Lib\site-packages\httpx\_client.py", line 1540, in request
    return await self.send(request, auth=auth, follow_redirects=follow_redirects)
           ^^^^^^^^^^^^^^^^^^^^^^^^^^^^^^^^^^^^^^^^^^^^^^^^^^^^^^^^^^^^^^^^^^^^^^
  File "C:\Users\LENOVO\Documents\CoinSeer\venv\Lib\site-packages\httpx\_client.py", line 1629, in send
    response = await self._send_handling_auth(
               ^^^^^^^^^^^^^^^^^^^^^^^^^^^^^^^
  File "C:\Users\LENOVO\Documents\CoinSeer\venv\Lib\site-packages\httpx\_client.py", line 1657, in _send_handling_auth
    response = await self._send_handling_redirects(
               ^^^^^^^^^^^^^^^^^^^^^^^^^^^^^^^^^^^^
  File "C:\Users\LENOVO\Documents\CoinSeer\venv\Lib\site-packages\httpx\_client.py", line 1694, in _send_handling_redirects
    response = await self._send_single_request(request)
               ^^^^^^^^^^^^^^^^^^^^^^^^^^^^^^^^^^^^^^^^
  File "C:\Users\LENOVO\Documents\CoinSeer\venv\Lib\site-packages\httpx\_client.py", line 1730, in _send_single_request
    response = await transport.handle_async_request(request)
               ^^^^^^^^^^^^^^^^^^^^^^^^^^^^^^^^^^^^^^^^^^^^^
  File "C:\Users\LENOVO\Documents\CoinSeer\venv\Lib\site-packages\httpx\_transports\default.py", line 393, in handle_async_request
    with map_httpcore_exceptions():
         ^^^^^^^^^^^^^^^^^^^^^^^^^
  File "C:\Program Files\WindowsApps\PythonSoftwareFoundation.Python.3.12_3.12.2800.0_x64__qbz5n2kfra8p0\Lib\contextlib.py", line 158, in __exit__
    self.gen.throw(value)
  File "C:\Users\LENOVO\Documents\CoinSeer\venv\Lib\site-packages\httpx\_transports\default.py", line 118, in map_httpcore_exceptions
    raise mapped_exc(message) from exc
httpx.ConnectError: [Errno 11001] getaddrinfo failed

The above exception was the direct cause of the following exception:

Traceback (most recent call last):
  File "C:\Users\LENOVO\Documents\CoinSeer\venv\Lib\site-packages\telegram\ext\_utils\networkloop.py", line 115, in network_retry_loop
    if not await do_action():
           ^^^^^^^^^^^^^^^^^
  File "C:\Users\LENOVO\Documents\CoinSeer\venv\Lib\site-packages\telegram\ext\_utils\networkloop.py", line 108, in do_action
    return action_cb_task.result()
           ^^^^^^^^^^^^^^^^^^^^^^^
  File "C:\Users\LENOVO\Documents\CoinSeer\venv\Lib\site-packages\telegram\ext\_updater.py", line 335, in polling_action_cb
    updates = await self.bot.get_updates(
              ^^^^^^^^^^^^^^^^^^^^^^^^^^^
  File "C:\Users\LENOVO\Documents\CoinSeer\venv\Lib\site-packages\telegram\ext\_extbot.py", line 669, in get_updates
    updates = await super().get_updates(
              ^^^^^^^^^^^^^^^^^^^^^^^^^^
  File "C:\Users\LENOVO\Documents\CoinSeer\venv\Lib\site-packages\telegram\_bot.py", line 4601, in get_updates
    await self._post(
  File "C:\Users\LENOVO\Documents\CoinSeer\venv\Lib\site-packages\telegram\_bot.py", line 697, in _post
    return await self._do_post(
           ^^^^^^^^^^^^^^^^^^^^
  File "C:\Users\LENOVO\Documents\CoinSeer\venv\Lib\site-packages\telegram\ext\_extbot.py", line 369, in _do_post
    return await super()._do_post(
           ^^^^^^^^^^^^^^^^^^^^^^^
  File "C:\Users\LENOVO\Documents\CoinSeer\venv\Lib\site-packages\telegram\_bot.py", line 726, in _do_post
    result = await request.post(
             ^^^^^^^^^^^^^^^^^^^
  File "C:\Users\LENOVO\Documents\CoinSeer\venv\Lib\site-packages\telegram\request\_baserequest.py", line 197, in post
    result = await self._request_wrapper(
             ^^^^^^^^^^^^^^^^^^^^^^^^^^^^
  File "C:\Users\LENOVO\Documents\CoinSeer\venv\Lib\site-packages\telegram\request\_baserequest.py", line 304, in _request_wrapper
    code, payload = await self.do_request(
                    ^^^^^^^^^^^^^^^^^^^^^^
  File "C:\Users\LENOVO\Documents\CoinSeer\venv\Lib\site-packages\telegram\request\_httpxrequest.py", line 297, in do_request
    raise NetworkError(f"httpx.{err.__class__.__name__}: {err}") from err
telegram.error.NetworkError: httpx.ConnectError: [Errno 11001] getaddrinfo failed
2025-07-28 13:05:29,111 - telegram.ext.Application - ERROR - No error handlers are registered, logging exception.
Traceback (most recent call last):
  File "C:\Users\LENOVO\Documents\CoinSeer\venv\Lib\site-packages\httpx\_transports\default.py", line 101, in map_httpcore_exceptions
    yield
  File "C:\Users\LENOVO\Documents\CoinSeer\venv\Lib\site-packages\httpx\_transports\default.py", line 394, in handle_async_request
    resp = await self._pool.handle_async_request(req)
           ^^^^^^^^^^^^^^^^^^^^^^^^^^^^^^^^^^^^^^^^^^
  File "C:\Users\LENOVO\Documents\CoinSeer\venv\Lib\site-packages\httpcore\_async\connection_pool.py", line 256, in handle_async_request
    raise exc from None
  File "C:\Users\LENOVO\Documents\CoinSeer\venv\Lib\site-packages\httpcore\_async\connection_pool.py", line 236, in handle_async_request
    response = await connection.handle_async_request(
               ^^^^^^^^^^^^^^^^^^^^^^^^^^^^^^^^^^^^^^
  File "C:\Users\LENOVO\Documents\CoinSeer\venv\Lib\site-packages\httpcore\_async\connection.py", line 101, in handle_async_request
    raise exc
  File "C:\Users\LENOVO\Documents\CoinSeer\venv\Lib\site-packages\httpcore\_async\connection.py", line 78, in handle_async_request
    stream = await self._connect(request)
             ^^^^^^^^^^^^^^^^^^^^^^^^^^^^
  File "C:\Users\LENOVO\Documents\CoinSeer\venv\Lib\site-packages\httpcore\_async\connection.py", line 124, in _connect
    stream = await self._network_backend.connect_tcp(**kwargs)
             ^^^^^^^^^^^^^^^^^^^^^^^^^^^^^^^^^^^^^^^^^^^^^^^^^
  File "C:\Users\LENOVO\Documents\CoinSeer\venv\Lib\site-packages\httpcore\_backends\auto.py", line 31, in connect_tcp
    return await self._backend.connect_tcp(
           ^^^^^^^^^^^^^^^^^^^^^^^^^^^^^^^^
  File "C:\Users\LENOVO\Documents\CoinSeer\venv\Lib\site-packages\httpcore\_backends\anyio.py", line 113, in connect_tcp
    with map_exceptions(exc_map):
         ^^^^^^^^^^^^^^^^^^^^^^^
  File "C:\Program Files\WindowsApps\PythonSoftwareFoundation.Python.3.12_3.12.2800.0_x64__qbz5n2kfra8p0\Lib\contextlib.py", line 158, in __exit__
    self.gen.throw(value)
  File "C:\Users\LENOVO\Documents\CoinSeer\venv\Lib\site-packages\httpcore\_exceptions.py", line 14, in map_exceptions
    raise to_exc(exc) from exc
httpcore.ConnectError: [Errno 11001] getaddrinfo failed

The above exception was the direct cause of the following exception:

Traceback (most recent call last):
  File "C:\Users\LENOVO\Documents\CoinSeer\venv\Lib\site-packages\telegram\request\_httpxrequest.py", line 273, in do_request
    res = await self._client.request(
          ^^^^^^^^^^^^^^^^^^^^^^^^^^^
  File "C:\Users\LENOVO\Documents\CoinSeer\venv\Lib\site-packages\httpx\_client.py", line 1540, in request
    return await self.send(request, auth=auth, follow_redirects=follow_redirects)
           ^^^^^^^^^^^^^^^^^^^^^^^^^^^^^^^^^^^^^^^^^^^^^^^^^^^^^^^^^^^^^^^^^^^^^^
  File "C:\Users\LENOVO\Documents\CoinSeer\venv\Lib\site-packages\httpx\_client.py", line 1629, in send
    response = await self._send_handling_auth(
               ^^^^^^^^^^^^^^^^^^^^^^^^^^^^^^^
  File "C:\Users\LENOVO\Documents\CoinSeer\venv\Lib\site-packages\httpx\_client.py", line 1657, in _send_handling_auth
    response = await self._send_handling_redirects(
               ^^^^^^^^^^^^^^^^^^^^^^^^^^^^^^^^^^^^
  File "C:\Users\LENOVO\Documents\CoinSeer\venv\Lib\site-packages\httpx\_client.py", line 1694, in _send_handling_redirects
    response = await self._send_single_request(request)
               ^^^^^^^^^^^^^^^^^^^^^^^^^^^^^^^^^^^^^^^^
  File "C:\Users\LENOVO\Documents\CoinSeer\venv\Lib\site-packages\httpx\_client.py", line 1730, in _send_single_request
    response = await transport.handle_async_request(request)
               ^^^^^^^^^^^^^^^^^^^^^^^^^^^^^^^^^^^^^^^^^^^^^
  File "C:\Users\LENOVO\Documents\CoinSeer\venv\Lib\site-packages\httpx\_transports\default.py", line 393, in handle_async_request
    with map_httpcore_exceptions():
         ^^^^^^^^^^^^^^^^^^^^^^^^^
  File "C:\Program Files\WindowsApps\PythonSoftwareFoundation.Python.3.12_3.12.2800.0_x64__qbz5n2kfra8p0\Lib\contextlib.py", line 158, in __exit__
    self.gen.throw(value)
  File "C:\Users\LENOVO\Documents\CoinSeer\venv\Lib\site-packages\httpx\_transports\default.py", line 118, in map_httpcore_exceptions
    raise mapped_exc(message) from exc
httpx.ConnectError: [Errno 11001] getaddrinfo failed

The above exception was the direct cause of the following exception:

Traceback (most recent call last):
  File "C:\Users\LENOVO\Documents\CoinSeer\venv\Lib\site-packages\telegram\ext\_utils\networkloop.py", line 115, in network_retry_loop
    if not await do_action():
           ^^^^^^^^^^^^^^^^^
  File "C:\Users\LENOVO\Documents\CoinSeer\venv\Lib\site-packages\telegram\ext\_utils\networkloop.py", line 108, in do_action
    return action_cb_task.result()
           ^^^^^^^^^^^^^^^^^^^^^^^
  File "C:\Users\LENOVO\Documents\CoinSeer\venv\Lib\site-packages\telegram\ext\_updater.py", line 335, in polling_action_cb
    updates = await self.bot.get_updates(
              ^^^^^^^^^^^^^^^^^^^^^^^^^^^
  File "C:\Users\LENOVO\Documents\CoinSeer\venv\Lib\site-packages\telegram\ext\_extbot.py", line 669, in get_updates
    updates = await super().get_updates(
              ^^^^^^^^^^^^^^^^^^^^^^^^^^
  File "C:\Users\LENOVO\Documents\CoinSeer\venv\Lib\site-packages\telegram\_bot.py", line 4601, in get_updates
    await self._post(
  File "C:\Users\LENOVO\Documents\CoinSeer\venv\Lib\site-packages\telegram\_bot.py", line 697, in _post
    return await self._do_post(
           ^^^^^^^^^^^^^^^^^^^^
  File "C:\Users\LENOVO\Documents\CoinSeer\venv\Lib\site-packages\telegram\ext\_extbot.py", line 369, in _do_post
    return await super()._do_post(
           ^^^^^^^^^^^^^^^^^^^^^^^
  File "C:\Users\LENOVO\Documents\CoinSeer\venv\Lib\site-packages\telegram\_bot.py", line 726, in _do_post
    result = await request.post(
             ^^^^^^^^^^^^^^^^^^^
  File "C:\Users\LENOVO\Documents\CoinSeer\venv\Lib\site-packages\telegram\request\_baserequest.py", line 197, in post
    result = await self._request_wrapper(
             ^^^^^^^^^^^^^^^^^^^^^^^^^^^^
  File "C:\Users\LENOVO\Documents\CoinSeer\venv\Lib\site-packages\telegram\request\_baserequest.py", line 304, in _request_wrapper
    code, payload = await self.do_request(
                    ^^^^^^^^^^^^^^^^^^^^^^
  File "C:\Users\LENOVO\Documents\CoinSeer\venv\Lib\site-packages\telegram\request\_httpxrequest.py", line 297, in do_request
    raise NetworkError(f"httpx.{err.__class__.__name__}: {err}") from err
telegram.error.NetworkError: httpx.ConnectError: [Errno 11001] getaddrinfo failed
2025-07-28 13:05:32,493 - telegram.ext.Application - ERROR - No error handlers are registered, logging exception.
Traceback (most recent call last):
  File "C:\Users\LENOVO\Documents\CoinSeer\venv\Lib\site-packages\httpx\_transports\default.py", line 101, in map_httpcore_exceptions
    yield
  File "C:\Users\LENOVO\Documents\CoinSeer\venv\Lib\site-packages\httpx\_transports\default.py", line 394, in handle_async_request
    resp = await self._pool.handle_async_request(req)
           ^^^^^^^^^^^^^^^^^^^^^^^^^^^^^^^^^^^^^^^^^^
  File "C:\Users\LENOVO\Documents\CoinSeer\venv\Lib\site-packages\httpcore\_async\connection_pool.py", line 256, in handle_async_request
    raise exc from None
  File "C:\Users\LENOVO\Documents\CoinSeer\venv\Lib\site-packages\httpcore\_async\connection_pool.py", line 236, in handle_async_request
    response = await connection.handle_async_request(
               ^^^^^^^^^^^^^^^^^^^^^^^^^^^^^^^^^^^^^^
  File "C:\Users\LENOVO\Documents\CoinSeer\venv\Lib\site-packages\httpcore\_async\connection.py", line 101, in handle_async_request
    raise exc
  File "C:\Users\LENOVO\Documents\CoinSeer\venv\Lib\site-packages\httpcore\_async\connection.py", line 78, in handle_async_request
    stream = await self._connect(request)
             ^^^^^^^^^^^^^^^^^^^^^^^^^^^^
  File "C:\Users\LENOVO\Documents\CoinSeer\venv\Lib\site-packages\httpcore\_async\connection.py", line 124, in _connect
    stream = await self._network_backend.connect_tcp(**kwargs)
             ^^^^^^^^^^^^^^^^^^^^^^^^^^^^^^^^^^^^^^^^^^^^^^^^^
  File "C:\Users\LENOVO\Documents\CoinSeer\venv\Lib\site-packages\httpcore\_backends\auto.py", line 31, in connect_tcp
    return await self._backend.connect_tcp(
           ^^^^^^^^^^^^^^^^^^^^^^^^^^^^^^^^
  File "C:\Users\LENOVO\Documents\CoinSeer\venv\Lib\site-packages\httpcore\_backends\anyio.py", line 113, in connect_tcp
    with map_exceptions(exc_map):
         ^^^^^^^^^^^^^^^^^^^^^^^
  File "C:\Program Files\WindowsApps\PythonSoftwareFoundation.Python.3.12_3.12.2800.0_x64__qbz5n2kfra8p0\Lib\contextlib.py", line 158, in __exit__
    self.gen.throw(value)
  File "C:\Users\LENOVO\Documents\CoinSeer\venv\Lib\site-packages\httpcore\_exceptions.py", line 14, in map_exceptions
    raise to_exc(exc) from exc
httpcore.ConnectError: [Errno 11001] getaddrinfo failed

The above exception was the direct cause of the following exception:

Traceback (most recent call last):
  File "C:\Users\LENOVO\Documents\CoinSeer\venv\Lib\site-packages\telegram\request\_httpxrequest.py", line 273, in do_request
    res = await self._client.request(
          ^^^^^^^^^^^^^^^^^^^^^^^^^^^
  File "C:\Users\LENOVO\Documents\CoinSeer\venv\Lib\site-packages\httpx\_client.py", line 1540, in request
    return await self.send(request, auth=auth, follow_redirects=follow_redirects)
           ^^^^^^^^^^^^^^^^^^^^^^^^^^^^^^^^^^^^^^^^^^^^^^^^^^^^^^^^^^^^^^^^^^^^^^
  File "C:\Users\LENOVO\Documents\CoinSeer\venv\Lib\site-packages\httpx\_client.py", line 1629, in send
    response = await self._send_handling_auth(
               ^^^^^^^^^^^^^^^^^^^^^^^^^^^^^^^
  File "C:\Users\LENOVO\Documents\CoinSeer\venv\Lib\site-packages\httpx\_client.py", line 1657, in _send_handling_auth
    response = await self._send_handling_redirects(
               ^^^^^^^^^^^^^^^^^^^^^^^^^^^^^^^^^^^^
  File "C:\Users\LENOVO\Documents\CoinSeer\venv\Lib\site-packages\httpx\_client.py", line 1694, in _send_handling_redirects
    response = await self._send_single_request(request)
               ^^^^^^^^^^^^^^^^^^^^^^^^^^^^^^^^^^^^^^^^
  File "C:\Users\LENOVO\Documents\CoinSeer\venv\Lib\site-packages\httpx\_client.py", line 1730, in _send_single_request
    response = await transport.handle_async_request(request)
               ^^^^^^^^^^^^^^^^^^^^^^^^^^^^^^^^^^^^^^^^^^^^^
  File "C:\Users\LENOVO\Documents\CoinSeer\venv\Lib\site-packages\httpx\_transports\default.py", line 393, in handle_async_request
    with map_httpcore_exceptions():
         ^^^^^^^^^^^^^^^^^^^^^^^^^
  File "C:\Program Files\WindowsApps\PythonSoftwareFoundation.Python.3.12_3.12.2800.0_x64__qbz5n2kfra8p0\Lib\contextlib.py", line 158, in __exit__
    self.gen.throw(value)
  File "C:\Users\LENOVO\Documents\CoinSeer\venv\Lib\site-packages\httpx\_transports\default.py", line 118, in map_httpcore_exceptions
    raise mapped_exc(message) from exc
httpx.ConnectError: [Errno 11001] getaddrinfo failed

The above exception was the direct cause of the following exception:

Traceback (most recent call last):
  File "C:\Users\LENOVO\Documents\CoinSeer\venv\Lib\site-packages\telegram\ext\_utils\networkloop.py", line 115, in network_retry_loop
    if not await do_action():
           ^^^^^^^^^^^^^^^^^
  File "C:\Users\LENOVO\Documents\CoinSeer\venv\Lib\site-packages\telegram\ext\_utils\networkloop.py", line 108, in do_action
    return action_cb_task.result()
           ^^^^^^^^^^^^^^^^^^^^^^^
  File "C:\Users\LENOVO\Documents\CoinSeer\venv\Lib\site-packages\telegram\ext\_updater.py", line 335, in polling_action_cb
    updates = await self.bot.get_updates(
              ^^^^^^^^^^^^^^^^^^^^^^^^^^^
  File "C:\Users\LENOVO\Documents\CoinSeer\venv\Lib\site-packages\telegram\ext\_extbot.py", line 669, in get_updates
    updates = await super().get_updates(
              ^^^^^^^^^^^^^^^^^^^^^^^^^^
  File "C:\Users\LENOVO\Documents\CoinSeer\venv\Lib\site-packages\telegram\_bot.py", line 4601, in get_updates
    await self._post(
  File "C:\Users\LENOVO\Documents\CoinSeer\venv\Lib\site-packages\telegram\_bot.py", line 697, in _post
    return await self._do_post(
           ^^^^^^^^^^^^^^^^^^^^
  File "C:\Users\LENOVO\Documents\CoinSeer\venv\Lib\site-packages\telegram\ext\_extbot.py", line 369, in _do_post
    return await super()._do_post(
           ^^^^^^^^^^^^^^^^^^^^^^^
  File "C:\Users\LENOVO\Documents\CoinSeer\venv\Lib\site-packages\telegram\_bot.py", line 726, in _do_post
    result = await request.post(
             ^^^^^^^^^^^^^^^^^^^
  File "C:\Users\LENOVO\Documents\CoinSeer\venv\Lib\site-packages\telegram\request\_baserequest.py", line 197, in post
    result = await self._request_wrapper(
             ^^^^^^^^^^^^^^^^^^^^^^^^^^^^
  File "C:\Users\LENOVO\Documents\CoinSeer\venv\Lib\site-packages\telegram\request\_baserequest.py", line 304, in _request_wrapper
    code, payload = await self.do_request(
                    ^^^^^^^^^^^^^^^^^^^^^^
  File "C:\Users\LENOVO\Documents\CoinSeer\venv\Lib\site-packages\telegram\request\_httpxrequest.py", line 297, in do_request
    raise NetworkError(f"httpx.{err.__class__.__name__}: {err}") from err
telegram.error.NetworkError: httpx.ConnectError: [Errno 11001] getaddrinfo failed
2025-07-28 13:05:37,575 - telegram.ext.Application - ERROR - No error handlers are registered, logging exception.
Traceback (most recent call last):
  File "C:\Users\LENOVO\Documents\CoinSeer\venv\Lib\site-packages\httpx\_transports\default.py", line 101, in map_httpcore_exceptions
    yield
  File "C:\Users\LENOVO\Documents\CoinSeer\venv\Lib\site-packages\httpx\_transports\default.py", line 394, in handle_async_request
    resp = await self._pool.handle_async_request(req)
           ^^^^^^^^^^^^^^^^^^^^^^^^^^^^^^^^^^^^^^^^^^
  File "C:\Users\LENOVO\Documents\CoinSeer\venv\Lib\site-packages\httpcore\_async\connection_pool.py", line 256, in handle_async_request
    raise exc from None
  File "C:\Users\LENOVO\Documents\CoinSeer\venv\Lib\site-packages\httpcore\_async\connection_pool.py", line 236, in handle_async_request
    response = await connection.handle_async_request(
               ^^^^^^^^^^^^^^^^^^^^^^^^^^^^^^^^^^^^^^
  File "C:\Users\LENOVO\Documents\CoinSeer\venv\Lib\site-packages\httpcore\_async\connection.py", line 101, in handle_async_request
    raise exc
  File "C:\Users\LENOVO\Documents\CoinSeer\venv\Lib\site-packages\httpcore\_async\connection.py", line 78, in handle_async_request
    stream = await self._connect(request)
             ^^^^^^^^^^^^^^^^^^^^^^^^^^^^
  File "C:\Users\LENOVO\Documents\CoinSeer\venv\Lib\site-packages\httpcore\_async\connection.py", line 124, in _connect
    stream = await self._network_backend.connect_tcp(**kwargs)
             ^^^^^^^^^^^^^^^^^^^^^^^^^^^^^^^^^^^^^^^^^^^^^^^^^
  File "C:\Users\LENOVO\Documents\CoinSeer\venv\Lib\site-packages\httpcore\_backends\auto.py", line 31, in connect_tcp
    return await self._backend.connect_tcp(
           ^^^^^^^^^^^^^^^^^^^^^^^^^^^^^^^^
  File "C:\Users\LENOVO\Documents\CoinSeer\venv\Lib\site-packages\httpcore\_backends\anyio.py", line 113, in connect_tcp
    with map_exceptions(exc_map):
         ^^^^^^^^^^^^^^^^^^^^^^^
  File "C:\Program Files\WindowsApps\PythonSoftwareFoundation.Python.3.12_3.12.2800.0_x64__qbz5n2kfra8p0\Lib\contextlib.py", line 158, in __exit__
    self.gen.throw(value)
  File "C:\Users\LENOVO\Documents\CoinSeer\venv\Lib\site-packages\httpcore\_exceptions.py", line 14, in map_exceptions
    raise to_exc(exc) from exc
httpcore.ConnectError: [Errno 11001] getaddrinfo failed

The above exception was the direct cause of the following exception:

Traceback (most recent call last):
  File "C:\Users\LENOVO\Documents\CoinSeer\venv\Lib\site-packages\telegram\request\_httpxrequest.py", line 273, in do_request
    res = await self._client.request(
          ^^^^^^^^^^^^^^^^^^^^^^^^^^^
  File "C:\Users\LENOVO\Documents\CoinSeer\venv\Lib\site-packages\httpx\_client.py", line 1540, in request
    return await self.send(request, auth=auth, follow_redirects=follow_redirects)
           ^^^^^^^^^^^^^^^^^^^^^^^^^^^^^^^^^^^^^^^^^^^^^^^^^^^^^^^^^^^^^^^^^^^^^^
  File "C:\Users\LENOVO\Documents\CoinSeer\venv\Lib\site-packages\httpx\_client.py", line 1629, in send
    response = await self._send_handling_auth(
               ^^^^^^^^^^^^^^^^^^^^^^^^^^^^^^^
  File "C:\Users\LENOVO\Documents\CoinSeer\venv\Lib\site-packages\httpx\_client.py", line 1657, in _send_handling_auth
    response = await self._send_handling_redirects(
               ^^^^^^^^^^^^^^^^^^^^^^^^^^^^^^^^^^^^
  File "C:\Users\LENOVO\Documents\CoinSeer\venv\Lib\site-packages\httpx\_client.py", line 1694, in _send_handling_redirects
    response = await self._send_single_request(request)
               ^^^^^^^^^^^^^^^^^^^^^^^^^^^^^^^^^^^^^^^^
  File "C:\Users\LENOVO\Documents\CoinSeer\venv\Lib\site-packages\httpx\_client.py", line 1730, in _send_single_request
    response = await transport.handle_async_request(request)
               ^^^^^^^^^^^^^^^^^^^^^^^^^^^^^^^^^^^^^^^^^^^^^
  File "C:\Users\LENOVO\Documents\CoinSeer\venv\Lib\site-packages\httpx\_transports\default.py", line 393, in handle_async_request
    with map_httpcore_exceptions():
         ^^^^^^^^^^^^^^^^^^^^^^^^^
  File "C:\Program Files\WindowsApps\PythonSoftwareFoundation.Python.3.12_3.12.2800.0_x64__qbz5n2kfra8p0\Lib\contextlib.py", line 158, in __exit__
    self.gen.throw(value)
  File "C:\Users\LENOVO\Documents\CoinSeer\venv\Lib\site-packages\httpx\_transports\default.py", line 118, in map_httpcore_exceptions
    raise mapped_exc(message) from exc
httpx.ConnectError: [Errno 11001] getaddrinfo failed

The above exception was the direct cause of the following exception:

Traceback (most recent call last):
  File "C:\Users\LENOVO\Documents\CoinSeer\venv\Lib\site-packages\telegram\ext\_utils\networkloop.py", line 115, in network_retry_loop
    if not await do_action():
           ^^^^^^^^^^^^^^^^^
  File "C:\Users\LENOVO\Documents\CoinSeer\venv\Lib\site-packages\telegram\ext\_utils\networkloop.py", line 108, in do_action
    return action_cb_task.result()
           ^^^^^^^^^^^^^^^^^^^^^^^
  File "C:\Users\LENOVO\Documents\CoinSeer\venv\Lib\site-packages\telegram\ext\_updater.py", line 335, in polling_action_cb
    updates = await self.bot.get_updates(
              ^^^^^^^^^^^^^^^^^^^^^^^^^^^
  File "C:\Users\LENOVO\Documents\CoinSeer\venv\Lib\site-packages\telegram\ext\_extbot.py", line 669, in get_updates
    updates = await super().get_updates(
              ^^^^^^^^^^^^^^^^^^^^^^^^^^
  File "C:\Users\LENOVO\Documents\CoinSeer\venv\Lib\site-packages\telegram\_bot.py", line 4601, in get_updates
    await self._post(
  File "C:\Users\LENOVO\Documents\CoinSeer\venv\Lib\site-packages\telegram\_bot.py", line 697, in _post
    return await self._do_post(
           ^^^^^^^^^^^^^^^^^^^^
  File "C:\Users\LENOVO\Documents\CoinSeer\venv\Lib\site-packages\telegram\ext\_extbot.py", line 369, in _do_post
    return await super()._do_post(
           ^^^^^^^^^^^^^^^^^^^^^^^
  File "C:\Users\LENOVO\Documents\CoinSeer\venv\Lib\site-packages\telegram\_bot.py", line 726, in _do_post
    result = await request.post(
             ^^^^^^^^^^^^^^^^^^^
  File "C:\Users\LENOVO\Documents\CoinSeer\venv\Lib\site-packages\telegram\request\_baserequest.py", line 197, in post
    result = await self._request_wrapper(
             ^^^^^^^^^^^^^^^^^^^^^^^^^^^^
  File "C:\Users\LENOVO\Documents\CoinSeer\venv\Lib\site-packages\telegram\request\_baserequest.py", line 304, in _request_wrapper
    code, payload = await self.do_request(
                    ^^^^^^^^^^^^^^^^^^^^^^
  File "C:\Users\LENOVO\Documents\CoinSeer\venv\Lib\site-packages\telegram\request\_httpxrequest.py", line 297, in do_request
    raise NetworkError(f"httpx.{err.__class__.__name__}: {err}") from err
telegram.error.NetworkError: httpx.ConnectError: [Errno 11001] getaddrinfo failed
2025-07-28 13:05:45,184 - telegram.ext.Application - ERROR - No error handlers are registered, logging exception.
Traceback (most recent call last):
  File "C:\Users\LENOVO\Documents\CoinSeer\venv\Lib\site-packages\httpx\_transports\default.py", line 101, in map_httpcore_exceptions
    yield
  File "C:\Users\LENOVO\Documents\CoinSeer\venv\Lib\site-packages\httpx\_transports\default.py", line 394, in handle_async_request
    resp = await self._pool.handle_async_request(req)
           ^^^^^^^^^^^^^^^^^^^^^^^^^^^^^^^^^^^^^^^^^^
  File "C:\Users\LENOVO\Documents\CoinSeer\venv\Lib\site-packages\httpcore\_async\connection_pool.py", line 256, in handle_async_request
    raise exc from None
  File "C:\Users\LENOVO\Documents\CoinSeer\venv\Lib\site-packages\httpcore\_async\connection_pool.py", line 236, in handle_async_request
    response = await connection.handle_async_request(
               ^^^^^^^^^^^^^^^^^^^^^^^^^^^^^^^^^^^^^^
  File "C:\Users\LENOVO\Documents\CoinSeer\venv\Lib\site-packages\httpcore\_async\connection.py", line 101, in handle_async_request
    raise exc
  File "C:\Users\LENOVO\Documents\CoinSeer\venv\Lib\site-packages\httpcore\_async\connection.py", line 78, in handle_async_request
    stream = await self._connect(request)
             ^^^^^^^^^^^^^^^^^^^^^^^^^^^^
  File "C:\Users\LENOVO\Documents\CoinSeer\venv\Lib\site-packages\httpcore\_async\connection.py", line 124, in _connect
    stream = await self._network_backend.connect_tcp(**kwargs)
             ^^^^^^^^^^^^^^^^^^^^^^^^^^^^^^^^^^^^^^^^^^^^^^^^^
  File "C:\Users\LENOVO\Documents\CoinSeer\venv\Lib\site-packages\httpcore\_backends\auto.py", line 31, in connect_tcp
    return await self._backend.connect_tcp(
           ^^^^^^^^^^^^^^^^^^^^^^^^^^^^^^^^
  File "C:\Users\LENOVO\Documents\CoinSeer\venv\Lib\site-packages\httpcore\_backends\anyio.py", line 113, in connect_tcp
    with map_exceptions(exc_map):
         ^^^^^^^^^^^^^^^^^^^^^^^
  File "C:\Program Files\WindowsApps\PythonSoftwareFoundation.Python.3.12_3.12.2800.0_x64__qbz5n2kfra8p0\Lib\contextlib.py", line 158, in __exit__
    self.gen.throw(value)
  File "C:\Users\LENOVO\Documents\CoinSeer\venv\Lib\site-packages\httpcore\_exceptions.py", line 14, in map_exceptions
    raise to_exc(exc) from exc
httpcore.ConnectError: [Errno 11001] getaddrinfo failed

The above exception was the direct cause of the following exception:

Traceback (most recent call last):
  File "C:\Users\LENOVO\Documents\CoinSeer\venv\Lib\site-packages\telegram\request\_httpxrequest.py", line 273, in do_request
    res = await self._client.request(
          ^^^^^^^^^^^^^^^^^^^^^^^^^^^
  File "C:\Users\LENOVO\Documents\CoinSeer\venv\Lib\site-packages\httpx\_client.py", line 1540, in request
    return await self.send(request, auth=auth, follow_redirects=follow_redirects)
           ^^^^^^^^^^^^^^^^^^^^^^^^^^^^^^^^^^^^^^^^^^^^^^^^^^^^^^^^^^^^^^^^^^^^^^
  File "C:\Users\LENOVO\Documents\CoinSeer\venv\Lib\site-packages\httpx\_client.py", line 1629, in send
    response = await self._send_handling_auth(
               ^^^^^^^^^^^^^^^^^^^^^^^^^^^^^^^
  File "C:\Users\LENOVO\Documents\CoinSeer\venv\Lib\site-packages\httpx\_client.py", line 1657, in _send_handling_auth
    response = await self._send_handling_redirects(
               ^^^^^^^^^^^^^^^^^^^^^^^^^^^^^^^^^^^^
  File "C:\Users\LENOVO\Documents\CoinSeer\venv\Lib\site-packages\httpx\_client.py", line 1694, in _send_handling_redirects
    response = await self._send_single_request(request)
               ^^^^^^^^^^^^^^^^^^^^^^^^^^^^^^^^^^^^^^^^
  File "C:\Users\LENOVO\Documents\CoinSeer\venv\Lib\site-packages\httpx\_client.py", line 1730, in _send_single_request
    response = await transport.handle_async_request(request)
               ^^^^^^^^^^^^^^^^^^^^^^^^^^^^^^^^^^^^^^^^^^^^^
  File "C:\Users\LENOVO\Documents\CoinSeer\venv\Lib\site-packages\httpx\_transports\default.py", line 393, in handle_async_request
    with map_httpcore_exceptions():
         ^^^^^^^^^^^^^^^^^^^^^^^^^
  File "C:\Program Files\WindowsApps\PythonSoftwareFoundation.Python.3.12_3.12.2800.0_x64__qbz5n2kfra8p0\Lib\contextlib.py", line 158, in __exit__
    self.gen.throw(value)
  File "C:\Users\LENOVO\Documents\CoinSeer\venv\Lib\site-packages\httpx\_transports\default.py", line 118, in map_httpcore_exceptions
    raise mapped_exc(message) from exc
httpx.ConnectError: [Errno 11001] getaddrinfo failed

The above exception was the direct cause of the following exception:

Traceback (most recent call last):
  File "C:\Users\LENOVO\Documents\CoinSeer\venv\Lib\site-packages\telegram\ext\_utils\networkloop.py", line 115, in network_retry_loop
    if not await do_action():
           ^^^^^^^^^^^^^^^^^
  File "C:\Users\LENOVO\Documents\CoinSeer\venv\Lib\site-packages\telegram\ext\_utils\networkloop.py", line 108, in do_action
    return action_cb_task.result()
           ^^^^^^^^^^^^^^^^^^^^^^^
  File "C:\Users\LENOVO\Documents\CoinSeer\venv\Lib\site-packages\telegram\ext\_updater.py", line 335, in polling_action_cb
    updates = await self.bot.get_updates(
              ^^^^^^^^^^^^^^^^^^^^^^^^^^^
  File "C:\Users\LENOVO\Documents\CoinSeer\venv\Lib\site-packages\telegram\ext\_extbot.py", line 669, in get_updates
    updates = await super().get_updates(
              ^^^^^^^^^^^^^^^^^^^^^^^^^^
  File "C:\Users\LENOVO\Documents\CoinSeer\venv\Lib\site-packages\telegram\_bot.py", line 4601, in get_updates
    await self._post(
  File "C:\Users\LENOVO\Documents\CoinSeer\venv\Lib\site-packages\telegram\_bot.py", line 697, in _post
    return await self._do_post(
           ^^^^^^^^^^^^^^^^^^^^
  File "C:\Users\LENOVO\Documents\CoinSeer\venv\Lib\site-packages\telegram\ext\_extbot.py", line 369, in _do_post
    return await super()._do_post(
           ^^^^^^^^^^^^^^^^^^^^^^^
  File "C:\Users\LENOVO\Documents\CoinSeer\venv\Lib\site-packages\telegram\_bot.py", line 726, in _do_post
    result = await request.post(
             ^^^^^^^^^^^^^^^^^^^
  File "C:\Users\LENOVO\Documents\CoinSeer\venv\Lib\site-packages\telegram\request\_baserequest.py", line 197, in post
    result = await self._request_wrapper(
             ^^^^^^^^^^^^^^^^^^^^^^^^^^^^
  File "C:\Users\LENOVO\Documents\CoinSeer\venv\Lib\site-packages\telegram\request\_baserequest.py", line 304, in _request_wrapper
    code, payload = await self.do_request(
                    ^^^^^^^^^^^^^^^^^^^^^^
  File "C:\Users\LENOVO\Documents\CoinSeer\venv\Lib\site-packages\telegram\request\_httpxrequest.py", line 297, in do_request
    raise NetworkError(f"httpx.{err.__class__.__name__}: {err}") from err
telegram.error.NetworkError: httpx.ConnectError: [Errno 11001] getaddrinfo failed
2025-07-28 13:05:46,147 - apscheduler.executors.default - INFO - Running job "check_price_alerts (trigger: interval[0:01:00], next run at: 2025-07-28 12:06:46 UTC)" (scheduled at 2025-07-28 12:05:46.130707+00:00)
2025-07-28 13:05:46,153 - apscheduler.executors.default - INFO - Job "check_price_alerts (trigger: interval[0:01:00], next run at: 2025-07-28 12:06:46 UTC)" executed successfully
2025-07-28 13:05:46,157 - apscheduler.executors.default - INFO - Running job "check_volume_alerts (trigger: interval[0:05:00], next run at: 2025-07-28 12:10:46 UTC)" (scheduled at 2025-07-28 12:05:46.153148+00:00)
2025-07-28 13:05:46,160 - apscheduler.executors.default - INFO - Job "check_volume_alerts (trigger: interval[0:05:00], next run at: 2025-07-28 12:10:46 UTC)" executed successfully
2025-07-28 13:05:56,598 - telegram.ext.Application - ERROR - No error handlers are registered, logging exception.
Traceback (most recent call last):
  File "C:\Users\LENOVO\Documents\CoinSeer\venv\Lib\site-packages\httpx\_transports\default.py", line 101, in map_httpcore_exceptions
    yield
  File "C:\Users\LENOVO\Documents\CoinSeer\venv\Lib\site-packages\httpx\_transports\default.py", line 394, in handle_async_request
    resp = await self._pool.handle_async_request(req)
           ^^^^^^^^^^^^^^^^^^^^^^^^^^^^^^^^^^^^^^^^^^
  File "C:\Users\LENOVO\Documents\CoinSeer\venv\Lib\site-packages\httpcore\_async\connection_pool.py", line 256, in handle_async_request
    raise exc from None
  File "C:\Users\LENOVO\Documents\CoinSeer\venv\Lib\site-packages\httpcore\_async\connection_pool.py", line 236, in handle_async_request
    response = await connection.handle_async_request(
               ^^^^^^^^^^^^^^^^^^^^^^^^^^^^^^^^^^^^^^
  File "C:\Users\LENOVO\Documents\CoinSeer\venv\Lib\site-packages\httpcore\_async\connection.py", line 101, in handle_async_request
    raise exc
  File "C:\Users\LENOVO\Documents\CoinSeer\venv\Lib\site-packages\httpcore\_async\connection.py", line 78, in handle_async_request
    stream = await self._connect(request)
             ^^^^^^^^^^^^^^^^^^^^^^^^^^^^
  File "C:\Users\LENOVO\Documents\CoinSeer\venv\Lib\site-packages\httpcore\_async\connection.py", line 124, in _connect
    stream = await self._network_backend.connect_tcp(**kwargs)
             ^^^^^^^^^^^^^^^^^^^^^^^^^^^^^^^^^^^^^^^^^^^^^^^^^
  File "C:\Users\LENOVO\Documents\CoinSeer\venv\Lib\site-packages\httpcore\_backends\auto.py", line 31, in connect_tcp
    return await self._backend.connect_tcp(
           ^^^^^^^^^^^^^^^^^^^^^^^^^^^^^^^^
  File "C:\Users\LENOVO\Documents\CoinSeer\venv\Lib\site-packages\httpcore\_backends\anyio.py", line 113, in connect_tcp
    with map_exceptions(exc_map):
         ^^^^^^^^^^^^^^^^^^^^^^^
  File "C:\Program Files\WindowsApps\PythonSoftwareFoundation.Python.3.12_3.12.2800.0_x64__qbz5n2kfra8p0\Lib\contextlib.py", line 158, in __exit__
    self.gen.throw(value)
  File "C:\Users\LENOVO\Documents\CoinSeer\venv\Lib\site-packages\httpcore\_exceptions.py", line 14, in map_exceptions
    raise to_exc(exc) from exc
httpcore.ConnectError: [Errno 11001] getaddrinfo failed

The above exception was the direct cause of the following exception:

Traceback (most recent call last):
  File "C:\Users\LENOVO\Documents\CoinSeer\venv\Lib\site-packages\telegram\request\_httpxrequest.py", line 273, in do_request
    res = await self._client.request(
          ^^^^^^^^^^^^^^^^^^^^^^^^^^^
  File "C:\Users\LENOVO\Documents\CoinSeer\venv\Lib\site-packages\httpx\_client.py", line 1540, in request
    return await self.send(request, auth=auth, follow_redirects=follow_redirects)
           ^^^^^^^^^^^^^^^^^^^^^^^^^^^^^^^^^^^^^^^^^^^^^^^^^^^^^^^^^^^^^^^^^^^^^^
  File "C:\Users\LENOVO\Documents\CoinSeer\venv\Lib\site-packages\httpx\_client.py", line 1629, in send
    response = await self._send_handling_auth(
               ^^^^^^^^^^^^^^^^^^^^^^^^^^^^^^^
  File "C:\Users\LENOVO\Documents\CoinSeer\venv\Lib\site-packages\httpx\_client.py", line 1657, in _send_handling_auth
    response = await self._send_handling_redirects(
               ^^^^^^^^^^^^^^^^^^^^^^^^^^^^^^^^^^^^
  File "C:\Users\LENOVO\Documents\CoinSeer\venv\Lib\site-packages\httpx\_client.py", line 1694, in _send_handling_redirects
    response = await self._send_single_request(request)
               ^^^^^^^^^^^^^^^^^^^^^^^^^^^^^^^^^^^^^^^^
  File "C:\Users\LENOVO\Documents\CoinSeer\venv\Lib\site-packages\httpx\_client.py", line 1730, in _send_single_request
    response = await transport.handle_async_request(request)
               ^^^^^^^^^^^^^^^^^^^^^^^^^^^^^^^^^^^^^^^^^^^^^
  File "C:\Users\LENOVO\Documents\CoinSeer\venv\Lib\site-packages\httpx\_transports\default.py", line 393, in handle_async_request
    with map_httpcore_exceptions():
         ^^^^^^^^^^^^^^^^^^^^^^^^^
  File "C:\Program Files\WindowsApps\PythonSoftwareFoundation.Python.3.12_3.12.2800.0_x64__qbz5n2kfra8p0\Lib\contextlib.py", line 158, in __exit__
    self.gen.throw(value)
  File "C:\Users\LENOVO\Documents\CoinSeer\venv\Lib\site-packages\httpx\_transports\default.py", line 118, in map_httpcore_exceptions
    raise mapped_exc(message) from exc
httpx.ConnectError: [Errno 11001] getaddrinfo failed

The above exception was the direct cause of the following exception:

Traceback (most recent call last):
  File "C:\Users\LENOVO\Documents\CoinSeer\venv\Lib\site-packages\telegram\ext\_utils\networkloop.py", line 115, in network_retry_loop
    if not await do_action():
           ^^^^^^^^^^^^^^^^^
  File "C:\Users\LENOVO\Documents\CoinSeer\venv\Lib\site-packages\telegram\ext\_utils\networkloop.py", line 108, in do_action
    return action_cb_task.result()
           ^^^^^^^^^^^^^^^^^^^^^^^
  File "C:\Users\LENOVO\Documents\CoinSeer\venv\Lib\site-packages\telegram\ext\_updater.py", line 335, in polling_action_cb
    updates = await self.bot.get_updates(
              ^^^^^^^^^^^^^^^^^^^^^^^^^^^
  File "C:\Users\LENOVO\Documents\CoinSeer\venv\Lib\site-packages\telegram\ext\_extbot.py", line 669, in get_updates
    updates = await super().get_updates(
              ^^^^^^^^^^^^^^^^^^^^^^^^^^
  File "C:\Users\LENOVO\Documents\CoinSeer\venv\Lib\site-packages\telegram\_bot.py", line 4601, in get_updates
    await self._post(
  File "C:\Users\LENOVO\Documents\CoinSeer\venv\Lib\site-packages\telegram\_bot.py", line 697, in _post
    return await self._do_post(
           ^^^^^^^^^^^^^^^^^^^^
  File "C:\Users\LENOVO\Documents\CoinSeer\venv\Lib\site-packages\telegram\ext\_extbot.py", line 369, in _do_post
    return await super()._do_post(
           ^^^^^^^^^^^^^^^^^^^^^^^
  File "C:\Users\LENOVO\Documents\CoinSeer\venv\Lib\site-packages\telegram\_bot.py", line 726, in _do_post
    result = await request.post(
             ^^^^^^^^^^^^^^^^^^^
  File "C:\Users\LENOVO\Documents\CoinSeer\venv\Lib\site-packages\telegram\request\_baserequest.py", line 197, in post
    result = await self._request_wrapper(
             ^^^^^^^^^^^^^^^^^^^^^^^^^^^^
  File "C:\Users\LENOVO\Documents\CoinSeer\venv\Lib\site-packages\telegram\request\_baserequest.py", line 304, in _request_wrapper
    code, payload = await self.do_request(
                    ^^^^^^^^^^^^^^^^^^^^^^
  File "C:\Users\LENOVO\Documents\CoinSeer\venv\Lib\site-packages\telegram\request\_httpxrequest.py", line 297, in do_request
    raise NetworkError(f"httpx.{err.__class__.__name__}: {err}") from err
telegram.error.NetworkError: httpx.ConnectError: [Errno 11001] getaddrinfo failed
2025-07-28 13:06:13,689 - telegram.ext.Application - ERROR - No error handlers are registered, logging exception.
Traceback (most recent call last):
  File "C:\Users\LENOVO\Documents\CoinSeer\venv\Lib\site-packages\httpx\_transports\default.py", line 101, in map_httpcore_exceptions
    yield
  File "C:\Users\LENOVO\Documents\CoinSeer\venv\Lib\site-packages\httpx\_transports\default.py", line 394, in handle_async_request
    resp = await self._pool.handle_async_request(req)
           ^^^^^^^^^^^^^^^^^^^^^^^^^^^^^^^^^^^^^^^^^^
  File "C:\Users\LENOVO\Documents\CoinSeer\venv\Lib\site-packages\httpcore\_async\connection_pool.py", line 256, in handle_async_request
    raise exc from None
  File "C:\Users\LENOVO\Documents\CoinSeer\venv\Lib\site-packages\httpcore\_async\connection_pool.py", line 236, in handle_async_request
    response = await connection.handle_async_request(
               ^^^^^^^^^^^^^^^^^^^^^^^^^^^^^^^^^^^^^^
  File "C:\Users\LENOVO\Documents\CoinSeer\venv\Lib\site-packages\httpcore\_async\connection.py", line 101, in handle_async_request
    raise exc
  File "C:\Users\LENOVO\Documents\CoinSeer\venv\Lib\site-packages\httpcore\_async\connection.py", line 78, in handle_async_request
    stream = await self._connect(request)
             ^^^^^^^^^^^^^^^^^^^^^^^^^^^^
  File "C:\Users\LENOVO\Documents\CoinSeer\venv\Lib\site-packages\httpcore\_async\connection.py", line 124, in _connect
    stream = await self._network_backend.connect_tcp(**kwargs)
             ^^^^^^^^^^^^^^^^^^^^^^^^^^^^^^^^^^^^^^^^^^^^^^^^^
  File "C:\Users\LENOVO\Documents\CoinSeer\venv\Lib\site-packages\httpcore\_backends\auto.py", line 31, in connect_tcp
    return await self._backend.connect_tcp(
           ^^^^^^^^^^^^^^^^^^^^^^^^^^^^^^^^
  File "C:\Users\LENOVO\Documents\CoinSeer\venv\Lib\site-packages\httpcore\_backends\anyio.py", line 113, in connect_tcp
    with map_exceptions(exc_map):
         ^^^^^^^^^^^^^^^^^^^^^^^
  File "C:\Program Files\WindowsApps\PythonSoftwareFoundation.Python.3.12_3.12.2800.0_x64__qbz5n2kfra8p0\Lib\contextlib.py", line 158, in __exit__
    self.gen.throw(value)
  File "C:\Users\LENOVO\Documents\CoinSeer\venv\Lib\site-packages\httpcore\_exceptions.py", line 14, in map_exceptions
    raise to_exc(exc) from exc
httpcore.ConnectError: [Errno 11001] getaddrinfo failed

The above exception was the direct cause of the following exception:

Traceback (most recent call last):
  File "C:\Users\LENOVO\Documents\CoinSeer\venv\Lib\site-packages\telegram\request\_httpxrequest.py", line 273, in do_request
    res = await self._client.request(
          ^^^^^^^^^^^^^^^^^^^^^^^^^^^
  File "C:\Users\LENOVO\Documents\CoinSeer\venv\Lib\site-packages\httpx\_client.py", line 1540, in request
    return await self.send(request, auth=auth, follow_redirects=follow_redirects)
           ^^^^^^^^^^^^^^^^^^^^^^^^^^^^^^^^^^^^^^^^^^^^^^^^^^^^^^^^^^^^^^^^^^^^^^
  File "C:\Users\LENOVO\Documents\CoinSeer\venv\Lib\site-packages\httpx\_client.py", line 1629, in send
    response = await self._send_handling_auth(
               ^^^^^^^^^^^^^^^^^^^^^^^^^^^^^^^
  File "C:\Users\LENOVO\Documents\CoinSeer\venv\Lib\site-packages\httpx\_client.py", line 1657, in _send_handling_auth
    response = await self._send_handling_redirects(
               ^^^^^^^^^^^^^^^^^^^^^^^^^^^^^^^^^^^^
  File "C:\Users\LENOVO\Documents\CoinSeer\venv\Lib\site-packages\httpx\_client.py", line 1694, in _send_handling_redirects
    response = await self._send_single_request(request)
               ^^^^^^^^^^^^^^^^^^^^^^^^^^^^^^^^^^^^^^^^
  File "C:\Users\LENOVO\Documents\CoinSeer\venv\Lib\site-packages\httpx\_client.py", line 1730, in _send_single_request
    response = await transport.handle_async_request(request)
               ^^^^^^^^^^^^^^^^^^^^^^^^^^^^^^^^^^^^^^^^^^^^^
  File "C:\Users\LENOVO\Documents\CoinSeer\venv\Lib\site-packages\httpx\_transports\default.py", line 393, in handle_async_request
    with map_httpcore_exceptions():
         ^^^^^^^^^^^^^^^^^^^^^^^^^
  File "C:\Program Files\WindowsApps\PythonSoftwareFoundation.Python.3.12_3.12.2800.0_x64__qbz5n2kfra8p0\Lib\contextlib.py", line 158, in __exit__
    self.gen.throw(value)
  File "C:\Users\LENOVO\Documents\CoinSeer\venv\Lib\site-packages\httpx\_transports\default.py", line 118, in map_httpcore_exceptions
    raise mapped_exc(message) from exc
httpx.ConnectError: [Errno 11001] getaddrinfo failed

The above exception was the direct cause of the following exception:

Traceback (most recent call last):
  File "C:\Users\LENOVO\Documents\CoinSeer\venv\Lib\site-packages\telegram\ext\_utils\networkloop.py", line 115, in network_retry_loop
    if not await do_action():
           ^^^^^^^^^^^^^^^^^
  File "C:\Users\LENOVO\Documents\CoinSeer\venv\Lib\site-packages\telegram\ext\_utils\networkloop.py", line 108, in do_action
    return action_cb_task.result()
           ^^^^^^^^^^^^^^^^^^^^^^^
  File "C:\Users\LENOVO\Documents\CoinSeer\venv\Lib\site-packages\telegram\ext\_updater.py", line 335, in polling_action_cb
    updates = await self.bot.get_updates(
              ^^^^^^^^^^^^^^^^^^^^^^^^^^^
  File "C:\Users\LENOVO\Documents\CoinSeer\venv\Lib\site-packages\telegram\ext\_extbot.py", line 669, in get_updates
    updates = await super().get_updates(
              ^^^^^^^^^^^^^^^^^^^^^^^^^^
  File "C:\Users\LENOVO\Documents\CoinSeer\venv\Lib\site-packages\telegram\_bot.py", line 4601, in get_updates
    await self._post(
  File "C:\Users\LENOVO\Documents\CoinSeer\venv\Lib\site-packages\telegram\_bot.py", line 697, in _post
    return await self._do_post(
           ^^^^^^^^^^^^^^^^^^^^
  File "C:\Users\LENOVO\Documents\CoinSeer\venv\Lib\site-packages\telegram\ext\_extbot.py", line 369, in _do_post
    return await super()._do_post(
           ^^^^^^^^^^^^^^^^^^^^^^^
  File "C:\Users\LENOVO\Documents\CoinSeer\venv\Lib\site-packages\telegram\_bot.py", line 726, in _do_post
    result = await request.post(
             ^^^^^^^^^^^^^^^^^^^
  File "C:\Users\LENOVO\Documents\CoinSeer\venv\Lib\site-packages\telegram\request\_baserequest.py", line 197, in post
    result = await self._request_wrapper(
             ^^^^^^^^^^^^^^^^^^^^^^^^^^^^
  File "C:\Users\LENOVO\Documents\CoinSeer\venv\Lib\site-packages\telegram\request\_baserequest.py", line 304, in _request_wrapper
    code, payload = await self.do_request(
                    ^^^^^^^^^^^^^^^^^^^^^^
  File "C:\Users\LENOVO\Documents\CoinSeer\venv\Lib\site-packages\telegram\request\_httpxrequest.py", line 297, in do_request
    raise NetworkError(f"httpx.{err.__class__.__name__}: {err}") from err
telegram.error.NetworkError: httpx.ConnectError: [Errno 11001] getaddrinfo failed
2025-07-28 13:06:39,333 - telegram.ext.Application - ERROR - No error handlers are registered, logging exception.
Traceback (most recent call last):
  File "C:\Users\LENOVO\Documents\CoinSeer\venv\Lib\site-packages\httpx\_transports\default.py", line 101, in map_httpcore_exceptions
    yield
  File "C:\Users\LENOVO\Documents\CoinSeer\venv\Lib\site-packages\httpx\_transports\default.py", line 394, in handle_async_request
    resp = await self._pool.handle_async_request(req)
           ^^^^^^^^^^^^^^^^^^^^^^^^^^^^^^^^^^^^^^^^^^
  File "C:\Users\LENOVO\Documents\CoinSeer\venv\Lib\site-packages\httpcore\_async\connection_pool.py", line 256, in handle_async_request
    raise exc from None
  File "C:\Users\LENOVO\Documents\CoinSeer\venv\Lib\site-packages\httpcore\_async\connection_pool.py", line 236, in handle_async_request
    response = await connection.handle_async_request(
               ^^^^^^^^^^^^^^^^^^^^^^^^^^^^^^^^^^^^^^
  File "C:\Users\LENOVO\Documents\CoinSeer\venv\Lib\site-packages\httpcore\_async\connection.py", line 101, in handle_async_request
    raise exc
  File "C:\Users\LENOVO\Documents\CoinSeer\venv\Lib\site-packages\httpcore\_async\connection.py", line 78, in handle_async_request
    stream = await self._connect(request)
             ^^^^^^^^^^^^^^^^^^^^^^^^^^^^
  File "C:\Users\LENOVO\Documents\CoinSeer\venv\Lib\site-packages\httpcore\_async\connection.py", line 124, in _connect
    stream = await self._network_backend.connect_tcp(**kwargs)
             ^^^^^^^^^^^^^^^^^^^^^^^^^^^^^^^^^^^^^^^^^^^^^^^^^
  File "C:\Users\LENOVO\Documents\CoinSeer\venv\Lib\site-packages\httpcore\_backends\auto.py", line 31, in connect_tcp
    return await self._backend.connect_tcp(
           ^^^^^^^^^^^^^^^^^^^^^^^^^^^^^^^^
  File "C:\Users\LENOVO\Documents\CoinSeer\venv\Lib\site-packages\httpcore\_backends\anyio.py", line 113, in connect_tcp
    with map_exceptions(exc_map):
         ^^^^^^^^^^^^^^^^^^^^^^^
  File "C:\Program Files\WindowsApps\PythonSoftwareFoundation.Python.3.12_3.12.2800.0_x64__qbz5n2kfra8p0\Lib\contextlib.py", line 158, in __exit__
    self.gen.throw(value)
  File "C:\Users\LENOVO\Documents\CoinSeer\venv\Lib\site-packages\httpcore\_exceptions.py", line 14, in map_exceptions
    raise to_exc(exc) from exc
httpcore.ConnectError: [Errno 11001] getaddrinfo failed

The above exception was the direct cause of the following exception:

Traceback (most recent call last):
  File "C:\Users\LENOVO\Documents\CoinSeer\venv\Lib\site-packages\telegram\request\_httpxrequest.py", line 273, in do_request
    res = await self._client.request(
          ^^^^^^^^^^^^^^^^^^^^^^^^^^^
  File "C:\Users\LENOVO\Documents\CoinSeer\venv\Lib\site-packages\httpx\_client.py", line 1540, in request
    return await self.send(request, auth=auth, follow_redirects=follow_redirects)
           ^^^^^^^^^^^^^^^^^^^^^^^^^^^^^^^^^^^^^^^^^^^^^^^^^^^^^^^^^^^^^^^^^^^^^^
  File "C:\Users\LENOVO\Documents\CoinSeer\venv\Lib\site-packages\httpx\_client.py", line 1629, in send
    response = await self._send_handling_auth(
               ^^^^^^^^^^^^^^^^^^^^^^^^^^^^^^^
  File "C:\Users\LENOVO\Documents\CoinSeer\venv\Lib\site-packages\httpx\_client.py", line 1657, in _send_handling_auth
    response = await self._send_handling_redirects(
               ^^^^^^^^^^^^^^^^^^^^^^^^^^^^^^^^^^^^
  File "C:\Users\LENOVO\Documents\CoinSeer\venv\Lib\site-packages\httpx\_client.py", line 1694, in _send_handling_redirects
    response = await self._send_single_request(request)
               ^^^^^^^^^^^^^^^^^^^^^^^^^^^^^^^^^^^^^^^^
  File "C:\Users\LENOVO\Documents\CoinSeer\venv\Lib\site-packages\httpx\_client.py", line 1730, in _send_single_request
    response = await transport.handle_async_request(request)
               ^^^^^^^^^^^^^^^^^^^^^^^^^^^^^^^^^^^^^^^^^^^^^
  File "C:\Users\LENOVO\Documents\CoinSeer\venv\Lib\site-packages\httpx\_transports\default.py", line 393, in handle_async_request
    with map_httpcore_exceptions():
         ^^^^^^^^^^^^^^^^^^^^^^^^^
  File "C:\Program Files\WindowsApps\PythonSoftwareFoundation.Python.3.12_3.12.2800.0_x64__qbz5n2kfra8p0\Lib\contextlib.py", line 158, in __exit__
    self.gen.throw(value)
  File "C:\Users\LENOVO\Documents\CoinSeer\venv\Lib\site-packages\httpx\_transports\default.py", line 118, in map_httpcore_exceptions
    raise mapped_exc(message) from exc
httpx.ConnectError: [Errno 11001] getaddrinfo failed

The above exception was the direct cause of the following exception:

Traceback (most recent call last):
  File "C:\Users\LENOVO\Documents\CoinSeer\venv\Lib\site-packages\telegram\ext\_utils\networkloop.py", line 115, in network_retry_loop
    if not await do_action():
           ^^^^^^^^^^^^^^^^^
  File "C:\Users\LENOVO\Documents\CoinSeer\venv\Lib\site-packages\telegram\ext\_utils\networkloop.py", line 108, in do_action
    return action_cb_task.result()
           ^^^^^^^^^^^^^^^^^^^^^^^
  File "C:\Users\LENOVO\Documents\CoinSeer\venv\Lib\site-packages\telegram\ext\_updater.py", line 335, in polling_action_cb
    updates = await self.bot.get_updates(
              ^^^^^^^^^^^^^^^^^^^^^^^^^^^
  File "C:\Users\LENOVO\Documents\CoinSeer\venv\Lib\site-packages\telegram\ext\_extbot.py", line 669, in get_updates
    updates = await super().get_updates(
              ^^^^^^^^^^^^^^^^^^^^^^^^^^
  File "C:\Users\LENOVO\Documents\CoinSeer\venv\Lib\site-packages\telegram\_bot.py", line 4601, in get_updates
    await self._post(
  File "C:\Users\LENOVO\Documents\CoinSeer\venv\Lib\site-packages\telegram\_bot.py", line 697, in _post
    return await self._do_post(
           ^^^^^^^^^^^^^^^^^^^^
  File "C:\Users\LENOVO\Documents\CoinSeer\venv\Lib\site-packages\telegram\ext\_extbot.py", line 369, in _do_post
    return await super()._do_post(
           ^^^^^^^^^^^^^^^^^^^^^^^
  File "C:\Users\LENOVO\Documents\CoinSeer\venv\Lib\site-packages\telegram\_bot.py", line 726, in _do_post
    result = await request.post(
             ^^^^^^^^^^^^^^^^^^^
  File "C:\Users\LENOVO\Documents\CoinSeer\venv\Lib\site-packages\telegram\request\_baserequest.py", line 197, in post
    result = await self._request_wrapper(
             ^^^^^^^^^^^^^^^^^^^^^^^^^^^^
  File "C:\Users\LENOVO\Documents\CoinSeer\venv\Lib\site-packages\telegram\request\_baserequest.py", line 304, in _request_wrapper
    code, payload = await self.do_request(
                    ^^^^^^^^^^^^^^^^^^^^^^
  File "C:\Users\LENOVO\Documents\CoinSeer\venv\Lib\site-packages\telegram\request\_httpxrequest.py", line 297, in do_request
    raise NetworkError(f"httpx.{err.__class__.__name__}: {err}") from err
telegram.error.NetworkError: httpx.ConnectError: [Errno 11001] getaddrinfo failed
2025-07-28 13:06:46,144 - apscheduler.executors.default - INFO - Running job "check_price_alerts (trigger: interval[0:01:00], next run at: 2025-07-28 12:07:46 UTC)" (scheduled at 2025-07-28 12:06:46.130707+00:00)
2025-07-28 13:06:46,147 - apscheduler.executors.default - INFO - Job "check_price_alerts (trigger: interval[0:01:00], next run at: 2025-07-28 12:07:46 UTC)" executed successfully
2025-07-28 13:07:09,354 - telegram.ext.Application - ERROR - No error handlers are registered, logging exception.
Traceback (most recent call last):
  File "C:\Users\LENOVO\Documents\CoinSeer\venv\Lib\site-packages\httpx\_transports\default.py", line 101, in map_httpcore_exceptions
    yield
  File "C:\Users\LENOVO\Documents\CoinSeer\venv\Lib\site-packages\httpx\_transports\default.py", line 394, in handle_async_request
    resp = await self._pool.handle_async_request(req)
           ^^^^^^^^^^^^^^^^^^^^^^^^^^^^^^^^^^^^^^^^^^
  File "C:\Users\LENOVO\Documents\CoinSeer\venv\Lib\site-packages\httpcore\_async\connection_pool.py", line 256, in handle_async_request
    raise exc from None
  File "C:\Users\LENOVO\Documents\CoinSeer\venv\Lib\site-packages\httpcore\_async\connection_pool.py", line 236, in handle_async_request
    response = await connection.handle_async_request(
               ^^^^^^^^^^^^^^^^^^^^^^^^^^^^^^^^^^^^^^
  File "C:\Users\LENOVO\Documents\CoinSeer\venv\Lib\site-packages\httpcore\_async\connection.py", line 101, in handle_async_request
    raise exc
  File "C:\Users\LENOVO\Documents\CoinSeer\venv\Lib\site-packages\httpcore\_async\connection.py", line 78, in handle_async_request
    stream = await self._connect(request)
             ^^^^^^^^^^^^^^^^^^^^^^^^^^^^
  File "C:\Users\LENOVO\Documents\CoinSeer\venv\Lib\site-packages\httpcore\_async\connection.py", line 124, in _connect
    stream = await self._network_backend.connect_tcp(**kwargs)
             ^^^^^^^^^^^^^^^^^^^^^^^^^^^^^^^^^^^^^^^^^^^^^^^^^
  File "C:\Users\LENOVO\Documents\CoinSeer\venv\Lib\site-packages\httpcore\_backends\auto.py", line 31, in connect_tcp
    return await self._backend.connect_tcp(
           ^^^^^^^^^^^^^^^^^^^^^^^^^^^^^^^^
  File "C:\Users\LENOVO\Documents\CoinSeer\venv\Lib\site-packages\httpcore\_backends\anyio.py", line 113, in connect_tcp
    with map_exceptions(exc_map):
         ^^^^^^^^^^^^^^^^^^^^^^^
  File "C:\Program Files\WindowsApps\PythonSoftwareFoundation.Python.3.12_3.12.2800.0_x64__qbz5n2kfra8p0\Lib\contextlib.py", line 158, in __exit__
    self.gen.throw(value)
  File "C:\Users\LENOVO\Documents\CoinSeer\venv\Lib\site-packages\httpcore\_exceptions.py", line 14, in map_exceptions
    raise to_exc(exc) from exc
httpcore.ConnectError: [Errno 11001] getaddrinfo failed

The above exception was the direct cause of the following exception:

Traceback (most recent call last):
  File "C:\Users\LENOVO\Documents\CoinSeer\venv\Lib\site-packages\telegram\request\_httpxrequest.py", line 273, in do_request
    res = await self._client.request(
          ^^^^^^^^^^^^^^^^^^^^^^^^^^^
  File "C:\Users\LENOVO\Documents\CoinSeer\venv\Lib\site-packages\httpx\_client.py", line 1540, in request
    return await self.send(request, auth=auth, follow_redirects=follow_redirects)
           ^^^^^^^^^^^^^^^^^^^^^^^^^^^^^^^^^^^^^^^^^^^^^^^^^^^^^^^^^^^^^^^^^^^^^^
  File "C:\Users\LENOVO\Documents\CoinSeer\venv\Lib\site-packages\httpx\_client.py", line 1629, in send
    response = await self._send_handling_auth(
               ^^^^^^^^^^^^^^^^^^^^^^^^^^^^^^^
  File "C:\Users\LENOVO\Documents\CoinSeer\venv\Lib\site-packages\httpx\_client.py", line 1657, in _send_handling_auth
    response = await self._send_handling_redirects(
               ^^^^^^^^^^^^^^^^^^^^^^^^^^^^^^^^^^^^
  File "C:\Users\LENOVO\Documents\CoinSeer\venv\Lib\site-packages\httpx\_client.py", line 1694, in _send_handling_redirects
    response = await self._send_single_request(request)
               ^^^^^^^^^^^^^^^^^^^^^^^^^^^^^^^^^^^^^^^^
  File "C:\Users\LENOVO\Documents\CoinSeer\venv\Lib\site-packages\httpx\_client.py", line 1730, in _send_single_request
    response = await transport.handle_async_request(request)
               ^^^^^^^^^^^^^^^^^^^^^^^^^^^^^^^^^^^^^^^^^^^^^
  File "C:\Users\LENOVO\Documents\CoinSeer\venv\Lib\site-packages\httpx\_transports\default.py", line 393, in handle_async_request
    with map_httpcore_exceptions():
         ^^^^^^^^^^^^^^^^^^^^^^^^^
  File "C:\Program Files\WindowsApps\PythonSoftwareFoundation.Python.3.12_3.12.2800.0_x64__qbz5n2kfra8p0\Lib\contextlib.py", line 158, in __exit__
    self.gen.throw(value)
  File "C:\Users\LENOVO\Documents\CoinSeer\venv\Lib\site-packages\httpx\_transports\default.py", line 118, in map_httpcore_exceptions
    raise mapped_exc(message) from exc
httpx.ConnectError: [Errno 11001] getaddrinfo failed

The above exception was the direct cause of the following exception:

Traceback (most recent call last):
  File "C:\Users\LENOVO\Documents\CoinSeer\venv\Lib\site-packages\telegram\ext\_utils\networkloop.py", line 115, in network_retry_loop
    if not await do_action():
           ^^^^^^^^^^^^^^^^^
  File "C:\Users\LENOVO\Documents\CoinSeer\venv\Lib\site-packages\telegram\ext\_utils\networkloop.py", line 108, in do_action
    return action_cb_task.result()
           ^^^^^^^^^^^^^^^^^^^^^^^
  File "C:\Users\LENOVO\Documents\CoinSeer\venv\Lib\site-packages\telegram\ext\_updater.py", line 335, in polling_action_cb
    updates = await self.bot.get_updates(
              ^^^^^^^^^^^^^^^^^^^^^^^^^^^
  File "C:\Users\LENOVO\Documents\CoinSeer\venv\Lib\site-packages\telegram\ext\_extbot.py", line 669, in get_updates
    updates = await super().get_updates(
              ^^^^^^^^^^^^^^^^^^^^^^^^^^
  File "C:\Users\LENOVO\Documents\CoinSeer\venv\Lib\site-packages\telegram\_bot.py", line 4601, in get_updates
    await self._post(
  File "C:\Users\LENOVO\Documents\CoinSeer\venv\Lib\site-packages\telegram\_bot.py", line 697, in _post
    return await self._do_post(
           ^^^^^^^^^^^^^^^^^^^^
  File "C:\Users\LENOVO\Documents\CoinSeer\venv\Lib\site-packages\telegram\ext\_extbot.py", line 369, in _do_post
    return await super()._do_post(
           ^^^^^^^^^^^^^^^^^^^^^^^
  File "C:\Users\LENOVO\Documents\CoinSeer\venv\Lib\site-packages\telegram\_bot.py", line 726, in _do_post
    result = await request.post(
             ^^^^^^^^^^^^^^^^^^^
  File "C:\Users\LENOVO\Documents\CoinSeer\venv\Lib\site-packages\telegram\request\_baserequest.py", line 197, in post
    result = await self._request_wrapper(
             ^^^^^^^^^^^^^^^^^^^^^^^^^^^^
  File "C:\Users\LENOVO\Documents\CoinSeer\venv\Lib\site-packages\telegram\request\_baserequest.py", line 304, in _request_wrapper
    code, payload = await self.do_request(
                    ^^^^^^^^^^^^^^^^^^^^^^
  File "C:\Users\LENOVO\Documents\CoinSeer\venv\Lib\site-packages\telegram\request\_httpxrequest.py", line 297, in do_request
    raise NetworkError(f"httpx.{err.__class__.__name__}: {err}") from err
telegram.error.NetworkError: httpx.ConnectError: [Errno 11001] getaddrinfo failed
2025-07-28 13:07:39,352 - telegram.ext.Application - ERROR - No error handlers are registered, logging exception.
Traceback (most recent call last):
  File "C:\Users\LENOVO\Documents\CoinSeer\venv\Lib\site-packages\httpx\_transports\default.py", line 101, in map_httpcore_exceptions
    yield
  File "C:\Users\LENOVO\Documents\CoinSeer\venv\Lib\site-packages\httpx\_transports\default.py", line 394, in handle_async_request
    resp = await self._pool.handle_async_request(req)
           ^^^^^^^^^^^^^^^^^^^^^^^^^^^^^^^^^^^^^^^^^^
  File "C:\Users\LENOVO\Documents\CoinSeer\venv\Lib\site-packages\httpcore\_async\connection_pool.py", line 256, in handle_async_request
    raise exc from None
  File "C:\Users\LENOVO\Documents\CoinSeer\venv\Lib\site-packages\httpcore\_async\connection_pool.py", line 236, in handle_async_request
    response = await connection.handle_async_request(
               ^^^^^^^^^^^^^^^^^^^^^^^^^^^^^^^^^^^^^^
  File "C:\Users\LENOVO\Documents\CoinSeer\venv\Lib\site-packages\httpcore\_async\connection.py", line 101, in handle_async_request
    raise exc
  File "C:\Users\LENOVO\Documents\CoinSeer\venv\Lib\site-packages\httpcore\_async\connection.py", line 78, in handle_async_request
    stream = await self._connect(request)
             ^^^^^^^^^^^^^^^^^^^^^^^^^^^^
  File "C:\Users\LENOVO\Documents\CoinSeer\venv\Lib\site-packages\httpcore\_async\connection.py", line 124, in _connect
    stream = await self._network_backend.connect_tcp(**kwargs)
             ^^^^^^^^^^^^^^^^^^^^^^^^^^^^^^^^^^^^^^^^^^^^^^^^^
  File "C:\Users\LENOVO\Documents\CoinSeer\venv\Lib\site-packages\httpcore\_backends\auto.py", line 31, in connect_tcp
    return await self._backend.connect_tcp(
           ^^^^^^^^^^^^^^^^^^^^^^^^^^^^^^^^
  File "C:\Users\LENOVO\Documents\CoinSeer\venv\Lib\site-packages\httpcore\_backends\anyio.py", line 113, in connect_tcp
    with map_exceptions(exc_map):
         ^^^^^^^^^^^^^^^^^^^^^^^
  File "C:\Program Files\WindowsApps\PythonSoftwareFoundation.Python.3.12_3.12.2800.0_x64__qbz5n2kfra8p0\Lib\contextlib.py", line 158, in __exit__
    self.gen.throw(value)
  File "C:\Users\LENOVO\Documents\CoinSeer\venv\Lib\site-packages\httpcore\_exceptions.py", line 14, in map_exceptions
    raise to_exc(exc) from exc
httpcore.ConnectError: [Errno 11001] getaddrinfo failed

The above exception was the direct cause of the following exception:

Traceback (most recent call last):
  File "C:\Users\LENOVO\Documents\CoinSeer\venv\Lib\site-packages\telegram\request\_httpxrequest.py", line 273, in do_request
    res = await self._client.request(
          ^^^^^^^^^^^^^^^^^^^^^^^^^^^
  File "C:\Users\LENOVO\Documents\CoinSeer\venv\Lib\site-packages\httpx\_client.py", line 1540, in request
    return await self.send(request, auth=auth, follow_redirects=follow_redirects)
           ^^^^^^^^^^^^^^^^^^^^^^^^^^^^^^^^^^^^^^^^^^^^^^^^^^^^^^^^^^^^^^^^^^^^^^
  File "C:\Users\LENOVO\Documents\CoinSeer\venv\Lib\site-packages\httpx\_client.py", line 1629, in send
    response = await self._send_handling_auth(
               ^^^^^^^^^^^^^^^^^^^^^^^^^^^^^^^
  File "C:\Users\LENOVO\Documents\CoinSeer\venv\Lib\site-packages\httpx\_client.py", line 1657, in _send_handling_auth
    response = await self._send_handling_redirects(
               ^^^^^^^^^^^^^^^^^^^^^^^^^^^^^^^^^^^^
  File "C:\Users\LENOVO\Documents\CoinSeer\venv\Lib\site-packages\httpx\_client.py", line 1694, in _send_handling_redirects
    response = await self._send_single_request(request)
               ^^^^^^^^^^^^^^^^^^^^^^^^^^^^^^^^^^^^^^^^
  File "C:\Users\LENOVO\Documents\CoinSeer\venv\Lib\site-packages\httpx\_client.py", line 1730, in _send_single_request
    response = await transport.handle_async_request(request)
               ^^^^^^^^^^^^^^^^^^^^^^^^^^^^^^^^^^^^^^^^^^^^^
  File "C:\Users\LENOVO\Documents\CoinSeer\venv\Lib\site-packages\httpx\_transports\default.py", line 393, in handle_async_request
    with map_httpcore_exceptions():
         ^^^^^^^^^^^^^^^^^^^^^^^^^
  File "C:\Program Files\WindowsApps\PythonSoftwareFoundation.Python.3.12_3.12.2800.0_x64__qbz5n2kfra8p0\Lib\contextlib.py", line 158, in __exit__
    self.gen.throw(value)
  File "C:\Users\LENOVO\Documents\CoinSeer\venv\Lib\site-packages\httpx\_transports\default.py", line 118, in map_httpcore_exceptions
    raise mapped_exc(message) from exc
httpx.ConnectError: [Errno 11001] getaddrinfo failed

The above exception was the direct cause of the following exception:

Traceback (most recent call last):
  File "C:\Users\LENOVO\Documents\CoinSeer\venv\Lib\site-packages\telegram\ext\_utils\networkloop.py", line 115, in network_retry_loop
    if not await do_action():
           ^^^^^^^^^^^^^^^^^
  File "C:\Users\LENOVO\Documents\CoinSeer\venv\Lib\site-packages\telegram\ext\_utils\networkloop.py", line 108, in do_action
    return action_cb_task.result()
           ^^^^^^^^^^^^^^^^^^^^^^^
  File "C:\Users\LENOVO\Documents\CoinSeer\venv\Lib\site-packages\telegram\ext\_updater.py", line 335, in polling_action_cb
    updates = await self.bot.get_updates(
              ^^^^^^^^^^^^^^^^^^^^^^^^^^^
  File "C:\Users\LENOVO\Documents\CoinSeer\venv\Lib\site-packages\telegram\ext\_extbot.py", line 669, in get_updates
    updates = await super().get_updates(
              ^^^^^^^^^^^^^^^^^^^^^^^^^^
  File "C:\Users\LENOVO\Documents\CoinSeer\venv\Lib\site-packages\telegram\_bot.py", line 4601, in get_updates
    await self._post(
  File "C:\Users\LENOVO\Documents\CoinSeer\venv\Lib\site-packages\telegram\_bot.py", line 697, in _post
    return await self._do_post(
           ^^^^^^^^^^^^^^^^^^^^
  File "C:\Users\LENOVO\Documents\CoinSeer\venv\Lib\site-packages\telegram\ext\_extbot.py", line 369, in _do_post
    return await super()._do_post(
           ^^^^^^^^^^^^^^^^^^^^^^^
  File "C:\Users\LENOVO\Documents\CoinSeer\venv\Lib\site-packages\telegram\_bot.py", line 726, in _do_post
    result = await request.post(
             ^^^^^^^^^^^^^^^^^^^
  File "C:\Users\LENOVO\Documents\CoinSeer\venv\Lib\site-packages\telegram\request\_baserequest.py", line 197, in post
    result = await self._request_wrapper(
             ^^^^^^^^^^^^^^^^^^^^^^^^^^^^
  File "C:\Users\LENOVO\Documents\CoinSeer\venv\Lib\site-packages\telegram\request\_baserequest.py", line 304, in _request_wrapper
    code, payload = await self.do_request(
                    ^^^^^^^^^^^^^^^^^^^^^^
  File "C:\Users\LENOVO\Documents\CoinSeer\venv\Lib\site-packages\telegram\request\_httpxrequest.py", line 297, in do_request
    raise NetworkError(f"httpx.{err.__class__.__name__}: {err}") from err
telegram.error.NetworkError: httpx.ConnectError: [Errno 11001] getaddrinfo failed
2025-07-28 13:07:46,142 - apscheduler.executors.default - INFO - Running job "check_price_alerts (trigger: interval[0:01:00], next run at: 2025-07-28 12:08:46 UTC)" (scheduled at 2025-07-28 12:07:46.130707+00:00)
2025-07-28 13:07:46,147 - apscheduler.executors.default - INFO - Job "check_price_alerts (trigger: interval[0:01:00], next run at: 2025-07-28 12:08:46 UTC)" executed successfully
2025-07-28 13:08:09,366 - telegram.ext.Application - ERROR - No error handlers are registered, logging exception.
Traceback (most recent call last):
  File "C:\Users\LENOVO\Documents\CoinSeer\venv\Lib\site-packages\httpx\_transports\default.py", line 101, in map_httpcore_exceptions
    yield
  File "C:\Users\LENOVO\Documents\CoinSeer\venv\Lib\site-packages\httpx\_transports\default.py", line 394, in handle_async_request
    resp = await self._pool.handle_async_request(req)
           ^^^^^^^^^^^^^^^^^^^^^^^^^^^^^^^^^^^^^^^^^^
  File "C:\Users\LENOVO\Documents\CoinSeer\venv\Lib\site-packages\httpcore\_async\connection_pool.py", line 256, in handle_async_request
    raise exc from None
  File "C:\Users\LENOVO\Documents\CoinSeer\venv\Lib\site-packages\httpcore\_async\connection_pool.py", line 236, in handle_async_request
    response = await connection.handle_async_request(
               ^^^^^^^^^^^^^^^^^^^^^^^^^^^^^^^^^^^^^^
  File "C:\Users\LENOVO\Documents\CoinSeer\venv\Lib\site-packages\httpcore\_async\connection.py", line 101, in handle_async_request
    raise exc
  File "C:\Users\LENOVO\Documents\CoinSeer\venv\Lib\site-packages\httpcore\_async\connection.py", line 78, in handle_async_request
    stream = await self._connect(request)
             ^^^^^^^^^^^^^^^^^^^^^^^^^^^^
  File "C:\Users\LENOVO\Documents\CoinSeer\venv\Lib\site-packages\httpcore\_async\connection.py", line 124, in _connect
    stream = await self._network_backend.connect_tcp(**kwargs)
             ^^^^^^^^^^^^^^^^^^^^^^^^^^^^^^^^^^^^^^^^^^^^^^^^^
  File "C:\Users\LENOVO\Documents\CoinSeer\venv\Lib\site-packages\httpcore\_backends\auto.py", line 31, in connect_tcp
    return await self._backend.connect_tcp(
           ^^^^^^^^^^^^^^^^^^^^^^^^^^^^^^^^
  File "C:\Users\LENOVO\Documents\CoinSeer\venv\Lib\site-packages\httpcore\_backends\anyio.py", line 113, in connect_tcp
    with map_exceptions(exc_map):
         ^^^^^^^^^^^^^^^^^^^^^^^
  File "C:\Program Files\WindowsApps\PythonSoftwareFoundation.Python.3.12_3.12.2800.0_x64__qbz5n2kfra8p0\Lib\contextlib.py", line 158, in __exit__
    self.gen.throw(value)
  File "C:\Users\LENOVO\Documents\CoinSeer\venv\Lib\site-packages\httpcore\_exceptions.py", line 14, in map_exceptions
    raise to_exc(exc) from exc
httpcore.ConnectError: [Errno 11001] getaddrinfo failed

The above exception was the direct cause of the following exception:

Traceback (most recent call last):
  File "C:\Users\LENOVO\Documents\CoinSeer\venv\Lib\site-packages\telegram\request\_httpxrequest.py", line 273, in do_request
    res = await self._client.request(
          ^^^^^^^^^^^^^^^^^^^^^^^^^^^
  File "C:\Users\LENOVO\Documents\CoinSeer\venv\Lib\site-packages\httpx\_client.py", line 1540, in request
    return await self.send(request, auth=auth, follow_redirects=follow_redirects)
           ^^^^^^^^^^^^^^^^^^^^^^^^^^^^^^^^^^^^^^^^^^^^^^^^^^^^^^^^^^^^^^^^^^^^^^
  File "C:\Users\LENOVO\Documents\CoinSeer\venv\Lib\site-packages\httpx\_client.py", line 1629, in send
    response = await self._send_handling_auth(
               ^^^^^^^^^^^^^^^^^^^^^^^^^^^^^^^
  File "C:\Users\LENOVO\Documents\CoinSeer\venv\Lib\site-packages\httpx\_client.py", line 1657, in _send_handling_auth
    response = await self._send_handling_redirects(
               ^^^^^^^^^^^^^^^^^^^^^^^^^^^^^^^^^^^^
  File "C:\Users\LENOVO\Documents\CoinSeer\venv\Lib\site-packages\httpx\_client.py", line 1694, in _send_handling_redirects
    response = await self._send_single_request(request)
               ^^^^^^^^^^^^^^^^^^^^^^^^^^^^^^^^^^^^^^^^
  File "C:\Users\LENOVO\Documents\CoinSeer\venv\Lib\site-packages\httpx\_client.py", line 1730, in _send_single_request
    response = await transport.handle_async_request(request)
               ^^^^^^^^^^^^^^^^^^^^^^^^^^^^^^^^^^^^^^^^^^^^^
  File "C:\Users\LENOVO\Documents\CoinSeer\venv\Lib\site-packages\httpx\_transports\default.py", line 393, in handle_async_request
    with map_httpcore_exceptions():
         ^^^^^^^^^^^^^^^^^^^^^^^^^
  File "C:\Program Files\WindowsApps\PythonSoftwareFoundation.Python.3.12_3.12.2800.0_x64__qbz5n2kfra8p0\Lib\contextlib.py", line 158, in __exit__
    self.gen.throw(value)
  File "C:\Users\LENOVO\Documents\CoinSeer\venv\Lib\site-packages\httpx\_transports\default.py", line 118, in map_httpcore_exceptions
    raise mapped_exc(message) from exc
httpx.ConnectError: [Errno 11001] getaddrinfo failed

The above exception was the direct cause of the following exception:

Traceback (most recent call last):
  File "C:\Users\LENOVO\Documents\CoinSeer\venv\Lib\site-packages\telegram\ext\_utils\networkloop.py", line 115, in network_retry_loop
    if not await do_action():
           ^^^^^^^^^^^^^^^^^
  File "C:\Users\LENOVO\Documents\CoinSeer\venv\Lib\site-packages\telegram\ext\_utils\networkloop.py", line 108, in do_action
    return action_cb_task.result()
           ^^^^^^^^^^^^^^^^^^^^^^^
  File "C:\Users\LENOVO\Documents\CoinSeer\venv\Lib\site-packages\telegram\ext\_updater.py", line 335, in polling_action_cb
    updates = await self.bot.get_updates(
              ^^^^^^^^^^^^^^^^^^^^^^^^^^^
  File "C:\Users\LENOVO\Documents\CoinSeer\venv\Lib\site-packages\telegram\ext\_extbot.py", line 669, in get_updates
    updates = await super().get_updates(
              ^^^^^^^^^^^^^^^^^^^^^^^^^^
  File "C:\Users\LENOVO\Documents\CoinSeer\venv\Lib\site-packages\telegram\_bot.py", line 4601, in get_updates
    await self._post(
  File "C:\Users\LENOVO\Documents\CoinSeer\venv\Lib\site-packages\telegram\_bot.py", line 697, in _post
    return await self._do_post(
           ^^^^^^^^^^^^^^^^^^^^
  File "C:\Users\LENOVO\Documents\CoinSeer\venv\Lib\site-packages\telegram\ext\_extbot.py", line 369, in _do_post
    return await super()._do_post(
           ^^^^^^^^^^^^^^^^^^^^^^^
  File "C:\Users\LENOVO\Documents\CoinSeer\venv\Lib\site-packages\telegram\_bot.py", line 726, in _do_post
    result = await request.post(
             ^^^^^^^^^^^^^^^^^^^
  File "C:\Users\LENOVO\Documents\CoinSeer\venv\Lib\site-packages\telegram\request\_baserequest.py", line 197, in post
    result = await self._request_wrapper(
             ^^^^^^^^^^^^^^^^^^^^^^^^^^^^
  File "C:\Users\LENOVO\Documents\CoinSeer\venv\Lib\site-packages\telegram\request\_baserequest.py", line 304, in _request_wrapper
    code, payload = await self.do_request(
                    ^^^^^^^^^^^^^^^^^^^^^^
  File "C:\Users\LENOVO\Documents\CoinSeer\venv\Lib\site-packages\telegram\request\_httpxrequest.py", line 297, in do_request
    raise NetworkError(f"httpx.{err.__class__.__name__}: {err}") from err
telegram.error.NetworkError: httpx.ConnectError: [Errno 11001] getaddrinfo failed
2025-07-28 13:08:39,378 - telegram.ext.Application - ERROR - No error handlers are registered, logging exception.
Traceback (most recent call last):
  File "C:\Users\LENOVO\Documents\CoinSeer\venv\Lib\site-packages\httpx\_transports\default.py", line 101, in map_httpcore_exceptions
    yield
  File "C:\Users\LENOVO\Documents\CoinSeer\venv\Lib\site-packages\httpx\_transports\default.py", line 394, in handle_async_request
    resp = await self._pool.handle_async_request(req)
           ^^^^^^^^^^^^^^^^^^^^^^^^^^^^^^^^^^^^^^^^^^
  File "C:\Users\LENOVO\Documents\CoinSeer\venv\Lib\site-packages\httpcore\_async\connection_pool.py", line 256, in handle_async_request
    raise exc from None
  File "C:\Users\LENOVO\Documents\CoinSeer\venv\Lib\site-packages\httpcore\_async\connection_pool.py", line 236, in handle_async_request
    response = await connection.handle_async_request(
               ^^^^^^^^^^^^^^^^^^^^^^^^^^^^^^^^^^^^^^
  File "C:\Users\LENOVO\Documents\CoinSeer\venv\Lib\site-packages\httpcore\_async\connection.py", line 101, in handle_async_request
    raise exc
  File "C:\Users\LENOVO\Documents\CoinSeer\venv\Lib\site-packages\httpcore\_async\connection.py", line 78, in handle_async_request
    stream = await self._connect(request)
             ^^^^^^^^^^^^^^^^^^^^^^^^^^^^
  File "C:\Users\LENOVO\Documents\CoinSeer\venv\Lib\site-packages\httpcore\_async\connection.py", line 124, in _connect
    stream = await self._network_backend.connect_tcp(**kwargs)
             ^^^^^^^^^^^^^^^^^^^^^^^^^^^^^^^^^^^^^^^^^^^^^^^^^
  File "C:\Users\LENOVO\Documents\CoinSeer\venv\Lib\site-packages\httpcore\_backends\auto.py", line 31, in connect_tcp
    return await self._backend.connect_tcp(
           ^^^^^^^^^^^^^^^^^^^^^^^^^^^^^^^^
  File "C:\Users\LENOVO\Documents\CoinSeer\venv\Lib\site-packages\httpcore\_backends\anyio.py", line 113, in connect_tcp
    with map_exceptions(exc_map):
         ^^^^^^^^^^^^^^^^^^^^^^^
  File "C:\Program Files\WindowsApps\PythonSoftwareFoundation.Python.3.12_3.12.2800.0_x64__qbz5n2kfra8p0\Lib\contextlib.py", line 158, in __exit__
    self.gen.throw(value)
  File "C:\Users\LENOVO\Documents\CoinSeer\venv\Lib\site-packages\httpcore\_exceptions.py", line 14, in map_exceptions
    raise to_exc(exc) from exc
httpcore.ConnectError: [Errno 11001] getaddrinfo failed

The above exception was the direct cause of the following exception:

Traceback (most recent call last):
  File "C:\Users\LENOVO\Documents\CoinSeer\venv\Lib\site-packages\telegram\request\_httpxrequest.py", line 273, in do_request
    res = await self._client.request(
          ^^^^^^^^^^^^^^^^^^^^^^^^^^^
  File "C:\Users\LENOVO\Documents\CoinSeer\venv\Lib\site-packages\httpx\_client.py", line 1540, in request
    return await self.send(request, auth=auth, follow_redirects=follow_redirects)
           ^^^^^^^^^^^^^^^^^^^^^^^^^^^^^^^^^^^^^^^^^^^^^^^^^^^^^^^^^^^^^^^^^^^^^^
  File "C:\Users\LENOVO\Documents\CoinSeer\venv\Lib\site-packages\httpx\_client.py", line 1629, in send
    response = await self._send_handling_auth(
               ^^^^^^^^^^^^^^^^^^^^^^^^^^^^^^^
  File "C:\Users\LENOVO\Documents\CoinSeer\venv\Lib\site-packages\httpx\_client.py", line 1657, in _send_handling_auth
    response = await self._send_handling_redirects(
               ^^^^^^^^^^^^^^^^^^^^^^^^^^^^^^^^^^^^
  File "C:\Users\LENOVO\Documents\CoinSeer\venv\Lib\site-packages\httpx\_client.py", line 1694, in _send_handling_redirects
    response = await self._send_single_request(request)
               ^^^^^^^^^^^^^^^^^^^^^^^^^^^^^^^^^^^^^^^^
  File "C:\Users\LENOVO\Documents\CoinSeer\venv\Lib\site-packages\httpx\_client.py", line 1730, in _send_single_request
    response = await transport.handle_async_request(request)
               ^^^^^^^^^^^^^^^^^^^^^^^^^^^^^^^^^^^^^^^^^^^^^
  File "C:\Users\LENOVO\Documents\CoinSeer\venv\Lib\site-packages\httpx\_transports\default.py", line 393, in handle_async_request
    with map_httpcore_exceptions():
         ^^^^^^^^^^^^^^^^^^^^^^^^^
  File "C:\Program Files\WindowsApps\PythonSoftwareFoundation.Python.3.12_3.12.2800.0_x64__qbz5n2kfra8p0\Lib\contextlib.py", line 158, in __exit__
    self.gen.throw(value)
  File "C:\Users\LENOVO\Documents\CoinSeer\venv\Lib\site-packages\httpx\_transports\default.py", line 118, in map_httpcore_exceptions
    raise mapped_exc(message) from exc
httpx.ConnectError: [Errno 11001] getaddrinfo failed

The above exception was the direct cause of the following exception:

Traceback (most recent call last):
  File "C:\Users\LENOVO\Documents\CoinSeer\venv\Lib\site-packages\telegram\ext\_utils\networkloop.py", line 115, in network_retry_loop
    if not await do_action():
           ^^^^^^^^^^^^^^^^^
  File "C:\Users\LENOVO\Documents\CoinSeer\venv\Lib\site-packages\telegram\ext\_utils\networkloop.py", line 108, in do_action
    return action_cb_task.result()
           ^^^^^^^^^^^^^^^^^^^^^^^
  File "C:\Users\LENOVO\Documents\CoinSeer\venv\Lib\site-packages\telegram\ext\_updater.py", line 335, in polling_action_cb
    updates = await self.bot.get_updates(
              ^^^^^^^^^^^^^^^^^^^^^^^^^^^
  File "C:\Users\LENOVO\Documents\CoinSeer\venv\Lib\site-packages\telegram\ext\_extbot.py", line 669, in get_updates
    updates = await super().get_updates(
              ^^^^^^^^^^^^^^^^^^^^^^^^^^
  File "C:\Users\LENOVO\Documents\CoinSeer\venv\Lib\site-packages\telegram\_bot.py", line 4601, in get_updates
    await self._post(
  File "C:\Users\LENOVO\Documents\CoinSeer\venv\Lib\site-packages\telegram\_bot.py", line 697, in _post
    return await self._do_post(
           ^^^^^^^^^^^^^^^^^^^^
  File "C:\Users\LENOVO\Documents\CoinSeer\venv\Lib\site-packages\telegram\ext\_extbot.py", line 369, in _do_post
    return await super()._do_post(
           ^^^^^^^^^^^^^^^^^^^^^^^
  File "C:\Users\LENOVO\Documents\CoinSeer\venv\Lib\site-packages\telegram\_bot.py", line 726, in _do_post
    result = await request.post(
             ^^^^^^^^^^^^^^^^^^^
  File "C:\Users\LENOVO\Documents\CoinSeer\venv\Lib\site-packages\telegram\request\_baserequest.py", line 197, in post
    result = await self._request_wrapper(
             ^^^^^^^^^^^^^^^^^^^^^^^^^^^^
  File "C:\Users\LENOVO\Documents\CoinSeer\venv\Lib\site-packages\telegram\request\_baserequest.py", line 304, in _request_wrapper
    code, payload = await self.do_request(
                    ^^^^^^^^^^^^^^^^^^^^^^
  File "C:\Users\LENOVO\Documents\CoinSeer\venv\Lib\site-packages\telegram\request\_httpxrequest.py", line 297, in do_request
    raise NetworkError(f"httpx.{err.__class__.__name__}: {err}") from err
telegram.error.NetworkError: httpx.ConnectError: [Errno 11001] getaddrinfo failed
2025-07-28 13:08:46,144 - apscheduler.executors.default - INFO - Running job "check_price_alerts (trigger: interval[0:01:00], next run at: 2025-07-28 12:09:46 UTC)" (scheduled at 2025-07-28 12:08:46.130707+00:00)
2025-07-28 13:08:46,149 - apscheduler.executors.default - INFO - Job "check_price_alerts (trigger: interval[0:01:00], next run at: 2025-07-28 12:09:46 UTC)" executed successfully
2025-07-28 13:09:09,375 - telegram.ext.Application - ERROR - No error handlers are registered, logging exception.
Traceback (most recent call last):
  File "C:\Users\LENOVO\Documents\CoinSeer\venv\Lib\site-packages\httpx\_transports\default.py", line 101, in map_httpcore_exceptions
    yield
  File "C:\Users\LENOVO\Documents\CoinSeer\venv\Lib\site-packages\httpx\_transports\default.py", line 394, in handle_async_request
    resp = await self._pool.handle_async_request(req)
           ^^^^^^^^^^^^^^^^^^^^^^^^^^^^^^^^^^^^^^^^^^
  File "C:\Users\LENOVO\Documents\CoinSeer\venv\Lib\site-packages\httpcore\_async\connection_pool.py", line 256, in handle_async_request
    raise exc from None
  File "C:\Users\LENOVO\Documents\CoinSeer\venv\Lib\site-packages\httpcore\_async\connection_pool.py", line 236, in handle_async_request
    response = await connection.handle_async_request(
               ^^^^^^^^^^^^^^^^^^^^^^^^^^^^^^^^^^^^^^
  File "C:\Users\LENOVO\Documents\CoinSeer\venv\Lib\site-packages\httpcore\_async\connection.py", line 101, in handle_async_request
    raise exc
  File "C:\Users\LENOVO\Documents\CoinSeer\venv\Lib\site-packages\httpcore\_async\connection.py", line 78, in handle_async_request
    stream = await self._connect(request)
             ^^^^^^^^^^^^^^^^^^^^^^^^^^^^
  File "C:\Users\LENOVO\Documents\CoinSeer\venv\Lib\site-packages\httpcore\_async\connection.py", line 124, in _connect
    stream = await self._network_backend.connect_tcp(**kwargs)
             ^^^^^^^^^^^^^^^^^^^^^^^^^^^^^^^^^^^^^^^^^^^^^^^^^
  File "C:\Users\LENOVO\Documents\CoinSeer\venv\Lib\site-packages\httpcore\_backends\auto.py", line 31, in connect_tcp
    return await self._backend.connect_tcp(
           ^^^^^^^^^^^^^^^^^^^^^^^^^^^^^^^^
  File "C:\Users\LENOVO\Documents\CoinSeer\venv\Lib\site-packages\httpcore\_backends\anyio.py", line 113, in connect_tcp
    with map_exceptions(exc_map):
         ^^^^^^^^^^^^^^^^^^^^^^^
  File "C:\Program Files\WindowsApps\PythonSoftwareFoundation.Python.3.12_3.12.2800.0_x64__qbz5n2kfra8p0\Lib\contextlib.py", line 158, in __exit__
    self.gen.throw(value)
  File "C:\Users\LENOVO\Documents\CoinSeer\venv\Lib\site-packages\httpcore\_exceptions.py", line 14, in map_exceptions
    raise to_exc(exc) from exc
httpcore.ConnectError: [Errno 11001] getaddrinfo failed

The above exception was the direct cause of the following exception:

Traceback (most recent call last):
  File "C:\Users\LENOVO\Documents\CoinSeer\venv\Lib\site-packages\telegram\request\_httpxrequest.py", line 273, in do_request
    res = await self._client.request(
          ^^^^^^^^^^^^^^^^^^^^^^^^^^^
  File "C:\Users\LENOVO\Documents\CoinSeer\venv\Lib\site-packages\httpx\_client.py", line 1540, in request
    return await self.send(request, auth=auth, follow_redirects=follow_redirects)
           ^^^^^^^^^^^^^^^^^^^^^^^^^^^^^^^^^^^^^^^^^^^^^^^^^^^^^^^^^^^^^^^^^^^^^^
  File "C:\Users\LENOVO\Documents\CoinSeer\venv\Lib\site-packages\httpx\_client.py", line 1629, in send
    response = await self._send_handling_auth(
               ^^^^^^^^^^^^^^^^^^^^^^^^^^^^^^^
  File "C:\Users\LENOVO\Documents\CoinSeer\venv\Lib\site-packages\httpx\_client.py", line 1657, in _send_handling_auth
    response = await self._send_handling_redirects(
               ^^^^^^^^^^^^^^^^^^^^^^^^^^^^^^^^^^^^
  File "C:\Users\LENOVO\Documents\CoinSeer\venv\Lib\site-packages\httpx\_client.py", line 1694, in _send_handling_redirects
    response = await self._send_single_request(request)
               ^^^^^^^^^^^^^^^^^^^^^^^^^^^^^^^^^^^^^^^^
  File "C:\Users\LENOVO\Documents\CoinSeer\venv\Lib\site-packages\httpx\_client.py", line 1730, in _send_single_request
    response = await transport.handle_async_request(request)
               ^^^^^^^^^^^^^^^^^^^^^^^^^^^^^^^^^^^^^^^^^^^^^
  File "C:\Users\LENOVO\Documents\CoinSeer\venv\Lib\site-packages\httpx\_transports\default.py", line 393, in handle_async_request
    with map_httpcore_exceptions():
         ^^^^^^^^^^^^^^^^^^^^^^^^^
  File "C:\Program Files\WindowsApps\PythonSoftwareFoundation.Python.3.12_3.12.2800.0_x64__qbz5n2kfra8p0\Lib\contextlib.py", line 158, in __exit__
    self.gen.throw(value)
  File "C:\Users\LENOVO\Documents\CoinSeer\venv\Lib\site-packages\httpx\_transports\default.py", line 118, in map_httpcore_exceptions
    raise mapped_exc(message) from exc
httpx.ConnectError: [Errno 11001] getaddrinfo failed

The above exception was the direct cause of the following exception:

Traceback (most recent call last):
  File "C:\Users\LENOVO\Documents\CoinSeer\venv\Lib\site-packages\telegram\ext\_utils\networkloop.py", line 115, in network_retry_loop
    if not await do_action():
           ^^^^^^^^^^^^^^^^^
  File "C:\Users\LENOVO\Documents\CoinSeer\venv\Lib\site-packages\telegram\ext\_utils\networkloop.py", line 108, in do_action
    return action_cb_task.result()
           ^^^^^^^^^^^^^^^^^^^^^^^
  File "C:\Users\LENOVO\Documents\CoinSeer\venv\Lib\site-packages\telegram\ext\_updater.py", line 335, in polling_action_cb
    updates = await self.bot.get_updates(
              ^^^^^^^^^^^^^^^^^^^^^^^^^^^
  File "C:\Users\LENOVO\Documents\CoinSeer\venv\Lib\site-packages\telegram\ext\_extbot.py", line 669, in get_updates
    updates = await super().get_updates(
              ^^^^^^^^^^^^^^^^^^^^^^^^^^
  File "C:\Users\LENOVO\Documents\CoinSeer\venv\Lib\site-packages\telegram\_bot.py", line 4601, in get_updates
    await self._post(
  File "C:\Users\LENOVO\Documents\CoinSeer\venv\Lib\site-packages\telegram\_bot.py", line 697, in _post
    return await self._do_post(
           ^^^^^^^^^^^^^^^^^^^^
  File "C:\Users\LENOVO\Documents\CoinSeer\venv\Lib\site-packages\telegram\ext\_extbot.py", line 369, in _do_post
    return await super()._do_post(
           ^^^^^^^^^^^^^^^^^^^^^^^
  File "C:\Users\LENOVO\Documents\CoinSeer\venv\Lib\site-packages\telegram\_bot.py", line 726, in _do_post
    result = await request.post(
             ^^^^^^^^^^^^^^^^^^^
  File "C:\Users\LENOVO\Documents\CoinSeer\venv\Lib\site-packages\telegram\request\_baserequest.py", line 197, in post
    result = await self._request_wrapper(
             ^^^^^^^^^^^^^^^^^^^^^^^^^^^^
  File "C:\Users\LENOVO\Documents\CoinSeer\venv\Lib\site-packages\telegram\request\_baserequest.py", line 304, in _request_wrapper
    code, payload = await self.do_request(
                    ^^^^^^^^^^^^^^^^^^^^^^
  File "C:\Users\LENOVO\Documents\CoinSeer\venv\Lib\site-packages\telegram\request\_httpxrequest.py", line 297, in do_request
    raise NetworkError(f"httpx.{err.__class__.__name__}: {err}") from err
telegram.error.NetworkError: httpx.ConnectError: [Errno 11001] getaddrinfo failed
2025-07-28 13:09:39,384 - telegram.ext.Application - ERROR - No error handlers are registered, logging exception.
Traceback (most recent call last):
  File "C:\Users\LENOVO\Documents\CoinSeer\venv\Lib\site-packages\httpx\_transports\default.py", line 101, in map_httpcore_exceptions
    yield
  File "C:\Users\LENOVO\Documents\CoinSeer\venv\Lib\site-packages\httpx\_transports\default.py", line 394, in handle_async_request
    resp = await self._pool.handle_async_request(req)
           ^^^^^^^^^^^^^^^^^^^^^^^^^^^^^^^^^^^^^^^^^^
  File "C:\Users\LENOVO\Documents\CoinSeer\venv\Lib\site-packages\httpcore\_async\connection_pool.py", line 256, in handle_async_request
    raise exc from None
  File "C:\Users\LENOVO\Documents\CoinSeer\venv\Lib\site-packages\httpcore\_async\connection_pool.py", line 236, in handle_async_request
    response = await connection.handle_async_request(
               ^^^^^^^^^^^^^^^^^^^^^^^^^^^^^^^^^^^^^^
  File "C:\Users\LENOVO\Documents\CoinSeer\venv\Lib\site-packages\httpcore\_async\connection.py", line 101, in handle_async_request
    raise exc
  File "C:\Users\LENOVO\Documents\CoinSeer\venv\Lib\site-packages\httpcore\_async\connection.py", line 78, in handle_async_request
    stream = await self._connect(request)
             ^^^^^^^^^^^^^^^^^^^^^^^^^^^^
  File "C:\Users\LENOVO\Documents\CoinSeer\venv\Lib\site-packages\httpcore\_async\connection.py", line 124, in _connect
    stream = await self._network_backend.connect_tcp(**kwargs)
             ^^^^^^^^^^^^^^^^^^^^^^^^^^^^^^^^^^^^^^^^^^^^^^^^^
  File "C:\Users\LENOVO\Documents\CoinSeer\venv\Lib\site-packages\httpcore\_backends\auto.py", line 31, in connect_tcp
    return await self._backend.connect_tcp(
           ^^^^^^^^^^^^^^^^^^^^^^^^^^^^^^^^
  File "C:\Users\LENOVO\Documents\CoinSeer\venv\Lib\site-packages\httpcore\_backends\anyio.py", line 113, in connect_tcp
    with map_exceptions(exc_map):
         ^^^^^^^^^^^^^^^^^^^^^^^
  File "C:\Program Files\WindowsApps\PythonSoftwareFoundation.Python.3.12_3.12.2800.0_x64__qbz5n2kfra8p0\Lib\contextlib.py", line 158, in __exit__
    self.gen.throw(value)
  File "C:\Users\LENOVO\Documents\CoinSeer\venv\Lib\site-packages\httpcore\_exceptions.py", line 14, in map_exceptions
    raise to_exc(exc) from exc
httpcore.ConnectError: [Errno 11001] getaddrinfo failed

The above exception was the direct cause of the following exception:

Traceback (most recent call last):
  File "C:\Users\LENOVO\Documents\CoinSeer\venv\Lib\site-packages\telegram\request\_httpxrequest.py", line 273, in do_request
    res = await self._client.request(
          ^^^^^^^^^^^^^^^^^^^^^^^^^^^
  File "C:\Users\LENOVO\Documents\CoinSeer\venv\Lib\site-packages\httpx\_client.py", line 1540, in request
    return await self.send(request, auth=auth, follow_redirects=follow_redirects)
           ^^^^^^^^^^^^^^^^^^^^^^^^^^^^^^^^^^^^^^^^^^^^^^^^^^^^^^^^^^^^^^^^^^^^^^
  File "C:\Users\LENOVO\Documents\CoinSeer\venv\Lib\site-packages\httpx\_client.py", line 1629, in send
    response = await self._send_handling_auth(
               ^^^^^^^^^^^^^^^^^^^^^^^^^^^^^^^
  File "C:\Users\LENOVO\Documents\CoinSeer\venv\Lib\site-packages\httpx\_client.py", line 1657, in _send_handling_auth
    response = await self._send_handling_redirects(
               ^^^^^^^^^^^^^^^^^^^^^^^^^^^^^^^^^^^^
  File "C:\Users\LENOVO\Documents\CoinSeer\venv\Lib\site-packages\httpx\_client.py", line 1694, in _send_handling_redirects
    response = await self._send_single_request(request)
               ^^^^^^^^^^^^^^^^^^^^^^^^^^^^^^^^^^^^^^^^
  File "C:\Users\LENOVO\Documents\CoinSeer\venv\Lib\site-packages\httpx\_client.py", line 1730, in _send_single_request
    response = await transport.handle_async_request(request)
               ^^^^^^^^^^^^^^^^^^^^^^^^^^^^^^^^^^^^^^^^^^^^^
  File "C:\Users\LENOVO\Documents\CoinSeer\venv\Lib\site-packages\httpx\_transports\default.py", line 393, in handle_async_request
    with map_httpcore_exceptions():
         ^^^^^^^^^^^^^^^^^^^^^^^^^
  File "C:\Program Files\WindowsApps\PythonSoftwareFoundation.Python.3.12_3.12.2800.0_x64__qbz5n2kfra8p0\Lib\contextlib.py", line 158, in __exit__
    self.gen.throw(value)
  File "C:\Users\LENOVO\Documents\CoinSeer\venv\Lib\site-packages\httpx\_transports\default.py", line 118, in map_httpcore_exceptions
    raise mapped_exc(message) from exc
httpx.ConnectError: [Errno 11001] getaddrinfo failed

The above exception was the direct cause of the following exception:

Traceback (most recent call last):
  File "C:\Users\LENOVO\Documents\CoinSeer\venv\Lib\site-packages\telegram\ext\_utils\networkloop.py", line 115, in network_retry_loop
    if not await do_action():
           ^^^^^^^^^^^^^^^^^
  File "C:\Users\LENOVO\Documents\CoinSeer\venv\Lib\site-packages\telegram\ext\_utils\networkloop.py", line 108, in do_action
    return action_cb_task.result()
           ^^^^^^^^^^^^^^^^^^^^^^^
  File "C:\Users\LENOVO\Documents\CoinSeer\venv\Lib\site-packages\telegram\ext\_updater.py", line 335, in polling_action_cb
    updates = await self.bot.get_updates(
              ^^^^^^^^^^^^^^^^^^^^^^^^^^^
  File "C:\Users\LENOVO\Documents\CoinSeer\venv\Lib\site-packages\telegram\ext\_extbot.py", line 669, in get_updates
    updates = await super().get_updates(
              ^^^^^^^^^^^^^^^^^^^^^^^^^^
  File "C:\Users\LENOVO\Documents\CoinSeer\venv\Lib\site-packages\telegram\_bot.py", line 4601, in get_updates
    await self._post(
  File "C:\Users\LENOVO\Documents\CoinSeer\venv\Lib\site-packages\telegram\_bot.py", line 697, in _post
    return await self._do_post(
           ^^^^^^^^^^^^^^^^^^^^
  File "C:\Users\LENOVO\Documents\CoinSeer\venv\Lib\site-packages\telegram\ext\_extbot.py", line 369, in _do_post
    return await super()._do_post(
           ^^^^^^^^^^^^^^^^^^^^^^^
  File "C:\Users\LENOVO\Documents\CoinSeer\venv\Lib\site-packages\telegram\_bot.py", line 726, in _do_post
    result = await request.post(
             ^^^^^^^^^^^^^^^^^^^
  File "C:\Users\LENOVO\Documents\CoinSeer\venv\Lib\site-packages\telegram\request\_baserequest.py", line 197, in post
    result = await self._request_wrapper(
             ^^^^^^^^^^^^^^^^^^^^^^^^^^^^
  File "C:\Users\LENOVO\Documents\CoinSeer\venv\Lib\site-packages\telegram\request\_baserequest.py", line 304, in _request_wrapper
    code, payload = await self.do_request(
                    ^^^^^^^^^^^^^^^^^^^^^^
  File "C:\Users\LENOVO\Documents\CoinSeer\venv\Lib\site-packages\telegram\request\_httpxrequest.py", line 297, in do_request
    raise NetworkError(f"httpx.{err.__class__.__name__}: {err}") from err
telegram.error.NetworkError: httpx.ConnectError: [Errno 11001] getaddrinfo failed
2025-07-28 13:09:46,136 - apscheduler.executors.default - INFO - Running job "check_price_alerts (trigger: interval[0:01:00], next run at: 2025-07-28 12:10:46 UTC)" (scheduled at 2025-07-28 12:09:46.130707+00:00)
2025-07-28 13:09:46,139 - apscheduler.executors.default - INFO - Job "check_price_alerts (trigger: interval[0:01:00], next run at: 2025-07-28 12:10:46 UTC)" executed successfully
2025-07-28 13:10:09,388 - telegram.ext.Application - ERROR - No error handlers are registered, logging exception.
Traceback (most recent call last):
  File "C:\Users\LENOVO\Documents\CoinSeer\venv\Lib\site-packages\httpx\_transports\default.py", line 101, in map_httpcore_exceptions
    yield
  File "C:\Users\LENOVO\Documents\CoinSeer\venv\Lib\site-packages\httpx\_transports\default.py", line 394, in handle_async_request
    resp = await self._pool.handle_async_request(req)
           ^^^^^^^^^^^^^^^^^^^^^^^^^^^^^^^^^^^^^^^^^^
  File "C:\Users\LENOVO\Documents\CoinSeer\venv\Lib\site-packages\httpcore\_async\connection_pool.py", line 256, in handle_async_request
    raise exc from None
  File "C:\Users\LENOVO\Documents\CoinSeer\venv\Lib\site-packages\httpcore\_async\connection_pool.py", line 236, in handle_async_request
    response = await connection.handle_async_request(
               ^^^^^^^^^^^^^^^^^^^^^^^^^^^^^^^^^^^^^^
  File "C:\Users\LENOVO\Documents\CoinSeer\venv\Lib\site-packages\httpcore\_async\connection.py", line 101, in handle_async_request
    raise exc
  File "C:\Users\LENOVO\Documents\CoinSeer\venv\Lib\site-packages\httpcore\_async\connection.py", line 78, in handle_async_request
    stream = await self._connect(request)
             ^^^^^^^^^^^^^^^^^^^^^^^^^^^^
  File "C:\Users\LENOVO\Documents\CoinSeer\venv\Lib\site-packages\httpcore\_async\connection.py", line 124, in _connect
    stream = await self._network_backend.connect_tcp(**kwargs)
             ^^^^^^^^^^^^^^^^^^^^^^^^^^^^^^^^^^^^^^^^^^^^^^^^^
  File "C:\Users\LENOVO\Documents\CoinSeer\venv\Lib\site-packages\httpcore\_backends\auto.py", line 31, in connect_tcp
    return await self._backend.connect_tcp(
           ^^^^^^^^^^^^^^^^^^^^^^^^^^^^^^^^
  File "C:\Users\LENOVO\Documents\CoinSeer\venv\Lib\site-packages\httpcore\_backends\anyio.py", line 113, in connect_tcp
    with map_exceptions(exc_map):
         ^^^^^^^^^^^^^^^^^^^^^^^
  File "C:\Program Files\WindowsApps\PythonSoftwareFoundation.Python.3.12_3.12.2800.0_x64__qbz5n2kfra8p0\Lib\contextlib.py", line 158, in __exit__
    self.gen.throw(value)
  File "C:\Users\LENOVO\Documents\CoinSeer\venv\Lib\site-packages\httpcore\_exceptions.py", line 14, in map_exceptions
    raise to_exc(exc) from exc
httpcore.ConnectError: [Errno 11001] getaddrinfo failed

The above exception was the direct cause of the following exception:

Traceback (most recent call last):
  File "C:\Users\LENOVO\Documents\CoinSeer\venv\Lib\site-packages\telegram\request\_httpxrequest.py", line 273, in do_request
    res = await self._client.request(
          ^^^^^^^^^^^^^^^^^^^^^^^^^^^
  File "C:\Users\LENOVO\Documents\CoinSeer\venv\Lib\site-packages\httpx\_client.py", line 1540, in request
    return await self.send(request, auth=auth, follow_redirects=follow_redirects)
           ^^^^^^^^^^^^^^^^^^^^^^^^^^^^^^^^^^^^^^^^^^^^^^^^^^^^^^^^^^^^^^^^^^^^^^
  File "C:\Users\LENOVO\Documents\CoinSeer\venv\Lib\site-packages\httpx\_client.py", line 1629, in send
    response = await self._send_handling_auth(
               ^^^^^^^^^^^^^^^^^^^^^^^^^^^^^^^
  File "C:\Users\LENOVO\Documents\CoinSeer\venv\Lib\site-packages\httpx\_client.py", line 1657, in _send_handling_auth
    response = await self._send_handling_redirects(
               ^^^^^^^^^^^^^^^^^^^^^^^^^^^^^^^^^^^^
  File "C:\Users\LENOVO\Documents\CoinSeer\venv\Lib\site-packages\httpx\_client.py", line 1694, in _send_handling_redirects
    response = await self._send_single_request(request)
               ^^^^^^^^^^^^^^^^^^^^^^^^^^^^^^^^^^^^^^^^
  File "C:\Users\LENOVO\Documents\CoinSeer\venv\Lib\site-packages\httpx\_client.py", line 1730, in _send_single_request
    response = await transport.handle_async_request(request)
               ^^^^^^^^^^^^^^^^^^^^^^^^^^^^^^^^^^^^^^^^^^^^^
  File "C:\Users\LENOVO\Documents\CoinSeer\venv\Lib\site-packages\httpx\_transports\default.py", line 393, in handle_async_request
    with map_httpcore_exceptions():
         ^^^^^^^^^^^^^^^^^^^^^^^^^
  File "C:\Program Files\WindowsApps\PythonSoftwareFoundation.Python.3.12_3.12.2800.0_x64__qbz5n2kfra8p0\Lib\contextlib.py", line 158, in __exit__
    self.gen.throw(value)
  File "C:\Users\LENOVO\Documents\CoinSeer\venv\Lib\site-packages\httpx\_transports\default.py", line 118, in map_httpcore_exceptions
    raise mapped_exc(message) from exc
httpx.ConnectError: [Errno 11001] getaddrinfo failed

The above exception was the direct cause of the following exception:

Traceback (most recent call last):
  File "C:\Users\LENOVO\Documents\CoinSeer\venv\Lib\site-packages\telegram\ext\_utils\networkloop.py", line 115, in network_retry_loop
    if not await do_action():
           ^^^^^^^^^^^^^^^^^
  File "C:\Users\LENOVO\Documents\CoinSeer\venv\Lib\site-packages\telegram\ext\_utils\networkloop.py", line 108, in do_action
    return action_cb_task.result()
           ^^^^^^^^^^^^^^^^^^^^^^^
  File "C:\Users\LENOVO\Documents\CoinSeer\venv\Lib\site-packages\telegram\ext\_updater.py", line 335, in polling_action_cb
    updates = await self.bot.get_updates(
              ^^^^^^^^^^^^^^^^^^^^^^^^^^^
  File "C:\Users\LENOVO\Documents\CoinSeer\venv\Lib\site-packages\telegram\ext\_extbot.py", line 669, in get_updates
    updates = await super().get_updates(
              ^^^^^^^^^^^^^^^^^^^^^^^^^^
  File "C:\Users\LENOVO\Documents\CoinSeer\venv\Lib\site-packages\telegram\_bot.py", line 4601, in get_updates
    await self._post(
  File "C:\Users\LENOVO\Documents\CoinSeer\venv\Lib\site-packages\telegram\_bot.py", line 697, in _post
    return await self._do_post(
           ^^^^^^^^^^^^^^^^^^^^
  File "C:\Users\LENOVO\Documents\CoinSeer\venv\Lib\site-packages\telegram\ext\_extbot.py", line 369, in _do_post
    return await super()._do_post(
           ^^^^^^^^^^^^^^^^^^^^^^^
  File "C:\Users\LENOVO\Documents\CoinSeer\venv\Lib\site-packages\telegram\_bot.py", line 726, in _do_post
    result = await request.post(
             ^^^^^^^^^^^^^^^^^^^
  File "C:\Users\LENOVO\Documents\CoinSeer\venv\Lib\site-packages\telegram\request\_baserequest.py", line 197, in post
    result = await self._request_wrapper(
             ^^^^^^^^^^^^^^^^^^^^^^^^^^^^
  File "C:\Users\LENOVO\Documents\CoinSeer\venv\Lib\site-packages\telegram\request\_baserequest.py", line 304, in _request_wrapper
    code, payload = await self.do_request(
                    ^^^^^^^^^^^^^^^^^^^^^^
  File "C:\Users\LENOVO\Documents\CoinSeer\venv\Lib\site-packages\telegram\request\_httpxrequest.py", line 297, in do_request
    raise NetworkError(f"httpx.{err.__class__.__name__}: {err}") from err
telegram.error.NetworkError: httpx.ConnectError: [Errno 11001] getaddrinfo failed
2025-07-28 13:10:39,411 - telegram.ext.Application - ERROR - No error handlers are registered, logging exception.
Traceback (most recent call last):
  File "C:\Users\LENOVO\Documents\CoinSeer\venv\Lib\site-packages\httpx\_transports\default.py", line 101, in map_httpcore_exceptions
    yield
  File "C:\Users\LENOVO\Documents\CoinSeer\venv\Lib\site-packages\httpx\_transports\default.py", line 394, in handle_async_request
    resp = await self._pool.handle_async_request(req)
           ^^^^^^^^^^^^^^^^^^^^^^^^^^^^^^^^^^^^^^^^^^
  File "C:\Users\LENOVO\Documents\CoinSeer\venv\Lib\site-packages\httpcore\_async\connection_pool.py", line 256, in handle_async_request
    raise exc from None
  File "C:\Users\LENOVO\Documents\CoinSeer\venv\Lib\site-packages\httpcore\_async\connection_pool.py", line 236, in handle_async_request
    response = await connection.handle_async_request(
               ^^^^^^^^^^^^^^^^^^^^^^^^^^^^^^^^^^^^^^
  File "C:\Users\LENOVO\Documents\CoinSeer\venv\Lib\site-packages\httpcore\_async\connection.py", line 101, in handle_async_request
    raise exc
  File "C:\Users\LENOVO\Documents\CoinSeer\venv\Lib\site-packages\httpcore\_async\connection.py", line 78, in handle_async_request
    stream = await self._connect(request)
             ^^^^^^^^^^^^^^^^^^^^^^^^^^^^
  File "C:\Users\LENOVO\Documents\CoinSeer\venv\Lib\site-packages\httpcore\_async\connection.py", line 124, in _connect
    stream = await self._network_backend.connect_tcp(**kwargs)
             ^^^^^^^^^^^^^^^^^^^^^^^^^^^^^^^^^^^^^^^^^^^^^^^^^
  File "C:\Users\LENOVO\Documents\CoinSeer\venv\Lib\site-packages\httpcore\_backends\auto.py", line 31, in connect_tcp
    return await self._backend.connect_tcp(
           ^^^^^^^^^^^^^^^^^^^^^^^^^^^^^^^^
  File "C:\Users\LENOVO\Documents\CoinSeer\venv\Lib\site-packages\httpcore\_backends\anyio.py", line 113, in connect_tcp
    with map_exceptions(exc_map):
         ^^^^^^^^^^^^^^^^^^^^^^^
  File "C:\Program Files\WindowsApps\PythonSoftwareFoundation.Python.3.12_3.12.2800.0_x64__qbz5n2kfra8p0\Lib\contextlib.py", line 158, in __exit__
    self.gen.throw(value)
  File "C:\Users\LENOVO\Documents\CoinSeer\venv\Lib\site-packages\httpcore\_exceptions.py", line 14, in map_exceptions
    raise to_exc(exc) from exc
httpcore.ConnectError: [Errno 11001] getaddrinfo failed

The above exception was the direct cause of the following exception:

Traceback (most recent call last):
  File "C:\Users\LENOVO\Documents\CoinSeer\venv\Lib\site-packages\telegram\request\_httpxrequest.py", line 273, in do_request
    res = await self._client.request(
          ^^^^^^^^^^^^^^^^^^^^^^^^^^^
  File "C:\Users\LENOVO\Documents\CoinSeer\venv\Lib\site-packages\httpx\_client.py", line 1540, in request
    return await self.send(request, auth=auth, follow_redirects=follow_redirects)
           ^^^^^^^^^^^^^^^^^^^^^^^^^^^^^^^^^^^^^^^^^^^^^^^^^^^^^^^^^^^^^^^^^^^^^^
  File "C:\Users\LENOVO\Documents\CoinSeer\venv\Lib\site-packages\httpx\_client.py", line 1629, in send
    response = await self._send_handling_auth(
               ^^^^^^^^^^^^^^^^^^^^^^^^^^^^^^^
  File "C:\Users\LENOVO\Documents\CoinSeer\venv\Lib\site-packages\httpx\_client.py", line 1657, in _send_handling_auth
    response = await self._send_handling_redirects(
               ^^^^^^^^^^^^^^^^^^^^^^^^^^^^^^^^^^^^
  File "C:\Users\LENOVO\Documents\CoinSeer\venv\Lib\site-packages\httpx\_client.py", line 1694, in _send_handling_redirects
    response = await self._send_single_request(request)
               ^^^^^^^^^^^^^^^^^^^^^^^^^^^^^^^^^^^^^^^^
  File "C:\Users\LENOVO\Documents\CoinSeer\venv\Lib\site-packages\httpx\_client.py", line 1730, in _send_single_request
    response = await transport.handle_async_request(request)
               ^^^^^^^^^^^^^^^^^^^^^^^^^^^^^^^^^^^^^^^^^^^^^
  File "C:\Users\LENOVO\Documents\CoinSeer\venv\Lib\site-packages\httpx\_transports\default.py", line 393, in handle_async_request
    with map_httpcore_exceptions():
         ^^^^^^^^^^^^^^^^^^^^^^^^^
  File "C:\Program Files\WindowsApps\PythonSoftwareFoundation.Python.3.12_3.12.2800.0_x64__qbz5n2kfra8p0\Lib\contextlib.py", line 158, in __exit__
    self.gen.throw(value)
  File "C:\Users\LENOVO\Documents\CoinSeer\venv\Lib\site-packages\httpx\_transports\default.py", line 118, in map_httpcore_exceptions
    raise mapped_exc(message) from exc
httpx.ConnectError: [Errno 11001] getaddrinfo failed

The above exception was the direct cause of the following exception:

Traceback (most recent call last):
  File "C:\Users\LENOVO\Documents\CoinSeer\venv\Lib\site-packages\telegram\ext\_utils\networkloop.py", line 115, in network_retry_loop
    if not await do_action():
           ^^^^^^^^^^^^^^^^^
  File "C:\Users\LENOVO\Documents\CoinSeer\venv\Lib\site-packages\telegram\ext\_utils\networkloop.py", line 108, in do_action
    return action_cb_task.result()
           ^^^^^^^^^^^^^^^^^^^^^^^
  File "C:\Users\LENOVO\Documents\CoinSeer\venv\Lib\site-packages\telegram\ext\_updater.py", line 335, in polling_action_cb
    updates = await self.bot.get_updates(
              ^^^^^^^^^^^^^^^^^^^^^^^^^^^
  File "C:\Users\LENOVO\Documents\CoinSeer\venv\Lib\site-packages\telegram\ext\_extbot.py", line 669, in get_updates
    updates = await super().get_updates(
              ^^^^^^^^^^^^^^^^^^^^^^^^^^
  File "C:\Users\LENOVO\Documents\CoinSeer\venv\Lib\site-packages\telegram\_bot.py", line 4601, in get_updates
    await self._post(
  File "C:\Users\LENOVO\Documents\CoinSeer\venv\Lib\site-packages\telegram\_bot.py", line 697, in _post
    return await self._do_post(
           ^^^^^^^^^^^^^^^^^^^^
  File "C:\Users\LENOVO\Documents\CoinSeer\venv\Lib\site-packages\telegram\ext\_extbot.py", line 369, in _do_post
    return await super()._do_post(
           ^^^^^^^^^^^^^^^^^^^^^^^
  File "C:\Users\LENOVO\Documents\CoinSeer\venv\Lib\site-packages\telegram\_bot.py", line 726, in _do_post
    result = await request.post(
             ^^^^^^^^^^^^^^^^^^^
  File "C:\Users\LENOVO\Documents\CoinSeer\venv\Lib\site-packages\telegram\request\_baserequest.py", line 197, in post
    result = await self._request_wrapper(
             ^^^^^^^^^^^^^^^^^^^^^^^^^^^^
  File "C:\Users\LENOVO\Documents\CoinSeer\venv\Lib\site-packages\telegram\request\_baserequest.py", line 304, in _request_wrapper
    code, payload = await self.do_request(
                    ^^^^^^^^^^^^^^^^^^^^^^
  File "C:\Users\LENOVO\Documents\CoinSeer\venv\Lib\site-packages\telegram\request\_httpxrequest.py", line 297, in do_request
    raise NetworkError(f"httpx.{err.__class__.__name__}: {err}") from err
telegram.error.NetworkError: httpx.ConnectError: [Errno 11001] getaddrinfo failed
2025-07-28 13:10:46,154 - apscheduler.executors.default - INFO - Running job "check_price_alerts (trigger: interval[0:01:00], next run at: 2025-07-28 12:11:46 UTC)" (scheduled at 2025-07-28 12:10:46.130707+00:00)
2025-07-28 13:10:46,157 - apscheduler.executors.default - INFO - Job "check_price_alerts (trigger: interval[0:01:00], next run at: 2025-07-28 12:11:46 UTC)" executed successfully
2025-07-28 13:10:46,158 - apscheduler.executors.default - INFO - Running job "check_volume_alerts (trigger: interval[0:05:00], next run at: 2025-07-28 12:15:46 UTC)" (scheduled at 2025-07-28 12:10:46.153148+00:00)
2025-07-28 13:10:46,160 - apscheduler.executors.default - INFO - Job "check_volume_alerts (trigger: interval[0:05:00], next run at: 2025-07-28 12:15:46 UTC)" executed successfully
2025-07-28 13:11:09,420 - telegram.ext.Application - ERROR - No error handlers are registered, logging exception.
Traceback (most recent call last):
  File "C:\Users\LENOVO\Documents\CoinSeer\venv\Lib\site-packages\httpx\_transports\default.py", line 101, in map_httpcore_exceptions
    yield
  File "C:\Users\LENOVO\Documents\CoinSeer\venv\Lib\site-packages\httpx\_transports\default.py", line 394, in handle_async_request
    resp = await self._pool.handle_async_request(req)
           ^^^^^^^^^^^^^^^^^^^^^^^^^^^^^^^^^^^^^^^^^^
  File "C:\Users\LENOVO\Documents\CoinSeer\venv\Lib\site-packages\httpcore\_async\connection_pool.py", line 256, in handle_async_request
    raise exc from None
  File "C:\Users\LENOVO\Documents\CoinSeer\venv\Lib\site-packages\httpcore\_async\connection_pool.py", line 236, in handle_async_request
    response = await connection.handle_async_request(
               ^^^^^^^^^^^^^^^^^^^^^^^^^^^^^^^^^^^^^^
  File "C:\Users\LENOVO\Documents\CoinSeer\venv\Lib\site-packages\httpcore\_async\connection.py", line 101, in handle_async_request
    raise exc
  File "C:\Users\LENOVO\Documents\CoinSeer\venv\Lib\site-packages\httpcore\_async\connection.py", line 78, in handle_async_request
    stream = await self._connect(request)
             ^^^^^^^^^^^^^^^^^^^^^^^^^^^^
  File "C:\Users\LENOVO\Documents\CoinSeer\venv\Lib\site-packages\httpcore\_async\connection.py", line 124, in _connect
    stream = await self._network_backend.connect_tcp(**kwargs)
             ^^^^^^^^^^^^^^^^^^^^^^^^^^^^^^^^^^^^^^^^^^^^^^^^^
  File "C:\Users\LENOVO\Documents\CoinSeer\venv\Lib\site-packages\httpcore\_backends\auto.py", line 31, in connect_tcp
    return await self._backend.connect_tcp(
           ^^^^^^^^^^^^^^^^^^^^^^^^^^^^^^^^
  File "C:\Users\LENOVO\Documents\CoinSeer\venv\Lib\site-packages\httpcore\_backends\anyio.py", line 113, in connect_tcp
    with map_exceptions(exc_map):
         ^^^^^^^^^^^^^^^^^^^^^^^
  File "C:\Program Files\WindowsApps\PythonSoftwareFoundation.Python.3.12_3.12.2800.0_x64__qbz5n2kfra8p0\Lib\contextlib.py", line 158, in __exit__
    self.gen.throw(value)
  File "C:\Users\LENOVO\Documents\CoinSeer\venv\Lib\site-packages\httpcore\_exceptions.py", line 14, in map_exceptions
    raise to_exc(exc) from exc
httpcore.ConnectError: [Errno 11001] getaddrinfo failed

The above exception was the direct cause of the following exception:

Traceback (most recent call last):
  File "C:\Users\LENOVO\Documents\CoinSeer\venv\Lib\site-packages\telegram\request\_httpxrequest.py", line 273, in do_request
    res = await self._client.request(
          ^^^^^^^^^^^^^^^^^^^^^^^^^^^
  File "C:\Users\LENOVO\Documents\CoinSeer\venv\Lib\site-packages\httpx\_client.py", line 1540, in request
    return await self.send(request, auth=auth, follow_redirects=follow_redirects)
           ^^^^^^^^^^^^^^^^^^^^^^^^^^^^^^^^^^^^^^^^^^^^^^^^^^^^^^^^^^^^^^^^^^^^^^
  File "C:\Users\LENOVO\Documents\CoinSeer\venv\Lib\site-packages\httpx\_client.py", line 1629, in send
    response = await self._send_handling_auth(
               ^^^^^^^^^^^^^^^^^^^^^^^^^^^^^^^
  File "C:\Users\LENOVO\Documents\CoinSeer\venv\Lib\site-packages\httpx\_client.py", line 1657, in _send_handling_auth
    response = await self._send_handling_redirects(
               ^^^^^^^^^^^^^^^^^^^^^^^^^^^^^^^^^^^^
  File "C:\Users\LENOVO\Documents\CoinSeer\venv\Lib\site-packages\httpx\_client.py", line 1694, in _send_handling_redirects
    response = await self._send_single_request(request)
               ^^^^^^^^^^^^^^^^^^^^^^^^^^^^^^^^^^^^^^^^
  File "C:\Users\LENOVO\Documents\CoinSeer\venv\Lib\site-packages\httpx\_client.py", line 1730, in _send_single_request
    response = await transport.handle_async_request(request)
               ^^^^^^^^^^^^^^^^^^^^^^^^^^^^^^^^^^^^^^^^^^^^^
  File "C:\Users\LENOVO\Documents\CoinSeer\venv\Lib\site-packages\httpx\_transports\default.py", line 393, in handle_async_request
    with map_httpcore_exceptions():
         ^^^^^^^^^^^^^^^^^^^^^^^^^
  File "C:\Program Files\WindowsApps\PythonSoftwareFoundation.Python.3.12_3.12.2800.0_x64__qbz5n2kfra8p0\Lib\contextlib.py", line 158, in __exit__
    self.gen.throw(value)
  File "C:\Users\LENOVO\Documents\CoinSeer\venv\Lib\site-packages\httpx\_transports\default.py", line 118, in map_httpcore_exceptions
    raise mapped_exc(message) from exc
httpx.ConnectError: [Errno 11001] getaddrinfo failed

The above exception was the direct cause of the following exception:

Traceback (most recent call last):
  File "C:\Users\LENOVO\Documents\CoinSeer\venv\Lib\site-packages\telegram\ext\_utils\networkloop.py", line 115, in network_retry_loop
    if not await do_action():
           ^^^^^^^^^^^^^^^^^
  File "C:\Users\LENOVO\Documents\CoinSeer\venv\Lib\site-packages\telegram\ext\_utils\networkloop.py", line 108, in do_action
    return action_cb_task.result()
           ^^^^^^^^^^^^^^^^^^^^^^^
  File "C:\Users\LENOVO\Documents\CoinSeer\venv\Lib\site-packages\telegram\ext\_updater.py", line 335, in polling_action_cb
    updates = await self.bot.get_updates(
              ^^^^^^^^^^^^^^^^^^^^^^^^^^^
  File "C:\Users\LENOVO\Documents\CoinSeer\venv\Lib\site-packages\telegram\ext\_extbot.py", line 669, in get_updates
    updates = await super().get_updates(
              ^^^^^^^^^^^^^^^^^^^^^^^^^^
  File "C:\Users\LENOVO\Documents\CoinSeer\venv\Lib\site-packages\telegram\_bot.py", line 4601, in get_updates
    await self._post(
  File "C:\Users\LENOVO\Documents\CoinSeer\venv\Lib\site-packages\telegram\_bot.py", line 697, in _post
    return await self._do_post(
           ^^^^^^^^^^^^^^^^^^^^
  File "C:\Users\LENOVO\Documents\CoinSeer\venv\Lib\site-packages\telegram\ext\_extbot.py", line 369, in _do_post
    return await super()._do_post(
           ^^^^^^^^^^^^^^^^^^^^^^^
  File "C:\Users\LENOVO\Documents\CoinSeer\venv\Lib\site-packages\telegram\_bot.py", line 726, in _do_post
    result = await request.post(
             ^^^^^^^^^^^^^^^^^^^
  File "C:\Users\LENOVO\Documents\CoinSeer\venv\Lib\site-packages\telegram\request\_baserequest.py", line 197, in post
    result = await self._request_wrapper(
             ^^^^^^^^^^^^^^^^^^^^^^^^^^^^
  File "C:\Users\LENOVO\Documents\CoinSeer\venv\Lib\site-packages\telegram\request\_baserequest.py", line 304, in _request_wrapper
    code, payload = await self.do_request(
                    ^^^^^^^^^^^^^^^^^^^^^^
  File "C:\Users\LENOVO\Documents\CoinSeer\venv\Lib\site-packages\telegram\request\_httpxrequest.py", line 297, in do_request
    raise NetworkError(f"httpx.{err.__class__.__name__}: {err}") from err
telegram.error.NetworkError: httpx.ConnectError: [Errno 11001] getaddrinfo failed
2025-07-28 13:11:39,437 - telegram.ext.Application - ERROR - No error handlers are registered, logging exception.
Traceback (most recent call last):
  File "C:\Users\LENOVO\Documents\CoinSeer\venv\Lib\site-packages\httpx\_transports\default.py", line 101, in map_httpcore_exceptions
    yield
  File "C:\Users\LENOVO\Documents\CoinSeer\venv\Lib\site-packages\httpx\_transports\default.py", line 394, in handle_async_request
    resp = await self._pool.handle_async_request(req)
           ^^^^^^^^^^^^^^^^^^^^^^^^^^^^^^^^^^^^^^^^^^
  File "C:\Users\LENOVO\Documents\CoinSeer\venv\Lib\site-packages\httpcore\_async\connection_pool.py", line 256, in handle_async_request
    raise exc from None
  File "C:\Users\LENOVO\Documents\CoinSeer\venv\Lib\site-packages\httpcore\_async\connection_pool.py", line 236, in handle_async_request
    response = await connection.handle_async_request(
               ^^^^^^^^^^^^^^^^^^^^^^^^^^^^^^^^^^^^^^
  File "C:\Users\LENOVO\Documents\CoinSeer\venv\Lib\site-packages\httpcore\_async\connection.py", line 101, in handle_async_request
    raise exc
  File "C:\Users\LENOVO\Documents\CoinSeer\venv\Lib\site-packages\httpcore\_async\connection.py", line 78, in handle_async_request
    stream = await self._connect(request)
             ^^^^^^^^^^^^^^^^^^^^^^^^^^^^
  File "C:\Users\LENOVO\Documents\CoinSeer\venv\Lib\site-packages\httpcore\_async\connection.py", line 124, in _connect
    stream = await self._network_backend.connect_tcp(**kwargs)
             ^^^^^^^^^^^^^^^^^^^^^^^^^^^^^^^^^^^^^^^^^^^^^^^^^
  File "C:\Users\LENOVO\Documents\CoinSeer\venv\Lib\site-packages\httpcore\_backends\auto.py", line 31, in connect_tcp
    return await self._backend.connect_tcp(
           ^^^^^^^^^^^^^^^^^^^^^^^^^^^^^^^^
  File "C:\Users\LENOVO\Documents\CoinSeer\venv\Lib\site-packages\httpcore\_backends\anyio.py", line 113, in connect_tcp
    with map_exceptions(exc_map):
         ^^^^^^^^^^^^^^^^^^^^^^^
  File "C:\Program Files\WindowsApps\PythonSoftwareFoundation.Python.3.12_3.12.2800.0_x64__qbz5n2kfra8p0\Lib\contextlib.py", line 158, in __exit__
    self.gen.throw(value)
  File "C:\Users\LENOVO\Documents\CoinSeer\venv\Lib\site-packages\httpcore\_exceptions.py", line 14, in map_exceptions
    raise to_exc(exc) from exc
httpcore.ConnectError: [Errno 11001] getaddrinfo failed

The above exception was the direct cause of the following exception:

Traceback (most recent call last):
  File "C:\Users\LENOVO\Documents\CoinSeer\venv\Lib\site-packages\telegram\request\_httpxrequest.py", line 273, in do_request
    res = await self._client.request(
          ^^^^^^^^^^^^^^^^^^^^^^^^^^^
  File "C:\Users\LENOVO\Documents\CoinSeer\venv\Lib\site-packages\httpx\_client.py", line 1540, in request
    return await self.send(request, auth=auth, follow_redirects=follow_redirects)
           ^^^^^^^^^^^^^^^^^^^^^^^^^^^^^^^^^^^^^^^^^^^^^^^^^^^^^^^^^^^^^^^^^^^^^^
  File "C:\Users\LENOVO\Documents\CoinSeer\venv\Lib\site-packages\httpx\_client.py", line 1629, in send
    response = await self._send_handling_auth(
               ^^^^^^^^^^^^^^^^^^^^^^^^^^^^^^^
  File "C:\Users\LENOVO\Documents\CoinSeer\venv\Lib\site-packages\httpx\_client.py", line 1657, in _send_handling_auth
    response = await self._send_handling_redirects(
               ^^^^^^^^^^^^^^^^^^^^^^^^^^^^^^^^^^^^
  File "C:\Users\LENOVO\Documents\CoinSeer\venv\Lib\site-packages\httpx\_client.py", line 1694, in _send_handling_redirects
    response = await self._send_single_request(request)
               ^^^^^^^^^^^^^^^^^^^^^^^^^^^^^^^^^^^^^^^^
  File "C:\Users\LENOVO\Documents\CoinSeer\venv\Lib\site-packages\httpx\_client.py", line 1730, in _send_single_request
    response = await transport.handle_async_request(request)
               ^^^^^^^^^^^^^^^^^^^^^^^^^^^^^^^^^^^^^^^^^^^^^
  File "C:\Users\LENOVO\Documents\CoinSeer\venv\Lib\site-packages\httpx\_transports\default.py", line 393, in handle_async_request
    with map_httpcore_exceptions():
         ^^^^^^^^^^^^^^^^^^^^^^^^^
  File "C:\Program Files\WindowsApps\PythonSoftwareFoundation.Python.3.12_3.12.2800.0_x64__qbz5n2kfra8p0\Lib\contextlib.py", line 158, in __exit__
    self.gen.throw(value)
  File "C:\Users\LENOVO\Documents\CoinSeer\venv\Lib\site-packages\httpx\_transports\default.py", line 118, in map_httpcore_exceptions
    raise mapped_exc(message) from exc
httpx.ConnectError: [Errno 11001] getaddrinfo failed

The above exception was the direct cause of the following exception:

Traceback (most recent call last):
  File "C:\Users\LENOVO\Documents\CoinSeer\venv\Lib\site-packages\telegram\ext\_utils\networkloop.py", line 115, in network_retry_loop
    if not await do_action():
           ^^^^^^^^^^^^^^^^^
  File "C:\Users\LENOVO\Documents\CoinSeer\venv\Lib\site-packages\telegram\ext\_utils\networkloop.py", line 108, in do_action
    return action_cb_task.result()
           ^^^^^^^^^^^^^^^^^^^^^^^
  File "C:\Users\LENOVO\Documents\CoinSeer\venv\Lib\site-packages\telegram\ext\_updater.py", line 335, in polling_action_cb
    updates = await self.bot.get_updates(
              ^^^^^^^^^^^^^^^^^^^^^^^^^^^
  File "C:\Users\LENOVO\Documents\CoinSeer\venv\Lib\site-packages\telegram\ext\_extbot.py", line 669, in get_updates
    updates = await super().get_updates(
              ^^^^^^^^^^^^^^^^^^^^^^^^^^
  File "C:\Users\LENOVO\Documents\CoinSeer\venv\Lib\site-packages\telegram\_bot.py", line 4601, in get_updates
    await self._post(
  File "C:\Users\LENOVO\Documents\CoinSeer\venv\Lib\site-packages\telegram\_bot.py", line 697, in _post
    return await self._do_post(
           ^^^^^^^^^^^^^^^^^^^^
  File "C:\Users\LENOVO\Documents\CoinSeer\venv\Lib\site-packages\telegram\ext\_extbot.py", line 369, in _do_post
    return await super()._do_post(
           ^^^^^^^^^^^^^^^^^^^^^^^
  File "C:\Users\LENOVO\Documents\CoinSeer\venv\Lib\site-packages\telegram\_bot.py", line 726, in _do_post
    result = await request.post(
             ^^^^^^^^^^^^^^^^^^^
  File "C:\Users\LENOVO\Documents\CoinSeer\venv\Lib\site-packages\telegram\request\_baserequest.py", line 197, in post
    result = await self._request_wrapper(
             ^^^^^^^^^^^^^^^^^^^^^^^^^^^^
  File "C:\Users\LENOVO\Documents\CoinSeer\venv\Lib\site-packages\telegram\request\_baserequest.py", line 304, in _request_wrapper
    code, payload = await self.do_request(
                    ^^^^^^^^^^^^^^^^^^^^^^
  File "C:\Users\LENOVO\Documents\CoinSeer\venv\Lib\site-packages\telegram\request\_httpxrequest.py", line 297, in do_request
    raise NetworkError(f"httpx.{err.__class__.__name__}: {err}") from err
telegram.error.NetworkError: httpx.ConnectError: [Errno 11001] getaddrinfo failed
2025-07-28 13:11:46,143 - apscheduler.executors.default - INFO - Running job "check_price_alerts (trigger: interval[0:01:00], next run at: 2025-07-28 12:12:46 UTC)" (scheduled at 2025-07-28 12:11:46.130707+00:00)
2025-07-28 13:11:46,147 - apscheduler.executors.default - INFO - Job "check_price_alerts (trigger: interval[0:01:00], next run at: 2025-07-28 12:12:46 UTC)" executed successfully
2025-07-28 13:12:09,464 - telegram.ext.Application - ERROR - No error handlers are registered, logging exception.
Traceback (most recent call last):
  File "C:\Users\LENOVO\Documents\CoinSeer\venv\Lib\site-packages\httpx\_transports\default.py", line 101, in map_httpcore_exceptions
    yield
  File "C:\Users\LENOVO\Documents\CoinSeer\venv\Lib\site-packages\httpx\_transports\default.py", line 394, in handle_async_request
    resp = await self._pool.handle_async_request(req)
           ^^^^^^^^^^^^^^^^^^^^^^^^^^^^^^^^^^^^^^^^^^
  File "C:\Users\LENOVO\Documents\CoinSeer\venv\Lib\site-packages\httpcore\_async\connection_pool.py", line 256, in handle_async_request
    raise exc from None
  File "C:\Users\LENOVO\Documents\CoinSeer\venv\Lib\site-packages\httpcore\_async\connection_pool.py", line 236, in handle_async_request
    response = await connection.handle_async_request(
               ^^^^^^^^^^^^^^^^^^^^^^^^^^^^^^^^^^^^^^
  File "C:\Users\LENOVO\Documents\CoinSeer\venv\Lib\site-packages\httpcore\_async\connection.py", line 101, in handle_async_request
    raise exc
  File "C:\Users\LENOVO\Documents\CoinSeer\venv\Lib\site-packages\httpcore\_async\connection.py", line 78, in handle_async_request
    stream = await self._connect(request)
             ^^^^^^^^^^^^^^^^^^^^^^^^^^^^
  File "C:\Users\LENOVO\Documents\CoinSeer\venv\Lib\site-packages\httpcore\_async\connection.py", line 124, in _connect
    stream = await self._network_backend.connect_tcp(**kwargs)
             ^^^^^^^^^^^^^^^^^^^^^^^^^^^^^^^^^^^^^^^^^^^^^^^^^
  File "C:\Users\LENOVO\Documents\CoinSeer\venv\Lib\site-packages\httpcore\_backends\auto.py", line 31, in connect_tcp
    return await self._backend.connect_tcp(
           ^^^^^^^^^^^^^^^^^^^^^^^^^^^^^^^^
  File "C:\Users\LENOVO\Documents\CoinSeer\venv\Lib\site-packages\httpcore\_backends\anyio.py", line 113, in connect_tcp
    with map_exceptions(exc_map):
         ^^^^^^^^^^^^^^^^^^^^^^^
  File "C:\Program Files\WindowsApps\PythonSoftwareFoundation.Python.3.12_3.12.2800.0_x64__qbz5n2kfra8p0\Lib\contextlib.py", line 158, in __exit__
    self.gen.throw(value)
  File "C:\Users\LENOVO\Documents\CoinSeer\venv\Lib\site-packages\httpcore\_exceptions.py", line 14, in map_exceptions
    raise to_exc(exc) from exc
httpcore.ConnectError: [Errno 11001] getaddrinfo failed

The above exception was the direct cause of the following exception:

Traceback (most recent call last):
  File "C:\Users\LENOVO\Documents\CoinSeer\venv\Lib\site-packages\telegram\request\_httpxrequest.py", line 273, in do_request
    res = await self._client.request(
          ^^^^^^^^^^^^^^^^^^^^^^^^^^^
  File "C:\Users\LENOVO\Documents\CoinSeer\venv\Lib\site-packages\httpx\_client.py", line 1540, in request
    return await self.send(request, auth=auth, follow_redirects=follow_redirects)
           ^^^^^^^^^^^^^^^^^^^^^^^^^^^^^^^^^^^^^^^^^^^^^^^^^^^^^^^^^^^^^^^^^^^^^^
  File "C:\Users\LENOVO\Documents\CoinSeer\venv\Lib\site-packages\httpx\_client.py", line 1629, in send
    response = await self._send_handling_auth(
               ^^^^^^^^^^^^^^^^^^^^^^^^^^^^^^^
  File "C:\Users\LENOVO\Documents\CoinSeer\venv\Lib\site-packages\httpx\_client.py", line 1657, in _send_handling_auth
    response = await self._send_handling_redirects(
               ^^^^^^^^^^^^^^^^^^^^^^^^^^^^^^^^^^^^
  File "C:\Users\LENOVO\Documents\CoinSeer\venv\Lib\site-packages\httpx\_client.py", line 1694, in _send_handling_redirects
    response = await self._send_single_request(request)
               ^^^^^^^^^^^^^^^^^^^^^^^^^^^^^^^^^^^^^^^^
  File "C:\Users\LENOVO\Documents\CoinSeer\venv\Lib\site-packages\httpx\_client.py", line 1730, in _send_single_request
    response = await transport.handle_async_request(request)
               ^^^^^^^^^^^^^^^^^^^^^^^^^^^^^^^^^^^^^^^^^^^^^
  File "C:\Users\LENOVO\Documents\CoinSeer\venv\Lib\site-packages\httpx\_transports\default.py", line 393, in handle_async_request
    with map_httpcore_exceptions():
         ^^^^^^^^^^^^^^^^^^^^^^^^^
  File "C:\Program Files\WindowsApps\PythonSoftwareFoundation.Python.3.12_3.12.2800.0_x64__qbz5n2kfra8p0\Lib\contextlib.py", line 158, in __exit__
    self.gen.throw(value)
  File "C:\Users\LENOVO\Documents\CoinSeer\venv\Lib\site-packages\httpx\_transports\default.py", line 118, in map_httpcore_exceptions
    raise mapped_exc(message) from exc
httpx.ConnectError: [Errno 11001] getaddrinfo failed

The above exception was the direct cause of the following exception:

Traceback (most recent call last):
  File "C:\Users\LENOVO\Documents\CoinSeer\venv\Lib\site-packages\telegram\ext\_utils\networkloop.py", line 115, in network_retry_loop
    if not await do_action():
           ^^^^^^^^^^^^^^^^^
  File "C:\Users\LENOVO\Documents\CoinSeer\venv\Lib\site-packages\telegram\ext\_utils\networkloop.py", line 108, in do_action
    return action_cb_task.result()
           ^^^^^^^^^^^^^^^^^^^^^^^
  File "C:\Users\LENOVO\Documents\CoinSeer\venv\Lib\site-packages\telegram\ext\_updater.py", line 335, in polling_action_cb
    updates = await self.bot.get_updates(
              ^^^^^^^^^^^^^^^^^^^^^^^^^^^
  File "C:\Users\LENOVO\Documents\CoinSeer\venv\Lib\site-packages\telegram\ext\_extbot.py", line 669, in get_updates
    updates = await super().get_updates(
              ^^^^^^^^^^^^^^^^^^^^^^^^^^
  File "C:\Users\LENOVO\Documents\CoinSeer\venv\Lib\site-packages\telegram\_bot.py", line 4601, in get_updates
    await self._post(
  File "C:\Users\LENOVO\Documents\CoinSeer\venv\Lib\site-packages\telegram\_bot.py", line 697, in _post
    return await self._do_post(
           ^^^^^^^^^^^^^^^^^^^^
  File "C:\Users\LENOVO\Documents\CoinSeer\venv\Lib\site-packages\telegram\ext\_extbot.py", line 369, in _do_post
    return await super()._do_post(
           ^^^^^^^^^^^^^^^^^^^^^^^
  File "C:\Users\LENOVO\Documents\CoinSeer\venv\Lib\site-packages\telegram\_bot.py", line 726, in _do_post
    result = await request.post(
             ^^^^^^^^^^^^^^^^^^^
  File "C:\Users\LENOVO\Documents\CoinSeer\venv\Lib\site-packages\telegram\request\_baserequest.py", line 197, in post
    result = await self._request_wrapper(
             ^^^^^^^^^^^^^^^^^^^^^^^^^^^^
  File "C:\Users\LENOVO\Documents\CoinSeer\venv\Lib\site-packages\telegram\request\_baserequest.py", line 304, in _request_wrapper
    code, payload = await self.do_request(
                    ^^^^^^^^^^^^^^^^^^^^^^
  File "C:\Users\LENOVO\Documents\CoinSeer\venv\Lib\site-packages\telegram\request\_httpxrequest.py", line 297, in do_request
    raise NetworkError(f"httpx.{err.__class__.__name__}: {err}") from err
telegram.error.NetworkError: httpx.ConnectError: [Errno 11001] getaddrinfo failed
2025-07-28 13:12:39,470 - telegram.ext.Application - ERROR - No error handlers are registered, logging exception.
Traceback (most recent call last):
  File "C:\Users\LENOVO\Documents\CoinSeer\venv\Lib\site-packages\httpx\_transports\default.py", line 101, in map_httpcore_exceptions
    yield
  File "C:\Users\LENOVO\Documents\CoinSeer\venv\Lib\site-packages\httpx\_transports\default.py", line 394, in handle_async_request
    resp = await self._pool.handle_async_request(req)
           ^^^^^^^^^^^^^^^^^^^^^^^^^^^^^^^^^^^^^^^^^^
  File "C:\Users\LENOVO\Documents\CoinSeer\venv\Lib\site-packages\httpcore\_async\connection_pool.py", line 256, in handle_async_request
    raise exc from None
  File "C:\Users\LENOVO\Documents\CoinSeer\venv\Lib\site-packages\httpcore\_async\connection_pool.py", line 236, in handle_async_request
    response = await connection.handle_async_request(
               ^^^^^^^^^^^^^^^^^^^^^^^^^^^^^^^^^^^^^^
  File "C:\Users\LENOVO\Documents\CoinSeer\venv\Lib\site-packages\httpcore\_async\connection.py", line 101, in handle_async_request
    raise exc
  File "C:\Users\LENOVO\Documents\CoinSeer\venv\Lib\site-packages\httpcore\_async\connection.py", line 78, in handle_async_request
    stream = await self._connect(request)
             ^^^^^^^^^^^^^^^^^^^^^^^^^^^^
  File "C:\Users\LENOVO\Documents\CoinSeer\venv\Lib\site-packages\httpcore\_async\connection.py", line 124, in _connect
    stream = await self._network_backend.connect_tcp(**kwargs)
             ^^^^^^^^^^^^^^^^^^^^^^^^^^^^^^^^^^^^^^^^^^^^^^^^^
  File "C:\Users\LENOVO\Documents\CoinSeer\venv\Lib\site-packages\httpcore\_backends\auto.py", line 31, in connect_tcp
    return await self._backend.connect_tcp(
           ^^^^^^^^^^^^^^^^^^^^^^^^^^^^^^^^
  File "C:\Users\LENOVO\Documents\CoinSeer\venv\Lib\site-packages\httpcore\_backends\anyio.py", line 113, in connect_tcp
    with map_exceptions(exc_map):
         ^^^^^^^^^^^^^^^^^^^^^^^
  File "C:\Program Files\WindowsApps\PythonSoftwareFoundation.Python.3.12_3.12.2800.0_x64__qbz5n2kfra8p0\Lib\contextlib.py", line 158, in __exit__
    self.gen.throw(value)
  File "C:\Users\LENOVO\Documents\CoinSeer\venv\Lib\site-packages\httpcore\_exceptions.py", line 14, in map_exceptions
    raise to_exc(exc) from exc
httpcore.ConnectError: [Errno 11001] getaddrinfo failed

The above exception was the direct cause of the following exception:

Traceback (most recent call last):
  File "C:\Users\LENOVO\Documents\CoinSeer\venv\Lib\site-packages\telegram\request\_httpxrequest.py", line 273, in do_request
    res = await self._client.request(
          ^^^^^^^^^^^^^^^^^^^^^^^^^^^
  File "C:\Users\LENOVO\Documents\CoinSeer\venv\Lib\site-packages\httpx\_client.py", line 1540, in request
    return await self.send(request, auth=auth, follow_redirects=follow_redirects)
           ^^^^^^^^^^^^^^^^^^^^^^^^^^^^^^^^^^^^^^^^^^^^^^^^^^^^^^^^^^^^^^^^^^^^^^
  File "C:\Users\LENOVO\Documents\CoinSeer\venv\Lib\site-packages\httpx\_client.py", line 1629, in send
    response = await self._send_handling_auth(
               ^^^^^^^^^^^^^^^^^^^^^^^^^^^^^^^
  File "C:\Users\LENOVO\Documents\CoinSeer\venv\Lib\site-packages\httpx\_client.py", line 1657, in _send_handling_auth
    response = await self._send_handling_redirects(
               ^^^^^^^^^^^^^^^^^^^^^^^^^^^^^^^^^^^^
  File "C:\Users\LENOVO\Documents\CoinSeer\venv\Lib\site-packages\httpx\_client.py", line 1694, in _send_handling_redirects
    response = await self._send_single_request(request)
               ^^^^^^^^^^^^^^^^^^^^^^^^^^^^^^^^^^^^^^^^
  File "C:\Users\LENOVO\Documents\CoinSeer\venv\Lib\site-packages\httpx\_client.py", line 1730, in _send_single_request
    response = await transport.handle_async_request(request)
               ^^^^^^^^^^^^^^^^^^^^^^^^^^^^^^^^^^^^^^^^^^^^^
  File "C:\Users\LENOVO\Documents\CoinSeer\venv\Lib\site-packages\httpx\_transports\default.py", line 393, in handle_async_request
    with map_httpcore_exceptions():
         ^^^^^^^^^^^^^^^^^^^^^^^^^
  File "C:\Program Files\WindowsApps\PythonSoftwareFoundation.Python.3.12_3.12.2800.0_x64__qbz5n2kfra8p0\Lib\contextlib.py", line 158, in __exit__
    self.gen.throw(value)
  File "C:\Users\LENOVO\Documents\CoinSeer\venv\Lib\site-packages\httpx\_transports\default.py", line 118, in map_httpcore_exceptions
    raise mapped_exc(message) from exc
httpx.ConnectError: [Errno 11001] getaddrinfo failed

The above exception was the direct cause of the following exception:

Traceback (most recent call last):
  File "C:\Users\LENOVO\Documents\CoinSeer\venv\Lib\site-packages\telegram\ext\_utils\networkloop.py", line 115, in network_retry_loop
    if not await do_action():
           ^^^^^^^^^^^^^^^^^
  File "C:\Users\LENOVO\Documents\CoinSeer\venv\Lib\site-packages\telegram\ext\_utils\networkloop.py", line 108, in do_action
    return action_cb_task.result()
           ^^^^^^^^^^^^^^^^^^^^^^^
  File "C:\Users\LENOVO\Documents\CoinSeer\venv\Lib\site-packages\telegram\ext\_updater.py", line 335, in polling_action_cb
    updates = await self.bot.get_updates(
              ^^^^^^^^^^^^^^^^^^^^^^^^^^^
  File "C:\Users\LENOVO\Documents\CoinSeer\venv\Lib\site-packages\telegram\ext\_extbot.py", line 669, in get_updates
    updates = await super().get_updates(
              ^^^^^^^^^^^^^^^^^^^^^^^^^^
  File "C:\Users\LENOVO\Documents\CoinSeer\venv\Lib\site-packages\telegram\_bot.py", line 4601, in get_updates
    await self._post(
  File "C:\Users\LENOVO\Documents\CoinSeer\venv\Lib\site-packages\telegram\_bot.py", line 697, in _post
    return await self._do_post(
           ^^^^^^^^^^^^^^^^^^^^
  File "C:\Users\LENOVO\Documents\CoinSeer\venv\Lib\site-packages\telegram\ext\_extbot.py", line 369, in _do_post
    return await super()._do_post(
           ^^^^^^^^^^^^^^^^^^^^^^^
  File "C:\Users\LENOVO\Documents\CoinSeer\venv\Lib\site-packages\telegram\_bot.py", line 726, in _do_post
    result = await request.post(
             ^^^^^^^^^^^^^^^^^^^
  File "C:\Users\LENOVO\Documents\CoinSeer\venv\Lib\site-packages\telegram\request\_baserequest.py", line 197, in post
    result = await self._request_wrapper(
             ^^^^^^^^^^^^^^^^^^^^^^^^^^^^
  File "C:\Users\LENOVO\Documents\CoinSeer\venv\Lib\site-packages\telegram\request\_baserequest.py", line 304, in _request_wrapper
    code, payload = await self.do_request(
                    ^^^^^^^^^^^^^^^^^^^^^^
  File "C:\Users\LENOVO\Documents\CoinSeer\venv\Lib\site-packages\telegram\request\_httpxrequest.py", line 297, in do_request
    raise NetworkError(f"httpx.{err.__class__.__name__}: {err}") from err
telegram.error.NetworkError: httpx.ConnectError: [Errno 11001] getaddrinfo failed
2025-07-28 13:12:46,143 - apscheduler.executors.default - INFO - Running job "check_price_alerts (trigger: interval[0:01:00], next run at: 2025-07-28 12:13:46 UTC)" (scheduled at 2025-07-28 12:12:46.130707+00:00)
2025-07-28 13:12:46,146 - apscheduler.executors.default - INFO - Job "check_price_alerts (trigger: interval[0:01:00], next run at: 2025-07-28 12:13:46 UTC)" executed successfully
2025-07-28 13:13:09,483 - telegram.ext.Application - ERROR - No error handlers are registered, logging exception.
Traceback (most recent call last):
  File "C:\Users\LENOVO\Documents\CoinSeer\venv\Lib\site-packages\httpx\_transports\default.py", line 101, in map_httpcore_exceptions
    yield
  File "C:\Users\LENOVO\Documents\CoinSeer\venv\Lib\site-packages\httpx\_transports\default.py", line 394, in handle_async_request
    resp = await self._pool.handle_async_request(req)
           ^^^^^^^^^^^^^^^^^^^^^^^^^^^^^^^^^^^^^^^^^^
  File "C:\Users\LENOVO\Documents\CoinSeer\venv\Lib\site-packages\httpcore\_async\connection_pool.py", line 256, in handle_async_request
    raise exc from None
  File "C:\Users\LENOVO\Documents\CoinSeer\venv\Lib\site-packages\httpcore\_async\connection_pool.py", line 236, in handle_async_request
    response = await connection.handle_async_request(
               ^^^^^^^^^^^^^^^^^^^^^^^^^^^^^^^^^^^^^^
  File "C:\Users\LENOVO\Documents\CoinSeer\venv\Lib\site-packages\httpcore\_async\connection.py", line 101, in handle_async_request
    raise exc
  File "C:\Users\LENOVO\Documents\CoinSeer\venv\Lib\site-packages\httpcore\_async\connection.py", line 78, in handle_async_request
    stream = await self._connect(request)
             ^^^^^^^^^^^^^^^^^^^^^^^^^^^^
  File "C:\Users\LENOVO\Documents\CoinSeer\venv\Lib\site-packages\httpcore\_async\connection.py", line 124, in _connect
    stream = await self._network_backend.connect_tcp(**kwargs)
             ^^^^^^^^^^^^^^^^^^^^^^^^^^^^^^^^^^^^^^^^^^^^^^^^^
  File "C:\Users\LENOVO\Documents\CoinSeer\venv\Lib\site-packages\httpcore\_backends\auto.py", line 31, in connect_tcp
    return await self._backend.connect_tcp(
           ^^^^^^^^^^^^^^^^^^^^^^^^^^^^^^^^
  File "C:\Users\LENOVO\Documents\CoinSeer\venv\Lib\site-packages\httpcore\_backends\anyio.py", line 113, in connect_tcp
    with map_exceptions(exc_map):
         ^^^^^^^^^^^^^^^^^^^^^^^
  File "C:\Program Files\WindowsApps\PythonSoftwareFoundation.Python.3.12_3.12.2800.0_x64__qbz5n2kfra8p0\Lib\contextlib.py", line 158, in __exit__
    self.gen.throw(value)
  File "C:\Users\LENOVO\Documents\CoinSeer\venv\Lib\site-packages\httpcore\_exceptions.py", line 14, in map_exceptions
    raise to_exc(exc) from exc
httpcore.ConnectError: [Errno 11001] getaddrinfo failed

The above exception was the direct cause of the following exception:

Traceback (most recent call last):
  File "C:\Users\LENOVO\Documents\CoinSeer\venv\Lib\site-packages\telegram\request\_httpxrequest.py", line 273, in do_request
    res = await self._client.request(
          ^^^^^^^^^^^^^^^^^^^^^^^^^^^
  File "C:\Users\LENOVO\Documents\CoinSeer\venv\Lib\site-packages\httpx\_client.py", line 1540, in request
    return await self.send(request, auth=auth, follow_redirects=follow_redirects)
           ^^^^^^^^^^^^^^^^^^^^^^^^^^^^^^^^^^^^^^^^^^^^^^^^^^^^^^^^^^^^^^^^^^^^^^
  File "C:\Users\LENOVO\Documents\CoinSeer\venv\Lib\site-packages\httpx\_client.py", line 1629, in send
    response = await self._send_handling_auth(
               ^^^^^^^^^^^^^^^^^^^^^^^^^^^^^^^
  File "C:\Users\LENOVO\Documents\CoinSeer\venv\Lib\site-packages\httpx\_client.py", line 1657, in _send_handling_auth
    response = await self._send_handling_redirects(
               ^^^^^^^^^^^^^^^^^^^^^^^^^^^^^^^^^^^^
  File "C:\Users\LENOVO\Documents\CoinSeer\venv\Lib\site-packages\httpx\_client.py", line 1694, in _send_handling_redirects
    response = await self._send_single_request(request)
               ^^^^^^^^^^^^^^^^^^^^^^^^^^^^^^^^^^^^^^^^
  File "C:\Users\LENOVO\Documents\CoinSeer\venv\Lib\site-packages\httpx\_client.py", line 1730, in _send_single_request
    response = await transport.handle_async_request(request)
               ^^^^^^^^^^^^^^^^^^^^^^^^^^^^^^^^^^^^^^^^^^^^^
  File "C:\Users\LENOVO\Documents\CoinSeer\venv\Lib\site-packages\httpx\_transports\default.py", line 393, in handle_async_request
    with map_httpcore_exceptions():
         ^^^^^^^^^^^^^^^^^^^^^^^^^
  File "C:\Program Files\WindowsApps\PythonSoftwareFoundation.Python.3.12_3.12.2800.0_x64__qbz5n2kfra8p0\Lib\contextlib.py", line 158, in __exit__
    self.gen.throw(value)
  File "C:\Users\LENOVO\Documents\CoinSeer\venv\Lib\site-packages\httpx\_transports\default.py", line 118, in map_httpcore_exceptions
    raise mapped_exc(message) from exc
httpx.ConnectError: [Errno 11001] getaddrinfo failed

The above exception was the direct cause of the following exception:

Traceback (most recent call last):
  File "C:\Users\LENOVO\Documents\CoinSeer\venv\Lib\site-packages\telegram\ext\_utils\networkloop.py", line 115, in network_retry_loop
    if not await do_action():
           ^^^^^^^^^^^^^^^^^
  File "C:\Users\LENOVO\Documents\CoinSeer\venv\Lib\site-packages\telegram\ext\_utils\networkloop.py", line 108, in do_action
    return action_cb_task.result()
           ^^^^^^^^^^^^^^^^^^^^^^^
  File "C:\Users\LENOVO\Documents\CoinSeer\venv\Lib\site-packages\telegram\ext\_updater.py", line 335, in polling_action_cb
    updates = await self.bot.get_updates(
              ^^^^^^^^^^^^^^^^^^^^^^^^^^^
  File "C:\Users\LENOVO\Documents\CoinSeer\venv\Lib\site-packages\telegram\ext\_extbot.py", line 669, in get_updates
    updates = await super().get_updates(
              ^^^^^^^^^^^^^^^^^^^^^^^^^^
  File "C:\Users\LENOVO\Documents\CoinSeer\venv\Lib\site-packages\telegram\_bot.py", line 4601, in get_updates
    await self._post(
  File "C:\Users\LENOVO\Documents\CoinSeer\venv\Lib\site-packages\telegram\_bot.py", line 697, in _post
    return await self._do_post(
           ^^^^^^^^^^^^^^^^^^^^
  File "C:\Users\LENOVO\Documents\CoinSeer\venv\Lib\site-packages\telegram\ext\_extbot.py", line 369, in _do_post
    return await super()._do_post(
           ^^^^^^^^^^^^^^^^^^^^^^^
  File "C:\Users\LENOVO\Documents\CoinSeer\venv\Lib\site-packages\telegram\_bot.py", line 726, in _do_post
    result = await request.post(
             ^^^^^^^^^^^^^^^^^^^
  File "C:\Users\LENOVO\Documents\CoinSeer\venv\Lib\site-packages\telegram\request\_baserequest.py", line 197, in post
    result = await self._request_wrapper(
             ^^^^^^^^^^^^^^^^^^^^^^^^^^^^
  File "C:\Users\LENOVO\Documents\CoinSeer\venv\Lib\site-packages\telegram\request\_baserequest.py", line 304, in _request_wrapper
    code, payload = await self.do_request(
                    ^^^^^^^^^^^^^^^^^^^^^^
  File "C:\Users\LENOVO\Documents\CoinSeer\venv\Lib\site-packages\telegram\request\_httpxrequest.py", line 297, in do_request
    raise NetworkError(f"httpx.{err.__class__.__name__}: {err}") from err
telegram.error.NetworkError: httpx.ConnectError: [Errno 11001] getaddrinfo failed
2025-07-28 13:13:46,141 - apscheduler.executors.default - INFO - Running job "check_price_alerts (trigger: interval[0:01:00], next run at: 2025-07-28 12:14:46 UTC)" (scheduled at 2025-07-28 12:13:46.130707+00:00)
2025-07-28 13:13:46,145 - apscheduler.executors.default - INFO - Job "check_price_alerts (trigger: interval[0:01:00], next run at: 2025-07-28 12:14:46 UTC)" executed successfully
2025-07-28 13:13:50,388 - httpx - INFO - HTTP Request: POST https://api.telegram.org/bot7509807012:AAFn0026Mstf8DXx1HICJu36WhgkOWmIDP4/getUpdates "HTTP/1.1 200 OK"
2025-07-28 13:14:00,628 - httpx - INFO - HTTP Request: POST https://api.telegram.org/bot7509807012:AAFn0026Mstf8DXx1HICJu36WhgkOWmIDP4/getUpdates "HTTP/1.1 200 OK"
2025-07-28 13:14:10,973 - httpx - INFO - HTTP Request: POST https://api.telegram.org/bot7509807012:AAFn0026Mstf8DXx1HICJu36WhgkOWmIDP4/getUpdates "HTTP/1.1 200 OK"
2025-07-28 13:14:21,162 - httpx - INFO - HTTP Request: POST https://api.telegram.org/bot7509807012:AAFn0026Mstf8DXx1HICJu36WhgkOWmIDP4/getUpdates "HTTP/1.1 200 OK"
2025-07-28 13:14:31,378 - httpx - INFO - HTTP Request: POST https://api.telegram.org/bot7509807012:AAFn0026Mstf8DXx1HICJu36WhgkOWmIDP4/getUpdates "HTTP/1.1 200 OK"
2025-07-28 13:14:41,552 - httpx - INFO - HTTP Request: POST https://api.telegram.org/bot7509807012:AAFn0026Mstf8DXx1HICJu36WhgkOWmIDP4/getUpdates "HTTP/1.1 200 OK"
2025-07-28 13:14:46,143 - apscheduler.executors.default - INFO - Running job "check_price_alerts (trigger: interval[0:01:00], next run at: 2025-07-28 12:15:46 UTC)" (scheduled at 2025-07-28 12:14:46.130707+00:00)
2025-07-28 13:14:46,146 - apscheduler.executors.default - INFO - Job "check_price_alerts (trigger: interval[0:01:00], next run at: 2025-07-28 12:15:46 UTC)" executed successfully
2025-07-28 13:14:51,779 - httpx - INFO - HTTP Request: POST https://api.telegram.org/bot7509807012:AAFn0026Mstf8DXx1HICJu36WhgkOWmIDP4/getUpdates "HTTP/1.1 200 OK"
2025-07-28 13:15:02,023 - httpx - INFO - HTTP Request: POST https://api.telegram.org/bot7509807012:AAFn0026Mstf8DXx1HICJu36WhgkOWmIDP4/getUpdates "HTTP/1.1 200 OK"
2025-07-28 13:15:12,221 - httpx - INFO - HTTP Request: POST https://api.telegram.org/bot7509807012:AAFn0026Mstf8DXx1HICJu36WhgkOWmIDP4/getUpdates "HTTP/1.1 200 OK"
2025-07-28 13:15:22,478 - httpx - INFO - HTTP Request: POST https://api.telegram.org/bot7509807012:AAFn0026Mstf8DXx1HICJu36WhgkOWmIDP4/getUpdates "HTTP/1.1 200 OK"
2025-07-28 13:15:33,214 - httpx - INFO - HTTP Request: POST https://api.telegram.org/bot7509807012:AAFn0026Mstf8DXx1HICJu36WhgkOWmIDP4/getUpdates "HTTP/1.1 200 OK"
2025-07-28 13:15:46,146 - apscheduler.executors.default - INFO - Running job "check_price_alerts (trigger: interval[0:01:00], next run at: 2025-07-28 12:16:46 UTC)" (scheduled at 2025-07-28 12:15:46.130707+00:00)
2025-07-28 13:15:46,148 - apscheduler.executors.default - INFO - Job "check_price_alerts (trigger: interval[0:01:00], next run at: 2025-07-28 12:16:46 UTC)" executed successfully
2025-07-28 13:15:46,162 - apscheduler.executors.default - INFO - Running job "check_volume_alerts (trigger: interval[0:05:00], next run at: 2025-07-28 12:20:46 UTC)" (scheduled at 2025-07-28 12:15:46.153148+00:00)
2025-07-28 13:15:46,165 - apscheduler.executors.default - INFO - Job "check_volume_alerts (trigger: interval[0:05:00], next run at: 2025-07-28 12:20:46 UTC)" executed successfully
2025-07-28 13:15:59,308 - httpx - INFO - HTTP Request: POST https://api.telegram.org/bot7509807012:AAFn0026Mstf8DXx1HICJu36WhgkOWmIDP4/getUpdates "HTTP/1.1 200 OK"
2025-07-28 13:16:09,493 - httpx - INFO - HTTP Request: POST https://api.telegram.org/bot7509807012:AAFn0026Mstf8DXx1HICJu36WhgkOWmIDP4/getUpdates "HTTP/1.1 200 OK"
2025-07-28 13:16:19,789 - httpx - INFO - HTTP Request: POST https://api.telegram.org/bot7509807012:AAFn0026Mstf8DXx1HICJu36WhgkOWmIDP4/getUpdates "HTTP/1.1 200 OK"
2025-07-28 13:16:29,970 - httpx - INFO - HTTP Request: POST https://api.telegram.org/bot7509807012:AAFn0026Mstf8DXx1HICJu36WhgkOWmIDP4/getUpdates "HTTP/1.1 200 OK"
2025-07-28 13:16:40,139 - httpx - INFO - HTTP Request: POST https://api.telegram.org/bot7509807012:AAFn0026Mstf8DXx1HICJu36WhgkOWmIDP4/getUpdates "HTTP/1.1 200 OK"
2025-07-28 13:16:46,146 - apscheduler.executors.default - INFO - Running job "check_price_alerts (trigger: interval[0:01:00], next run at: 2025-07-28 12:17:46 UTC)" (scheduled at 2025-07-28 12:16:46.130707+00:00)
2025-07-28 13:16:46,150 - apscheduler.executors.default - INFO - Job "check_price_alerts (trigger: interval[0:01:00], next run at: 2025-07-28 12:17:46 UTC)" executed successfully
2025-07-28 13:16:50,312 - httpx - INFO - HTTP Request: POST https://api.telegram.org/bot7509807012:AAFn0026Mstf8DXx1HICJu36WhgkOWmIDP4/getUpdates "HTTP/1.1 200 OK"
2025-07-28 13:17:00,495 - httpx - INFO - HTTP Request: POST https://api.telegram.org/bot7509807012:AAFn0026Mstf8DXx1HICJu36WhgkOWmIDP4/getUpdates "HTTP/1.1 200 OK"
2025-07-28 13:17:10,683 - httpx - INFO - HTTP Request: POST https://api.telegram.org/bot7509807012:AAFn0026Mstf8DXx1HICJu36WhgkOWmIDP4/getUpdates "HTTP/1.1 200 OK"
2025-07-28 13:17:21,536 - httpx - INFO - HTTP Request: POST https://api.telegram.org/bot7509807012:AAFn0026Mstf8DXx1HICJu36WhgkOWmIDP4/getUpdates "HTTP/1.1 200 OK"
2025-07-28 13:17:31,967 - httpx - INFO - HTTP Request: POST https://api.telegram.org/bot7509807012:AAFn0026Mstf8DXx1HICJu36WhgkOWmIDP4/getUpdates "HTTP/1.1 200 OK"
2025-07-28 13:17:42,151 - httpx - INFO - HTTP Request: POST https://api.telegram.org/bot7509807012:AAFn0026Mstf8DXx1HICJu36WhgkOWmIDP4/getUpdates "HTTP/1.1 200 OK"
2025-07-28 13:17:46,142 - apscheduler.executors.default - INFO - Running job "check_price_alerts (trigger: interval[0:01:00], next run at: 2025-07-28 12:18:46 UTC)" (scheduled at 2025-07-28 12:17:46.130707+00:00)
2025-07-28 13:17:46,146 - apscheduler.executors.default - INFO - Job "check_price_alerts (trigger: interval[0:01:00], next run at: 2025-07-28 12:18:46 UTC)" executed successfully
2025-07-28 13:17:52,329 - httpx - INFO - HTTP Request: POST https://api.telegram.org/bot7509807012:AAFn0026Mstf8DXx1HICJu36WhgkOWmIDP4/getUpdates "HTTP/1.1 200 OK"
2025-07-28 13:18:02,595 - httpx - INFO - HTTP Request: POST https://api.telegram.org/bot7509807012:AAFn0026Mstf8DXx1HICJu36WhgkOWmIDP4/getUpdates "HTTP/1.1 200 OK"
2025-07-28 13:18:13,006 - httpx - INFO - HTTP Request: POST https://api.telegram.org/bot7509807012:AAFn0026Mstf8DXx1HICJu36WhgkOWmIDP4/getUpdates "HTTP/1.1 200 OK"
2025-07-28 13:18:23,297 - httpx - INFO - HTTP Request: POST https://api.telegram.org/bot7509807012:AAFn0026Mstf8DXx1HICJu36WhgkOWmIDP4/getUpdates "HTTP/1.1 200 OK"
2025-07-28 13:18:33,504 - httpx - INFO - HTTP Request: POST https://api.telegram.org/bot7509807012:AAFn0026Mstf8DXx1HICJu36WhgkOWmIDP4/getUpdates "HTTP/1.1 200 OK"
2025-07-28 13:18:43,679 - httpx - INFO - HTTP Request: POST https://api.telegram.org/bot7509807012:AAFn0026Mstf8DXx1HICJu36WhgkOWmIDP4/getUpdates "HTTP/1.1 200 OK"
2025-07-28 13:18:46,141 - apscheduler.executors.default - INFO - Running job "check_price_alerts (trigger: interval[0:01:00], next run at: 2025-07-28 12:19:46 UTC)" (scheduled at 2025-07-28 12:18:46.130707+00:00)
2025-07-28 13:18:46,144 - apscheduler.executors.default - INFO - Job "check_price_alerts (trigger: interval[0:01:00], next run at: 2025-07-28 12:19:46 UTC)" executed successfully
2025-07-28 13:18:53,858 - httpx - INFO - HTTP Request: POST https://api.telegram.org/bot7509807012:AAFn0026Mstf8DXx1HICJu36WhgkOWmIDP4/getUpdates "HTTP/1.1 200 OK"
2025-07-28 13:19:04,037 - httpx - INFO - HTTP Request: POST https://api.telegram.org/bot7509807012:AAFn0026Mstf8DXx1HICJu36WhgkOWmIDP4/getUpdates "HTTP/1.1 200 OK"
2025-07-28 13:19:14,206 - httpx - INFO - HTTP Request: POST https://api.telegram.org/bot7509807012:AAFn0026Mstf8DXx1HICJu36WhgkOWmIDP4/getUpdates "HTTP/1.1 200 OK"
2025-07-28 13:19:24,379 - httpx - INFO - HTTP Request: POST https://api.telegram.org/bot7509807012:AAFn0026Mstf8DXx1HICJu36WhgkOWmIDP4/getUpdates "HTTP/1.1 200 OK"
2025-07-28 13:19:34,570 - httpx - INFO - HTTP Request: POST https://api.telegram.org/bot7509807012:AAFn0026Mstf8DXx1HICJu36WhgkOWmIDP4/getUpdates "HTTP/1.1 200 OK"
2025-07-28 13:19:44,781 - httpx - INFO - HTTP Request: POST https://api.telegram.org/bot7509807012:AAFn0026Mstf8DXx1HICJu36WhgkOWmIDP4/getUpdates "HTTP/1.1 200 OK"
2025-07-28 13:19:46,150 - apscheduler.executors.default - INFO - Running job "check_price_alerts (trigger: interval[0:01:00], next run at: 2025-07-28 12:20:46 UTC)" (scheduled at 2025-07-28 12:19:46.130707+00:00)
2025-07-28 13:19:46,157 - apscheduler.executors.default - INFO - Job "check_price_alerts (trigger: interval[0:01:00], next run at: 2025-07-28 12:20:46 UTC)" executed successfully
2025-07-28 13:19:54,989 - httpx - INFO - HTTP Request: POST https://api.telegram.org/bot7509807012:AAFn0026Mstf8DXx1HICJu36WhgkOWmIDP4/getUpdates "HTTP/1.1 200 OK"
2025-07-28 13:20:05,214 - httpx - INFO - HTTP Request: POST https://api.telegram.org/bot7509807012:AAFn0026Mstf8DXx1HICJu36WhgkOWmIDP4/getUpdates "HTTP/1.1 200 OK"
2025-07-28 13:20:15,378 - httpx - INFO - HTTP Request: POST https://api.telegram.org/bot7509807012:AAFn0026Mstf8DXx1HICJu36WhgkOWmIDP4/getUpdates "HTTP/1.1 200 OK"
2025-07-28 13:20:25,605 - httpx - INFO - HTTP Request: POST https://api.telegram.org/bot7509807012:AAFn0026Mstf8DXx1HICJu36WhgkOWmIDP4/getUpdates "HTTP/1.1 200 OK"
2025-07-28 13:20:35,769 - httpx - INFO - HTTP Request: POST https://api.telegram.org/bot7509807012:AAFn0026Mstf8DXx1HICJu36WhgkOWmIDP4/getUpdates "HTTP/1.1 200 OK"
2025-07-28 13:20:45,938 - httpx - INFO - HTTP Request: POST https://api.telegram.org/bot7509807012:AAFn0026Mstf8DXx1HICJu36WhgkOWmIDP4/getUpdates "HTTP/1.1 200 OK"
2025-07-28 13:20:46,146 - apscheduler.executors.default - INFO - Running job "check_price_alerts (trigger: interval[0:01:00], next run at: 2025-07-28 12:21:46 UTC)" (scheduled at 2025-07-28 12:20:46.130707+00:00)
2025-07-28 13:20:46,151 - apscheduler.executors.default - INFO - Job "check_price_alerts (trigger: interval[0:01:00], next run at: 2025-07-28 12:21:46 UTC)" executed successfully
2025-07-28 13:20:46,154 - apscheduler.executors.default - INFO - Running job "check_volume_alerts (trigger: interval[0:05:00], next run at: 2025-07-28 12:25:46 UTC)" (scheduled at 2025-07-28 12:20:46.153148+00:00)
2025-07-28 13:20:46,157 - apscheduler.executors.default - INFO - Job "check_volume_alerts (trigger: interval[0:05:00], next run at: 2025-07-28 12:25:46 UTC)" executed successfully
2025-07-28 13:20:56,155 - httpx - INFO - HTTP Request: POST https://api.telegram.org/bot7509807012:AAFn0026Mstf8DXx1HICJu36WhgkOWmIDP4/getUpdates "HTTP/1.1 200 OK"
2025-07-28 13:21:06,358 - httpx - INFO - HTTP Request: POST https://api.telegram.org/bot7509807012:AAFn0026Mstf8DXx1HICJu36WhgkOWmIDP4/getUpdates "HTTP/1.1 200 OK"
2025-07-28 13:21:16,540 - httpx - INFO - HTTP Request: POST https://api.telegram.org/bot7509807012:AAFn0026Mstf8DXx1HICJu36WhgkOWmIDP4/getUpdates "HTTP/1.1 200 OK"
2025-07-28 13:21:26,793 - httpx - INFO - HTTP Request: POST https://api.telegram.org/bot7509807012:AAFn0026Mstf8DXx1HICJu36WhgkOWmIDP4/getUpdates "HTTP/1.1 200 OK"
2025-07-28 13:21:37,025 - httpx - INFO - HTTP Request: POST https://api.telegram.org/bot7509807012:AAFn0026Mstf8DXx1HICJu36WhgkOWmIDP4/getUpdates "HTTP/1.1 200 OK"
2025-07-28 13:21:46,139 - apscheduler.executors.default - INFO - Running job "check_price_alerts (trigger: interval[0:01:00], next run at: 2025-07-28 12:22:46 UTC)" (scheduled at 2025-07-28 12:21:46.130707+00:00)
2025-07-28 13:21:46,143 - apscheduler.executors.default - INFO - Job "check_price_alerts (trigger: interval[0:01:00], next run at: 2025-07-28 12:22:46 UTC)" executed successfully
2025-07-28 13:21:47,247 - httpx - INFO - HTTP Request: POST https://api.telegram.org/bot7509807012:AAFn0026Mstf8DXx1HICJu36WhgkOWmIDP4/getUpdates "HTTP/1.1 200 OK"
2025-07-28 13:21:57,416 - httpx - INFO - HTTP Request: POST https://api.telegram.org/bot7509807012:AAFn0026Mstf8DXx1HICJu36WhgkOWmIDP4/getUpdates "HTTP/1.1 200 OK"
2025-07-28 13:22:07,671 - httpx - INFO - HTTP Request: POST https://api.telegram.org/bot7509807012:AAFn0026Mstf8DXx1HICJu36WhgkOWmIDP4/getUpdates "HTTP/1.1 200 OK"
2025-07-28 13:22:17,907 - httpx - INFO - HTTP Request: POST https://api.telegram.org/bot7509807012:AAFn0026Mstf8DXx1HICJu36WhgkOWmIDP4/getUpdates "HTTP/1.1 200 OK"
2025-07-28 13:22:28,128 - httpx - INFO - HTTP Request: POST https://api.telegram.org/bot7509807012:AAFn0026Mstf8DXx1HICJu36WhgkOWmIDP4/getUpdates "HTTP/1.1 200 OK"
2025-07-28 13:22:38,354 - httpx - INFO - HTTP Request: POST https://api.telegram.org/bot7509807012:AAFn0026Mstf8DXx1HICJu36WhgkOWmIDP4/getUpdates "HTTP/1.1 200 OK"
2025-07-28 13:22:46,137 - apscheduler.executors.default - INFO - Running job "check_price_alerts (trigger: interval[0:01:00], next run at: 2025-07-28 12:23:46 UTC)" (scheduled at 2025-07-28 12:22:46.130707+00:00)
2025-07-28 13:22:46,146 - apscheduler.executors.default - INFO - Job "check_price_alerts (trigger: interval[0:01:00], next run at: 2025-07-28 12:23:46 UTC)" executed successfully
2025-07-28 13:22:48,578 - httpx - INFO - HTTP Request: POST https://api.telegram.org/bot7509807012:AAFn0026Mstf8DXx1HICJu36WhgkOWmIDP4/getUpdates "HTTP/1.1 200 OK"
2025-07-28 13:22:58,774 - httpx - INFO - HTTP Request: POST https://api.telegram.org/bot7509807012:AAFn0026Mstf8DXx1HICJu36WhgkOWmIDP4/getUpdates "HTTP/1.1 200 OK"
2025-07-28 13:23:09,010 - httpx - INFO - HTTP Request: POST https://api.telegram.org/bot7509807012:AAFn0026Mstf8DXx1HICJu36WhgkOWmIDP4/getUpdates "HTTP/1.1 200 OK"
2025-07-28 13:23:19,230 - httpx - INFO - HTTP Request: POST https://api.telegram.org/bot7509807012:AAFn0026Mstf8DXx1HICJu36WhgkOWmIDP4/getUpdates "HTTP/1.1 200 OK"
2025-07-28 13:23:25,399 - database - INFO - Database initialized.
2025-07-28 13:23:27,582 - __main__ - INFO - Bot is starting...
2025-07-28 13:23:28,302 - httpx - INFO - HTTP Request: POST https://api.telegram.org/bot7509807012:AAFn0026Mstf8DXx1HICJu36WhgkOWmIDP4/getMe "HTTP/1.1 200 OK"
2025-07-28 13:23:28,305 - apscheduler.scheduler - INFO - Adding job tentatively -- it will be properly scheduled when the scheduler starts
2025-07-28 13:23:28,306 - apscheduler.scheduler - INFO - Adding job tentatively -- it will be properly scheduled when the scheduler starts
2025-07-28 13:23:28,310 - scheduler - INFO - Scheduler setup complete. Price alerts: every 1 min, Volume alerts: every 5 min.
2025-07-28 13:23:28,312 - apscheduler.scheduler - INFO - Added job "check_price_alerts" to job store "default"
2025-07-28 13:23:28,314 - apscheduler.scheduler - INFO - Added job "check_volume_alerts" to job store "default"
2025-07-28 13:23:28,316 - apscheduler.scheduler - INFO - Scheduler started
2025-07-28 13:23:28,317 - __main__ - INFO - APScheduler started (from post_init).
2025-07-28 13:23:28,482 - httpx - INFO - HTTP Request: POST https://api.telegram.org/bot7509807012:AAFn0026Mstf8DXx1HICJu36WhgkOWmIDP4/deleteWebhook "HTTP/1.1 200 OK"
2025-07-28 13:23:28,486 - apscheduler.scheduler - INFO - Scheduler started
2025-07-28 13:23:28,487 - telegram.ext.Application - INFO - Application started
2025-07-28 13:23:29,071 - httpx - INFO - HTTP Request: POST https://api.telegram.org/bot7509807012:AAFn0026Mstf8DXx1HICJu36WhgkOWmIDP4/getUpdates "HTTP/1.1 409 Conflict"
2025-07-28 13:23:29,074 - telegram.ext.Application - ERROR - No error handlers are registered, logging exception.
Traceback (most recent call last):
  File "C:\Users\LENOVO\Documents\CoinSeer\venv\Lib\site-packages\telegram\ext\_utils\networkloop.py", line 115, in network_retry_loop
    if not await do_action():
           ^^^^^^^^^^^^^^^^^
  File "C:\Users\LENOVO\Documents\CoinSeer\venv\Lib\site-packages\telegram\ext\_utils\networkloop.py", line 108, in do_action
    return action_cb_task.result()
           ^^^^^^^^^^^^^^^^^^^^^^^
  File "C:\Users\LENOVO\Documents\CoinSeer\venv\Lib\site-packages\telegram\ext\_updater.py", line 335, in polling_action_cb
    updates = await self.bot.get_updates(
              ^^^^^^^^^^^^^^^^^^^^^^^^^^^
  File "C:\Users\LENOVO\Documents\CoinSeer\venv\Lib\site-packages\telegram\ext\_extbot.py", line 669, in get_updates
    updates = await super().get_updates(
              ^^^^^^^^^^^^^^^^^^^^^^^^^^
  File "C:\Users\LENOVO\Documents\CoinSeer\venv\Lib\site-packages\telegram\_bot.py", line 4601, in get_updates
    await self._post(
  File "C:\Users\LENOVO\Documents\CoinSeer\venv\Lib\site-packages\telegram\_bot.py", line 697, in _post
    return await self._do_post(
           ^^^^^^^^^^^^^^^^^^^^
  File "C:\Users\LENOVO\Documents\CoinSeer\venv\Lib\site-packages\telegram\ext\_extbot.py", line 369, in _do_post
    return await super()._do_post(
           ^^^^^^^^^^^^^^^^^^^^^^^
  File "C:\Users\LENOVO\Documents\CoinSeer\venv\Lib\site-packages\telegram\_bot.py", line 726, in _do_post
    result = await request.post(
             ^^^^^^^^^^^^^^^^^^^
  File "C:\Users\LENOVO\Documents\CoinSeer\venv\Lib\site-packages\telegram\request\_baserequest.py", line 197, in post
    result = await self._request_wrapper(
             ^^^^^^^^^^^^^^^^^^^^^^^^^^^^
  File "C:\Users\LENOVO\Documents\CoinSeer\venv\Lib\site-packages\telegram\request\_baserequest.py", line 355, in _request_wrapper
    raise Conflict(message)
telegram.error.Conflict: Conflict: terminated by other getUpdates request; make sure that only one bot instance is running
2025-07-28 13:23:33,323 - httpx - INFO - HTTP Request: POST https://api.telegram.org/bot7509807012:AAFn0026Mstf8DXx1HICJu36WhgkOWmIDP4/getUpdates "HTTP/1.1 409 Conflict"
2025-07-28 13:23:33,326 - telegram.ext.Application - ERROR - No error handlers are registered, logging exception.
Traceback (most recent call last):
  File "C:\Users\LENOVO\Documents\CoinSeer\venv\Lib\site-packages\telegram\ext\_utils\networkloop.py", line 115, in network_retry_loop
    if not await do_action():
           ^^^^^^^^^^^^^^^^^
  File "C:\Users\LENOVO\Documents\CoinSeer\venv\Lib\site-packages\telegram\ext\_utils\networkloop.py", line 108, in do_action
    return action_cb_task.result()
           ^^^^^^^^^^^^^^^^^^^^^^^
  File "C:\Users\LENOVO\Documents\CoinSeer\venv\Lib\site-packages\telegram\ext\_updater.py", line 335, in polling_action_cb
    updates = await self.bot.get_updates(
              ^^^^^^^^^^^^^^^^^^^^^^^^^^^
  File "C:\Users\LENOVO\Documents\CoinSeer\venv\Lib\site-packages\telegram\ext\_extbot.py", line 669, in get_updates
    updates = await super().get_updates(
              ^^^^^^^^^^^^^^^^^^^^^^^^^^
  File "C:\Users\LENOVO\Documents\CoinSeer\venv\Lib\site-packages\telegram\_bot.py", line 4601, in get_updates
    await self._post(
  File "C:\Users\LENOVO\Documents\CoinSeer\venv\Lib\site-packages\telegram\_bot.py", line 697, in _post
    return await self._do_post(
           ^^^^^^^^^^^^^^^^^^^^
  File "C:\Users\LENOVO\Documents\CoinSeer\venv\Lib\site-packages\telegram\ext\_extbot.py", line 369, in _do_post
    return await super()._do_post(
           ^^^^^^^^^^^^^^^^^^^^^^^
  File "C:\Users\LENOVO\Documents\CoinSeer\venv\Lib\site-packages\telegram\_bot.py", line 726, in _do_post
    result = await request.post(
             ^^^^^^^^^^^^^^^^^^^
  File "C:\Users\LENOVO\Documents\CoinSeer\venv\Lib\site-packages\telegram\request\_baserequest.py", line 197, in post
    result = await self._request_wrapper(
             ^^^^^^^^^^^^^^^^^^^^^^^^^^^^
  File "C:\Users\LENOVO\Documents\CoinSeer\venv\Lib\site-packages\telegram\request\_baserequest.py", line 355, in _request_wrapper
    raise Conflict(message)
telegram.error.Conflict: Conflict: terminated by other getUpdates request; make sure that only one bot instance is running
2025-07-28 13:23:34,680 - httpx - INFO - HTTP Request: POST https://api.telegram.org/bot7509807012:AAFn0026Mstf8DXx1HICJu36WhgkOWmIDP4/getUpdates "HTTP/1.1 409 Conflict"
2025-07-28 13:23:34,684 - telegram.ext.Application - ERROR - No error handlers are registered, logging exception.
Traceback (most recent call last):
  File "C:\Users\LENOVO\Documents\CoinSeer\venv\Lib\site-packages\telegram\ext\_utils\networkloop.py", line 115, in network_retry_loop
    if not await do_action():
           ^^^^^^^^^^^^^^^^^
  File "C:\Users\LENOVO\Documents\CoinSeer\venv\Lib\site-packages\telegram\ext\_utils\networkloop.py", line 108, in do_action
    return action_cb_task.result()
           ^^^^^^^^^^^^^^^^^^^^^^^
  File "C:\Users\LENOVO\Documents\CoinSeer\venv\Lib\site-packages\telegram\ext\_updater.py", line 335, in polling_action_cb
    updates = await self.bot.get_updates(
              ^^^^^^^^^^^^^^^^^^^^^^^^^^^
  File "C:\Users\LENOVO\Documents\CoinSeer\venv\Lib\site-packages\telegram\ext\_extbot.py", line 669, in get_updates
    updates = await super().get_updates(
              ^^^^^^^^^^^^^^^^^^^^^^^^^^
  File "C:\Users\LENOVO\Documents\CoinSeer\venv\Lib\site-packages\telegram\_bot.py", line 4601, in get_updates
    await self._post(
  File "C:\Users\LENOVO\Documents\CoinSeer\venv\Lib\site-packages\telegram\_bot.py", line 697, in _post
    return await self._do_post(
           ^^^^^^^^^^^^^^^^^^^^
  File "C:\Users\LENOVO\Documents\CoinSeer\venv\Lib\site-packages\telegram\ext\_extbot.py", line 369, in _do_post
    return await super()._do_post(
           ^^^^^^^^^^^^^^^^^^^^^^^
  File "C:\Users\LENOVO\Documents\CoinSeer\venv\Lib\site-packages\telegram\_bot.py", line 726, in _do_post
    result = await request.post(
             ^^^^^^^^^^^^^^^^^^^
  File "C:\Users\LENOVO\Documents\CoinSeer\venv\Lib\site-packages\telegram\request\_baserequest.py", line 197, in post
    result = await self._request_wrapper(
             ^^^^^^^^^^^^^^^^^^^^^^^^^^^^
  File "C:\Users\LENOVO\Documents\CoinSeer\venv\Lib\site-packages\telegram\request\_baserequest.py", line 355, in _request_wrapper
    raise Conflict(message)
telegram.error.Conflict: Conflict: terminated by other getUpdates request; make sure that only one bot instance is running
2025-07-28 13:23:39,421 - httpx - INFO - HTTP Request: POST https://api.telegram.org/bot7509807012:AAFn0026Mstf8DXx1HICJu36WhgkOWmIDP4/getUpdates "HTTP/1.1 409 Conflict"
2025-07-28 13:23:39,423 - telegram.ext.Application - ERROR - No error handlers are registered, logging exception.
Traceback (most recent call last):
  File "C:\Users\LENOVO\Documents\CoinSeer\venv\Lib\site-packages\telegram\ext\_utils\networkloop.py", line 115, in network_retry_loop
    if not await do_action():
           ^^^^^^^^^^^^^^^^^
  File "C:\Users\LENOVO\Documents\CoinSeer\venv\Lib\site-packages\telegram\ext\_utils\networkloop.py", line 108, in do_action
    return action_cb_task.result()
           ^^^^^^^^^^^^^^^^^^^^^^^
  File "C:\Users\LENOVO\Documents\CoinSeer\venv\Lib\site-packages\telegram\ext\_updater.py", line 335, in polling_action_cb
    updates = await self.bot.get_updates(
              ^^^^^^^^^^^^^^^^^^^^^^^^^^^
  File "C:\Users\LENOVO\Documents\CoinSeer\venv\Lib\site-packages\telegram\ext\_extbot.py", line 669, in get_updates
    updates = await super().get_updates(
              ^^^^^^^^^^^^^^^^^^^^^^^^^^
  File "C:\Users\LENOVO\Documents\CoinSeer\venv\Lib\site-packages\telegram\_bot.py", line 4601, in get_updates
    await self._post(
  File "C:\Users\LENOVO\Documents\CoinSeer\venv\Lib\site-packages\telegram\_bot.py", line 697, in _post
    return await self._do_post(
           ^^^^^^^^^^^^^^^^^^^^
  File "C:\Users\LENOVO\Documents\CoinSeer\venv\Lib\site-packages\telegram\ext\_extbot.py", line 369, in _do_post
    return await super()._do_post(
           ^^^^^^^^^^^^^^^^^^^^^^^
  File "C:\Users\LENOVO\Documents\CoinSeer\venv\Lib\site-packages\telegram\_bot.py", line 726, in _do_post
    result = await request.post(
             ^^^^^^^^^^^^^^^^^^^
  File "C:\Users\LENOVO\Documents\CoinSeer\venv\Lib\site-packages\telegram\request\_baserequest.py", line 197, in post
    result = await self._request_wrapper(
             ^^^^^^^^^^^^^^^^^^^^^^^^^^^^
  File "C:\Users\LENOVO\Documents\CoinSeer\venv\Lib\site-packages\telegram\request\_baserequest.py", line 355, in _request_wrapper
    raise Conflict(message)
telegram.error.Conflict: Conflict: terminated by other getUpdates request; make sure that only one bot instance is running
2025-07-28 13:23:41,804 - httpx - INFO - HTTP Request: POST https://api.telegram.org/bot7509807012:AAFn0026Mstf8DXx1HICJu36WhgkOWmIDP4/getUpdates "HTTP/1.1 409 Conflict"
2025-07-28 13:23:41,818 - telegram.ext.Application - ERROR - No error handlers are registered, logging exception.
Traceback (most recent call last):
  File "C:\Users\LENOVO\Documents\CoinSeer\venv\Lib\site-packages\telegram\ext\_utils\networkloop.py", line 115, in network_retry_loop
    if not await do_action():
           ^^^^^^^^^^^^^^^^^
  File "C:\Users\LENOVO\Documents\CoinSeer\venv\Lib\site-packages\telegram\ext\_utils\networkloop.py", line 108, in do_action
    return action_cb_task.result()
           ^^^^^^^^^^^^^^^^^^^^^^^
  File "C:\Users\LENOVO\Documents\CoinSeer\venv\Lib\site-packages\telegram\ext\_updater.py", line 335, in polling_action_cb
    updates = await self.bot.get_updates(
              ^^^^^^^^^^^^^^^^^^^^^^^^^^^
  File "C:\Users\LENOVO\Documents\CoinSeer\venv\Lib\site-packages\telegram\ext\_extbot.py", line 669, in get_updates
    updates = await super().get_updates(
              ^^^^^^^^^^^^^^^^^^^^^^^^^^
  File "C:\Users\LENOVO\Documents\CoinSeer\venv\Lib\site-packages\telegram\_bot.py", line 4601, in get_updates
    await self._post(
  File "C:\Users\LENOVO\Documents\CoinSeer\venv\Lib\site-packages\telegram\_bot.py", line 697, in _post
    return await self._do_post(
           ^^^^^^^^^^^^^^^^^^^^
  File "C:\Users\LENOVO\Documents\CoinSeer\venv\Lib\site-packages\telegram\ext\_extbot.py", line 369, in _do_post
    return await super()._do_post(
           ^^^^^^^^^^^^^^^^^^^^^^^
  File "C:\Users\LENOVO\Documents\CoinSeer\venv\Lib\site-packages\telegram\_bot.py", line 726, in _do_post
    result = await request.post(
             ^^^^^^^^^^^^^^^^^^^
  File "C:\Users\LENOVO\Documents\CoinSeer\venv\Lib\site-packages\telegram\request\_baserequest.py", line 197, in post
    result = await self._request_wrapper(
             ^^^^^^^^^^^^^^^^^^^^^^^^^^^^
  File "C:\Users\LENOVO\Documents\CoinSeer\venv\Lib\site-packages\telegram\request\_baserequest.py", line 355, in _request_wrapper
    raise Conflict(message)
telegram.error.Conflict: Conflict: terminated by other getUpdates request; make sure that only one bot instance is running
2025-07-28 13:23:46,142 - apscheduler.executors.default - INFO - Running job "check_price_alerts (trigger: interval[0:01:00], next run at: 2025-07-28 12:24:46 UTC)" (scheduled at 2025-07-28 12:23:46.130707+00:00)
2025-07-28 13:23:46,146 - apscheduler.executors.default - INFO - Job "check_price_alerts (trigger: interval[0:01:00], next run at: 2025-07-28 12:24:46 UTC)" executed successfully
2025-07-28 13:23:47,238 - httpx - INFO - HTTP Request: POST https://api.telegram.org/bot7509807012:AAFn0026Mstf8DXx1HICJu36WhgkOWmIDP4/getUpdates "HTTP/1.1 409 Conflict"
2025-07-28 13:23:47,241 - telegram.ext.Application - ERROR - No error handlers are registered, logging exception.
Traceback (most recent call last):
  File "C:\Users\LENOVO\Documents\CoinSeer\venv\Lib\site-packages\telegram\ext\_utils\networkloop.py", line 115, in network_retry_loop
    if not await do_action():
           ^^^^^^^^^^^^^^^^^
  File "C:\Users\LENOVO\Documents\CoinSeer\venv\Lib\site-packages\telegram\ext\_utils\networkloop.py", line 108, in do_action
    return action_cb_task.result()
           ^^^^^^^^^^^^^^^^^^^^^^^
  File "C:\Users\LENOVO\Documents\CoinSeer\venv\Lib\site-packages\telegram\ext\_updater.py", line 335, in polling_action_cb
    updates = await self.bot.get_updates(
              ^^^^^^^^^^^^^^^^^^^^^^^^^^^
  File "C:\Users\LENOVO\Documents\CoinSeer\venv\Lib\site-packages\telegram\ext\_extbot.py", line 669, in get_updates
    updates = await super().get_updates(
              ^^^^^^^^^^^^^^^^^^^^^^^^^^
  File "C:\Users\LENOVO\Documents\CoinSeer\venv\Lib\site-packages\telegram\_bot.py", line 4601, in get_updates
    await self._post(
  File "C:\Users\LENOVO\Documents\CoinSeer\venv\Lib\site-packages\telegram\_bot.py", line 697, in _post
    return await self._do_post(
           ^^^^^^^^^^^^^^^^^^^^
  File "C:\Users\LENOVO\Documents\CoinSeer\venv\Lib\site-packages\telegram\ext\_extbot.py", line 369, in _do_post
    return await super()._do_post(
           ^^^^^^^^^^^^^^^^^^^^^^^
  File "C:\Users\LENOVO\Documents\CoinSeer\venv\Lib\site-packages\telegram\_bot.py", line 726, in _do_post
    result = await request.post(
             ^^^^^^^^^^^^^^^^^^^
  File "C:\Users\LENOVO\Documents\CoinSeer\venv\Lib\site-packages\telegram\request\_baserequest.py", line 197, in post
    result = await self._request_wrapper(
             ^^^^^^^^^^^^^^^^^^^^^^^^^^^^
  File "C:\Users\LENOVO\Documents\CoinSeer\venv\Lib\site-packages\telegram\request\_baserequest.py", line 355, in _request_wrapper
    raise Conflict(message)
telegram.error.Conflict: Conflict: terminated by other getUpdates request; make sure that only one bot instance is running
2025-07-28 13:23:49,724 - httpx - INFO - HTTP Request: POST https://api.telegram.org/bot7509807012:AAFn0026Mstf8DXx1HICJu36WhgkOWmIDP4/getUpdates "HTTP/1.1 409 Conflict"
2025-07-28 13:23:49,725 - telegram.ext.Application - ERROR - No error handlers are registered, logging exception.
Traceback (most recent call last):
  File "C:\Users\LENOVO\Documents\CoinSeer\venv\Lib\site-packages\telegram\ext\_utils\networkloop.py", line 115, in network_retry_loop
    if not await do_action():
           ^^^^^^^^^^^^^^^^^
  File "C:\Users\LENOVO\Documents\CoinSeer\venv\Lib\site-packages\telegram\ext\_utils\networkloop.py", line 108, in do_action
    return action_cb_task.result()
           ^^^^^^^^^^^^^^^^^^^^^^^
  File "C:\Users\LENOVO\Documents\CoinSeer\venv\Lib\site-packages\telegram\ext\_updater.py", line 335, in polling_action_cb
    updates = await self.bot.get_updates(
              ^^^^^^^^^^^^^^^^^^^^^^^^^^^
  File "C:\Users\LENOVO\Documents\CoinSeer\venv\Lib\site-packages\telegram\ext\_extbot.py", line 669, in get_updates
    updates = await super().get_updates(
              ^^^^^^^^^^^^^^^^^^^^^^^^^^
  File "C:\Users\LENOVO\Documents\CoinSeer\venv\Lib\site-packages\telegram\_bot.py", line 4601, in get_updates
    await self._post(
  File "C:\Users\LENOVO\Documents\CoinSeer\venv\Lib\site-packages\telegram\_bot.py", line 697, in _post
    return await self._do_post(
           ^^^^^^^^^^^^^^^^^^^^
  File "C:\Users\LENOVO\Documents\CoinSeer\venv\Lib\site-packages\telegram\ext\_extbot.py", line 369, in _do_post
    return await super()._do_post(
           ^^^^^^^^^^^^^^^^^^^^^^^
  File "C:\Users\LENOVO\Documents\CoinSeer\venv\Lib\site-packages\telegram\_bot.py", line 726, in _do_post
    result = await request.post(
             ^^^^^^^^^^^^^^^^^^^
  File "C:\Users\LENOVO\Documents\CoinSeer\venv\Lib\site-packages\telegram\request\_baserequest.py", line 197, in post
    result = await self._request_wrapper(
             ^^^^^^^^^^^^^^^^^^^^^^^^^^^^
  File "C:\Users\LENOVO\Documents\CoinSeer\venv\Lib\site-packages\telegram\request\_baserequest.py", line 355, in _request_wrapper
    raise Conflict(message)
telegram.error.Conflict: Conflict: terminated by other getUpdates request; make sure that only one bot instance is running
2025-07-28 13:23:53,313 - httpx - INFO - HTTP Request: POST https://api.telegram.org/bot7509807012:AAFn0026Mstf8DXx1HICJu36WhgkOWmIDP4/getUpdates "HTTP/1.1 409 Conflict"
2025-07-28 13:23:53,317 - telegram.ext.Application - ERROR - No error handlers are registered, logging exception.
Traceback (most recent call last):
  File "C:\Users\LENOVO\Documents\CoinSeer\venv\Lib\site-packages\telegram\ext\_utils\networkloop.py", line 115, in network_retry_loop
    if not await do_action():
           ^^^^^^^^^^^^^^^^^
  File "C:\Users\LENOVO\Documents\CoinSeer\venv\Lib\site-packages\telegram\ext\_utils\networkloop.py", line 108, in do_action
    return action_cb_task.result()
           ^^^^^^^^^^^^^^^^^^^^^^^
  File "C:\Users\LENOVO\Documents\CoinSeer\venv\Lib\site-packages\telegram\ext\_updater.py", line 335, in polling_action_cb
    updates = await self.bot.get_updates(
              ^^^^^^^^^^^^^^^^^^^^^^^^^^^
  File "C:\Users\LENOVO\Documents\CoinSeer\venv\Lib\site-packages\telegram\ext\_extbot.py", line 669, in get_updates
    updates = await super().get_updates(
              ^^^^^^^^^^^^^^^^^^^^^^^^^^
  File "C:\Users\LENOVO\Documents\CoinSeer\venv\Lib\site-packages\telegram\_bot.py", line 4601, in get_updates
    await self._post(
  File "C:\Users\LENOVO\Documents\CoinSeer\venv\Lib\site-packages\telegram\_bot.py", line 697, in _post
    return await self._do_post(
           ^^^^^^^^^^^^^^^^^^^^
  File "C:\Users\LENOVO\Documents\CoinSeer\venv\Lib\site-packages\telegram\ext\_extbot.py", line 369, in _do_post
    return await super()._do_post(
           ^^^^^^^^^^^^^^^^^^^^^^^
  File "C:\Users\LENOVO\Documents\CoinSeer\venv\Lib\site-packages\telegram\_bot.py", line 726, in _do_post
    result = await request.post(
             ^^^^^^^^^^^^^^^^^^^
  File "C:\Users\LENOVO\Documents\CoinSeer\venv\Lib\site-packages\telegram\request\_baserequest.py", line 197, in post
    result = await self._request_wrapper(
             ^^^^^^^^^^^^^^^^^^^^^^^^^^^^
  File "C:\Users\LENOVO\Documents\CoinSeer\venv\Lib\site-packages\telegram\request\_baserequest.py", line 355, in _request_wrapper
    raise Conflict(message)
telegram.error.Conflict: Conflict: terminated by other getUpdates request; make sure that only one bot instance is running
2025-07-28 13:23:56,893 - httpx - INFO - HTTP Request: POST https://api.telegram.org/bot7509807012:AAFn0026Mstf8DXx1HICJu36WhgkOWmIDP4/getUpdates "HTTP/1.1 409 Conflict"
2025-07-28 13:23:56,897 - telegram.ext.Application - ERROR - No error handlers are registered, logging exception.
Traceback (most recent call last):
  File "C:\Users\LENOVO\Documents\CoinSeer\venv\Lib\site-packages\telegram\ext\_utils\networkloop.py", line 115, in network_retry_loop
    if not await do_action():
           ^^^^^^^^^^^^^^^^^
  File "C:\Users\LENOVO\Documents\CoinSeer\venv\Lib\site-packages\telegram\ext\_utils\networkloop.py", line 108, in do_action
    return action_cb_task.result()
           ^^^^^^^^^^^^^^^^^^^^^^^
  File "C:\Users\LENOVO\Documents\CoinSeer\venv\Lib\site-packages\telegram\ext\_updater.py", line 335, in polling_action_cb
    updates = await self.bot.get_updates(
              ^^^^^^^^^^^^^^^^^^^^^^^^^^^
  File "C:\Users\LENOVO\Documents\CoinSeer\venv\Lib\site-packages\telegram\ext\_extbot.py", line 669, in get_updates
    updates = await super().get_updates(
              ^^^^^^^^^^^^^^^^^^^^^^^^^^
  File "C:\Users\LENOVO\Documents\CoinSeer\venv\Lib\site-packages\telegram\_bot.py", line 4601, in get_updates
    await self._post(
  File "C:\Users\LENOVO\Documents\CoinSeer\venv\Lib\site-packages\telegram\_bot.py", line 697, in _post
    return await self._do_post(
           ^^^^^^^^^^^^^^^^^^^^
  File "C:\Users\LENOVO\Documents\CoinSeer\venv\Lib\site-packages\telegram\ext\_extbot.py", line 369, in _do_post
    return await super()._do_post(
           ^^^^^^^^^^^^^^^^^^^^^^^
  File "C:\Users\LENOVO\Documents\CoinSeer\venv\Lib\site-packages\telegram\_bot.py", line 726, in _do_post
    result = await request.post(
             ^^^^^^^^^^^^^^^^^^^
  File "C:\Users\LENOVO\Documents\CoinSeer\venv\Lib\site-packages\telegram\request\_baserequest.py", line 197, in post
    result = await self._request_wrapper(
             ^^^^^^^^^^^^^^^^^^^^^^^^^^^^
  File "C:\Users\LENOVO\Documents\CoinSeer\venv\Lib\site-packages\telegram\request\_baserequest.py", line 355, in _request_wrapper
    raise Conflict(message)
telegram.error.Conflict: Conflict: terminated by other getUpdates request; make sure that only one bot instance is running
2025-07-28 13:24:02,855 - httpx - INFO - HTTP Request: POST https://api.telegram.org/bot7509807012:AAFn0026Mstf8DXx1HICJu36WhgkOWmIDP4/getUpdates "HTTP/1.1 409 Conflict"
2025-07-28 13:24:02,863 - telegram.ext.Application - ERROR - No error handlers are registered, logging exception.
Traceback (most recent call last):
  File "C:\Users\LENOVO\Documents\CoinSeer\venv\Lib\site-packages\telegram\ext\_utils\networkloop.py", line 115, in network_retry_loop
    if not await do_action():
           ^^^^^^^^^^^^^^^^^
  File "C:\Users\LENOVO\Documents\CoinSeer\venv\Lib\site-packages\telegram\ext\_utils\networkloop.py", line 108, in do_action
    return action_cb_task.result()
           ^^^^^^^^^^^^^^^^^^^^^^^
  File "C:\Users\LENOVO\Documents\CoinSeer\venv\Lib\site-packages\telegram\ext\_updater.py", line 335, in polling_action_cb
    updates = await self.bot.get_updates(
              ^^^^^^^^^^^^^^^^^^^^^^^^^^^
  File "C:\Users\LENOVO\Documents\CoinSeer\venv\Lib\site-packages\telegram\ext\_extbot.py", line 669, in get_updates
    updates = await super().get_updates(
              ^^^^^^^^^^^^^^^^^^^^^^^^^^
  File "C:\Users\LENOVO\Documents\CoinSeer\venv\Lib\site-packages\telegram\_bot.py", line 4601, in get_updates
    await self._post(
  File "C:\Users\LENOVO\Documents\CoinSeer\venv\Lib\site-packages\telegram\_bot.py", line 697, in _post
    return await self._do_post(
           ^^^^^^^^^^^^^^^^^^^^
  File "C:\Users\LENOVO\Documents\CoinSeer\venv\Lib\site-packages\telegram\ext\_extbot.py", line 369, in _do_post
    return await super()._do_post(
           ^^^^^^^^^^^^^^^^^^^^^^^
  File "C:\Users\LENOVO\Documents\CoinSeer\venv\Lib\site-packages\telegram\_bot.py", line 726, in _do_post
    result = await request.post(
             ^^^^^^^^^^^^^^^^^^^
  File "C:\Users\LENOVO\Documents\CoinSeer\venv\Lib\site-packages\telegram\request\_baserequest.py", line 197, in post
    result = await self._request_wrapper(
             ^^^^^^^^^^^^^^^^^^^^^^^^^^^^
  File "C:\Users\LENOVO\Documents\CoinSeer\venv\Lib\site-packages\telegram\request\_baserequest.py", line 355, in _request_wrapper
    raise Conflict(message)
telegram.error.Conflict: Conflict: terminated by other getUpdates request; make sure that only one bot instance is running
2025-07-28 13:24:08,642 - httpx - INFO - HTTP Request: POST https://api.telegram.org/bot7509807012:AAFn0026Mstf8DXx1HICJu36WhgkOWmIDP4/getUpdates "HTTP/1.1 409 Conflict"
2025-07-28 13:24:08,646 - telegram.ext.Application - ERROR - No error handlers are registered, logging exception.
Traceback (most recent call last):
  File "C:\Users\LENOVO\Documents\CoinSeer\venv\Lib\site-packages\telegram\ext\_utils\networkloop.py", line 115, in network_retry_loop
    if not await do_action():
           ^^^^^^^^^^^^^^^^^
  File "C:\Users\LENOVO\Documents\CoinSeer\venv\Lib\site-packages\telegram\ext\_utils\networkloop.py", line 108, in do_action
    return action_cb_task.result()
           ^^^^^^^^^^^^^^^^^^^^^^^
  File "C:\Users\LENOVO\Documents\CoinSeer\venv\Lib\site-packages\telegram\ext\_updater.py", line 335, in polling_action_cb
    updates = await self.bot.get_updates(
              ^^^^^^^^^^^^^^^^^^^^^^^^^^^
  File "C:\Users\LENOVO\Documents\CoinSeer\venv\Lib\site-packages\telegram\ext\_extbot.py", line 669, in get_updates
    updates = await super().get_updates(
              ^^^^^^^^^^^^^^^^^^^^^^^^^^
  File "C:\Users\LENOVO\Documents\CoinSeer\venv\Lib\site-packages\telegram\_bot.py", line 4601, in get_updates
    await self._post(
  File "C:\Users\LENOVO\Documents\CoinSeer\venv\Lib\site-packages\telegram\_bot.py", line 697, in _post
    return await self._do_post(
           ^^^^^^^^^^^^^^^^^^^^
  File "C:\Users\LENOVO\Documents\CoinSeer\venv\Lib\site-packages\telegram\ext\_extbot.py", line 369, in _do_post
    return await super()._do_post(
           ^^^^^^^^^^^^^^^^^^^^^^^
  File "C:\Users\LENOVO\Documents\CoinSeer\venv\Lib\site-packages\telegram\_bot.py", line 726, in _do_post
    result = await request.post(
             ^^^^^^^^^^^^^^^^^^^
  File "C:\Users\LENOVO\Documents\CoinSeer\venv\Lib\site-packages\telegram\request\_baserequest.py", line 197, in post
    result = await self._request_wrapper(
             ^^^^^^^^^^^^^^^^^^^^^^^^^^^^
  File "C:\Users\LENOVO\Documents\CoinSeer\venv\Lib\site-packages\telegram\request\_baserequest.py", line 355, in _request_wrapper
    raise Conflict(message)
telegram.error.Conflict: Conflict: terminated by other getUpdates request; make sure that only one bot instance is running
2025-07-28 13:24:16,971 - httpx - INFO - HTTP Request: POST https://api.telegram.org/bot7509807012:AAFn0026Mstf8DXx1HICJu36WhgkOWmIDP4/getUpdates "HTTP/1.1 409 Conflict"
2025-07-28 13:24:16,978 - telegram.ext.Application - ERROR - No error handlers are registered, logging exception.
Traceback (most recent call last):
  File "C:\Users\LENOVO\Documents\CoinSeer\venv\Lib\site-packages\telegram\ext\_utils\networkloop.py", line 115, in network_retry_loop
    if not await do_action():
           ^^^^^^^^^^^^^^^^^
  File "C:\Users\LENOVO\Documents\CoinSeer\venv\Lib\site-packages\telegram\ext\_utils\networkloop.py", line 108, in do_action
    return action_cb_task.result()
           ^^^^^^^^^^^^^^^^^^^^^^^
  File "C:\Users\LENOVO\Documents\CoinSeer\venv\Lib\site-packages\telegram\ext\_updater.py", line 335, in polling_action_cb
    updates = await self.bot.get_updates(
              ^^^^^^^^^^^^^^^^^^^^^^^^^^^
  File "C:\Users\LENOVO\Documents\CoinSeer\venv\Lib\site-packages\telegram\ext\_extbot.py", line 669, in get_updates
    updates = await super().get_updates(
              ^^^^^^^^^^^^^^^^^^^^^^^^^^
  File "C:\Users\LENOVO\Documents\CoinSeer\venv\Lib\site-packages\telegram\_bot.py", line 4601, in get_updates
    await self._post(
  File "C:\Users\LENOVO\Documents\CoinSeer\venv\Lib\site-packages\telegram\_bot.py", line 697, in _post
    return await self._do_post(
           ^^^^^^^^^^^^^^^^^^^^
  File "C:\Users\LENOVO\Documents\CoinSeer\venv\Lib\site-packages\telegram\ext\_extbot.py", line 369, in _do_post
    return await super()._do_post(
           ^^^^^^^^^^^^^^^^^^^^^^^
  File "C:\Users\LENOVO\Documents\CoinSeer\venv\Lib\site-packages\telegram\_bot.py", line 726, in _do_post
    result = await request.post(
             ^^^^^^^^^^^^^^^^^^^
  File "C:\Users\LENOVO\Documents\CoinSeer\venv\Lib\site-packages\telegram\request\_baserequest.py", line 197, in post
    result = await self._request_wrapper(
             ^^^^^^^^^^^^^^^^^^^^^^^^^^^^
  File "C:\Users\LENOVO\Documents\CoinSeer\venv\Lib\site-packages\telegram\request\_baserequest.py", line 355, in _request_wrapper
    raise Conflict(message)
telegram.error.Conflict: Conflict: terminated by other getUpdates request; make sure that only one bot instance is running
2025-07-28 13:24:25,354 - httpx - INFO - HTTP Request: POST https://api.telegram.org/bot7509807012:AAFn0026Mstf8DXx1HICJu36WhgkOWmIDP4/getUpdates "HTTP/1.1 409 Conflict"
2025-07-28 13:24:25,357 - telegram.ext.Application - ERROR - No error handlers are registered, logging exception.
Traceback (most recent call last):
  File "C:\Users\LENOVO\Documents\CoinSeer\venv\Lib\site-packages\telegram\ext\_utils\networkloop.py", line 115, in network_retry_loop
    if not await do_action():
           ^^^^^^^^^^^^^^^^^
  File "C:\Users\LENOVO\Documents\CoinSeer\venv\Lib\site-packages\telegram\ext\_utils\networkloop.py", line 108, in do_action
    return action_cb_task.result()
           ^^^^^^^^^^^^^^^^^^^^^^^
  File "C:\Users\LENOVO\Documents\CoinSeer\venv\Lib\site-packages\telegram\ext\_updater.py", line 335, in polling_action_cb
    updates = await self.bot.get_updates(
              ^^^^^^^^^^^^^^^^^^^^^^^^^^^
  File "C:\Users\LENOVO\Documents\CoinSeer\venv\Lib\site-packages\telegram\ext\_extbot.py", line 669, in get_updates
    updates = await super().get_updates(
              ^^^^^^^^^^^^^^^^^^^^^^^^^^
  File "C:\Users\LENOVO\Documents\CoinSeer\venv\Lib\site-packages\telegram\_bot.py", line 4601, in get_updates
    await self._post(
  File "C:\Users\LENOVO\Documents\CoinSeer\venv\Lib\site-packages\telegram\_bot.py", line 697, in _post
    return await self._do_post(
           ^^^^^^^^^^^^^^^^^^^^
  File "C:\Users\LENOVO\Documents\CoinSeer\venv\Lib\site-packages\telegram\ext\_extbot.py", line 369, in _do_post
    return await super()._do_post(
           ^^^^^^^^^^^^^^^^^^^^^^^
  File "C:\Users\LENOVO\Documents\CoinSeer\venv\Lib\site-packages\telegram\_bot.py", line 726, in _do_post
    result = await request.post(
             ^^^^^^^^^^^^^^^^^^^
  File "C:\Users\LENOVO\Documents\CoinSeer\venv\Lib\site-packages\telegram\request\_baserequest.py", line 197, in post
    result = await self._request_wrapper(
             ^^^^^^^^^^^^^^^^^^^^^^^^^^^^
  File "C:\Users\LENOVO\Documents\CoinSeer\venv\Lib\site-packages\telegram\request\_baserequest.py", line 355, in _request_wrapper
    raise Conflict(message)
telegram.error.Conflict: Conflict: terminated by other getUpdates request; make sure that only one bot instance is running
2025-07-28 13:24:27,852 - httpx - INFO - HTTP Request: POST https://api.telegram.org/bot7509807012:AAFn0026Mstf8DXx1HICJu36WhgkOWmIDP4/getUpdates "HTTP/1.1 200 OK"
2025-07-28 13:24:28,312 - apscheduler.executors.default - INFO - Running job "check_price_alerts (trigger: interval[0:01:00], next run at: 2025-07-28 12:25:28 UTC)" (scheduled at 2025-07-28 12:24:28.305486+00:00)
2025-07-28 13:24:28,314 - apscheduler.executors.default - INFO - Job "check_price_alerts (trigger: interval[0:01:00], next run at: 2025-07-28 12:25:28 UTC)" executed successfully
2025-07-28 13:24:28,577 - httpx - INFO - HTTP Request: POST https://api.telegram.org/bot7509807012:AAFn0026Mstf8DXx1HICJu36WhgkOWmIDP4/sendMessage "HTTP/1.1 200 OK"
2025-07-28 13:24:29,406 - api_clients - WARNING - NewsAPI request error, attempt 1: 401, message='Unauthorized', url='https://newsapi.org/v2/everything?q=cryptocurrency&apiKey=https://newsapi.org/v2/top-headlines?country%3Dus%26apiKey%3D9c66cd6a4add449abc081e74dd26e163&pageSize=5&sortBy=publishedAt&language=en&domains=coindesk.com,cointelegraph.com,decrypt.co,bitcoinmagazine.com,theblock.co'
2025-07-28 13:24:30,752 - api_clients - WARNING - NewsAPI request error, attempt 2: 401, message='Unauthorized', url='https://newsapi.org/v2/everything?q=cryptocurrency&apiKey=https://newsapi.org/v2/top-headlines?country%3Dus%26apiKey%3D9c66cd6a4add449abc081e74dd26e163&pageSize=5&sortBy=publishedAt&language=en&domains=coindesk.com,cointelegraph.com,decrypt.co,bitcoinmagazine.com,theblock.co'
2025-07-28 13:24:33,245 - api_clients - WARNING - NewsAPI request error, attempt 3: 401, message='Unauthorized', url='https://newsapi.org/v2/everything?q=cryptocurrency&apiKey=https://newsapi.org/v2/top-headlines?country%3Dus%26apiKey%3D9c66cd6a4add449abc081e74dd26e163&pageSize=5&sortBy=publishedAt&language=en&domains=coindesk.com,cointelegraph.com,decrypt.co,bitcoinmagazine.com,theblock.co'
2025-07-28 13:24:33,248 - api_clients - ERROR - Failed to fetch news: 401, message='Unauthorized', url='https://newsapi.org/v2/everything?q=cryptocurrency&apiKey=https://newsapi.org/v2/top-headlines?country%3Dus%26apiKey%3D9c66cd6a4add449abc081e74dd26e163&pageSize=5&sortBy=publishedAt&language=en&domains=coindesk.com,cointelegraph.com,decrypt.co,bitcoinmagazine.com,theblock.co'
2025-07-28 13:24:33,435 - httpx - INFO - HTTP Request: POST https://api.telegram.org/bot7509807012:AAFn0026Mstf8DXx1HICJu36WhgkOWmIDP4/editMessageText "HTTP/1.1 200 OK"
2025-07-28 13:24:37,550 - httpx - INFO - HTTP Request: POST https://api.telegram.org/bot7509807012:AAFn0026Mstf8DXx1HICJu36WhgkOWmIDP4/getUpdates "HTTP/1.1 409 Conflict"
2025-07-28 13:24:37,553 - telegram.ext.Application - ERROR - No error handlers are registered, logging exception.
Traceback (most recent call last):
  File "C:\Users\LENOVO\Documents\CoinSeer\venv\Lib\site-packages\telegram\ext\_utils\networkloop.py", line 115, in network_retry_loop
    if not await do_action():
           ^^^^^^^^^^^^^^^^^
  File "C:\Users\LENOVO\Documents\CoinSeer\venv\Lib\site-packages\telegram\ext\_utils\networkloop.py", line 108, in do_action
    return action_cb_task.result()
           ^^^^^^^^^^^^^^^^^^^^^^^
  File "C:\Users\LENOVO\Documents\CoinSeer\venv\Lib\site-packages\telegram\ext\_updater.py", line 335, in polling_action_cb
    updates = await self.bot.get_updates(
              ^^^^^^^^^^^^^^^^^^^^^^^^^^^
  File "C:\Users\LENOVO\Documents\CoinSeer\venv\Lib\site-packages\telegram\ext\_extbot.py", line 669, in get_updates
    updates = await super().get_updates(
              ^^^^^^^^^^^^^^^^^^^^^^^^^^
  File "C:\Users\LENOVO\Documents\CoinSeer\venv\Lib\site-packages\telegram\_bot.py", line 4601, in get_updates
    await self._post(
  File "C:\Users\LENOVO\Documents\CoinSeer\venv\Lib\site-packages\telegram\_bot.py", line 697, in _post
    return await self._do_post(
           ^^^^^^^^^^^^^^^^^^^^
  File "C:\Users\LENOVO\Documents\CoinSeer\venv\Lib\site-packages\telegram\ext\_extbot.py", line 369, in _do_post
    return await super()._do_post(
           ^^^^^^^^^^^^^^^^^^^^^^^
  File "C:\Users\LENOVO\Documents\CoinSeer\venv\Lib\site-packages\telegram\_bot.py", line 726, in _do_post
    result = await request.post(
             ^^^^^^^^^^^^^^^^^^^
  File "C:\Users\LENOVO\Documents\CoinSeer\venv\Lib\site-packages\telegram\request\_baserequest.py", line 197, in post
    result = await self._request_wrapper(
             ^^^^^^^^^^^^^^^^^^^^^^^^^^^^
  File "C:\Users\LENOVO\Documents\CoinSeer\venv\Lib\site-packages\telegram\request\_baserequest.py", line 355, in _request_wrapper
    raise Conflict(message)
telegram.error.Conflict: Conflict: terminated by other getUpdates request; make sure that only one bot instance is running
2025-07-28 13:24:40,031 - httpx - INFO - HTTP Request: POST https://api.telegram.org/bot7509807012:AAFn0026Mstf8DXx1HICJu36WhgkOWmIDP4/getUpdates "HTTP/1.1 200 OK"
2025-07-28 13:24:40,835 - httpx - INFO - HTTP Request: POST https://api.telegram.org/bot7509807012:AAFn0026Mstf8DXx1HICJu36WhgkOWmIDP4/sendMessage "HTTP/1.1 200 OK"
2025-07-28 13:24:41,722 - httpx - INFO - HTTP Request: POST https://api.telegram.org/bot7509807012:AAFn0026Mstf8DXx1HICJu36WhgkOWmIDP4/getUpdates "HTTP/1.1 409 Conflict"
2025-07-28 13:24:41,723 - telegram.ext.Application - ERROR - No error handlers are registered, logging exception.
Traceback (most recent call last):
  File "C:\Users\LENOVO\Documents\CoinSeer\venv\Lib\site-packages\telegram\ext\_utils\networkloop.py", line 115, in network_retry_loop
    if not await do_action():
           ^^^^^^^^^^^^^^^^^
  File "C:\Users\LENOVO\Documents\CoinSeer\venv\Lib\site-packages\telegram\ext\_utils\networkloop.py", line 108, in do_action
    return action_cb_task.result()
           ^^^^^^^^^^^^^^^^^^^^^^^
  File "C:\Users\LENOVO\Documents\CoinSeer\venv\Lib\site-packages\telegram\ext\_updater.py", line 335, in polling_action_cb
    updates = await self.bot.get_updates(
              ^^^^^^^^^^^^^^^^^^^^^^^^^^^
  File "C:\Users\LENOVO\Documents\CoinSeer\venv\Lib\site-packages\telegram\ext\_extbot.py", line 669, in get_updates
    updates = await super().get_updates(
              ^^^^^^^^^^^^^^^^^^^^^^^^^^
  File "C:\Users\LENOVO\Documents\CoinSeer\venv\Lib\site-packages\telegram\_bot.py", line 4601, in get_updates
    await self._post(
  File "C:\Users\LENOVO\Documents\CoinSeer\venv\Lib\site-packages\telegram\_bot.py", line 697, in _post
    return await self._do_post(
           ^^^^^^^^^^^^^^^^^^^^
  File "C:\Users\LENOVO\Documents\CoinSeer\venv\Lib\site-packages\telegram\ext\_extbot.py", line 369, in _do_post
    return await super()._do_post(
           ^^^^^^^^^^^^^^^^^^^^^^^
  File "C:\Users\LENOVO\Documents\CoinSeer\venv\Lib\site-packages\telegram\_bot.py", line 726, in _do_post
    result = await request.post(
             ^^^^^^^^^^^^^^^^^^^
  File "C:\Users\LENOVO\Documents\CoinSeer\venv\Lib\site-packages\telegram\request\_baserequest.py", line 197, in post
    result = await self._request_wrapper(
             ^^^^^^^^^^^^^^^^^^^^^^^^^^^^
  File "C:\Users\LENOVO\Documents\CoinSeer\venv\Lib\site-packages\telegram\request\_baserequest.py", line 355, in _request_wrapper
    raise Conflict(message)
telegram.error.Conflict: Conflict: terminated by other getUpdates request; make sure that only one bot instance is running
2025-07-28 13:24:46,134 - apscheduler.executors.default - INFO - Running job "check_price_alerts (trigger: interval[0:01:00], next run at: 2025-07-28 12:25:46 UTC)" (scheduled at 2025-07-28 12:24:46.130707+00:00)
2025-07-28 13:24:46,138 - apscheduler.executors.default - INFO - Job "check_price_alerts (trigger: interval[0:01:00], next run at: 2025-07-28 12:25:46 UTC)" executed successfully
2025-07-28 13:24:50,476 - httpx - INFO - HTTP Request: POST https://api.telegram.org/bot7509807012:AAFn0026Mstf8DXx1HICJu36WhgkOWmIDP4/getUpdates "HTTP/1.1 200 OK"
2025-07-28 13:24:59,579 - httpx - INFO - HTTP Request: POST https://api.telegram.org/bot7509807012:AAFn0026Mstf8DXx1HICJu36WhgkOWmIDP4/getUpdates "HTTP/1.1 409 Conflict"
2025-07-28 13:24:59,581 - telegram.ext.Application - ERROR - No error handlers are registered, logging exception.
Traceback (most recent call last):
  File "C:\Users\LENOVO\Documents\CoinSeer\venv\Lib\site-packages\telegram\ext\_utils\networkloop.py", line 115, in network_retry_loop
    if not await do_action():
           ^^^^^^^^^^^^^^^^^
  File "C:\Users\LENOVO\Documents\CoinSeer\venv\Lib\site-packages\telegram\ext\_utils\networkloop.py", line 108, in do_action
    return action_cb_task.result()
           ^^^^^^^^^^^^^^^^^^^^^^^
  File "C:\Users\LENOVO\Documents\CoinSeer\venv\Lib\site-packages\telegram\ext\_updater.py", line 335, in polling_action_cb
    updates = await self.bot.get_updates(
              ^^^^^^^^^^^^^^^^^^^^^^^^^^^
  File "C:\Users\LENOVO\Documents\CoinSeer\venv\Lib\site-packages\telegram\ext\_extbot.py", line 669, in get_updates
    updates = await super().get_updates(
              ^^^^^^^^^^^^^^^^^^^^^^^^^^
  File "C:\Users\LENOVO\Documents\CoinSeer\venv\Lib\site-packages\telegram\_bot.py", line 4601, in get_updates
    await self._post(
  File "C:\Users\LENOVO\Documents\CoinSeer\venv\Lib\site-packages\telegram\_bot.py", line 697, in _post
    return await self._do_post(
           ^^^^^^^^^^^^^^^^^^^^
  File "C:\Users\LENOVO\Documents\CoinSeer\venv\Lib\site-packages\telegram\ext\_extbot.py", line 369, in _do_post
    return await super()._do_post(
           ^^^^^^^^^^^^^^^^^^^^^^^
  File "C:\Users\LENOVO\Documents\CoinSeer\venv\Lib\site-packages\telegram\_bot.py", line 726, in _do_post
    result = await request.post(
             ^^^^^^^^^^^^^^^^^^^
  File "C:\Users\LENOVO\Documents\CoinSeer\venv\Lib\site-packages\telegram\request\_baserequest.py", line 197, in post
    result = await self._request_wrapper(
             ^^^^^^^^^^^^^^^^^^^^^^^^^^^^
  File "C:\Users\LENOVO\Documents\CoinSeer\venv\Lib\site-packages\telegram\request\_baserequest.py", line 355, in _request_wrapper
    raise Conflict(message)
telegram.error.Conflict: Conflict: terminated by other getUpdates request; make sure that only one bot instance is running
2025-07-28 13:25:03,797 - httpx - INFO - HTTP Request: POST https://api.telegram.org/bot7509807012:AAFn0026Mstf8DXx1HICJu36WhgkOWmIDP4/getUpdates "HTTP/1.1 409 Conflict"
2025-07-28 13:25:03,799 - telegram.ext.Application - ERROR - No error handlers are registered, logging exception.
Traceback (most recent call last):
  File "C:\Users\LENOVO\Documents\CoinSeer\venv\Lib\site-packages\telegram\ext\_utils\networkloop.py", line 115, in network_retry_loop
    if not await do_action():
           ^^^^^^^^^^^^^^^^^
  File "C:\Users\LENOVO\Documents\CoinSeer\venv\Lib\site-packages\telegram\ext\_utils\networkloop.py", line 108, in do_action
    return action_cb_task.result()
           ^^^^^^^^^^^^^^^^^^^^^^^
  File "C:\Users\LENOVO\Documents\CoinSeer\venv\Lib\site-packages\telegram\ext\_updater.py", line 335, in polling_action_cb
    updates = await self.bot.get_updates(
              ^^^^^^^^^^^^^^^^^^^^^^^^^^^
  File "C:\Users\LENOVO\Documents\CoinSeer\venv\Lib\site-packages\telegram\ext\_extbot.py", line 669, in get_updates
    updates = await super().get_updates(
              ^^^^^^^^^^^^^^^^^^^^^^^^^^
  File "C:\Users\LENOVO\Documents\CoinSeer\venv\Lib\site-packages\telegram\_bot.py", line 4601, in get_updates
    await self._post(
  File "C:\Users\LENOVO\Documents\CoinSeer\venv\Lib\site-packages\telegram\_bot.py", line 697, in _post
    return await self._do_post(
           ^^^^^^^^^^^^^^^^^^^^
  File "C:\Users\LENOVO\Documents\CoinSeer\venv\Lib\site-packages\telegram\ext\_extbot.py", line 369, in _do_post
    return await super()._do_post(
           ^^^^^^^^^^^^^^^^^^^^^^^
  File "C:\Users\LENOVO\Documents\CoinSeer\venv\Lib\site-packages\telegram\_bot.py", line 726, in _do_post
    result = await request.post(
             ^^^^^^^^^^^^^^^^^^^
  File "C:\Users\LENOVO\Documents\CoinSeer\venv\Lib\site-packages\telegram\request\_baserequest.py", line 197, in post
    result = await self._request_wrapper(
             ^^^^^^^^^^^^^^^^^^^^^^^^^^^^
  File "C:\Users\LENOVO\Documents\CoinSeer\venv\Lib\site-packages\telegram\request\_baserequest.py", line 355, in _request_wrapper
    raise Conflict(message)
telegram.error.Conflict: Conflict: terminated by other getUpdates request; make sure that only one bot instance is running
2025-07-28 13:25:10,890 - httpx - INFO - HTTP Request: POST https://api.telegram.org/bot7509807012:AAFn0026Mstf8DXx1HICJu36WhgkOWmIDP4/getUpdates "HTTP/1.1 200 OK"
2025-07-28 13:25:19,326 - httpx - INFO - HTTP Request: POST https://api.telegram.org/bot7509807012:AAFn0026Mstf8DXx1HICJu36WhgkOWmIDP4/getUpdates "HTTP/1.1 200 OK"
2025-07-28 13:25:19,942 - httpx - INFO - HTTP Request: POST https://api.telegram.org/bot7509807012:AAFn0026Mstf8DXx1HICJu36WhgkOWmIDP4/answerCallbackQuery "HTTP/1.1 200 OK"
2025-07-28 13:25:20,138 - httpx - INFO - HTTP Request: POST https://api.telegram.org/bot7509807012:AAFn0026Mstf8DXx1HICJu36WhgkOWmIDP4/editMessageText "HTTP/1.1 200 OK"
2025-07-28 13:25:28,322 - apscheduler.executors.default - INFO - Running job "check_price_alerts (trigger: interval[0:01:00], next run at: 2025-07-28 12:26:28 UTC)" (scheduled at 2025-07-28 12:25:28.305486+00:00)
2025-07-28 13:25:28,325 - apscheduler.executors.default - INFO - Job "check_price_alerts (trigger: interval[0:01:00], next run at: 2025-07-28 12:26:28 UTC)" executed successfully
2025-07-28 13:25:29,502 - httpx - INFO - HTTP Request: POST https://api.telegram.org/bot7509807012:AAFn0026Mstf8DXx1HICJu36WhgkOWmIDP4/getUpdates "HTTP/1.1 200 OK"
2025-07-28 13:25:30,078 - httpx - INFO - HTTP Request: POST https://api.telegram.org/bot7509807012:AAFn0026Mstf8DXx1HICJu36WhgkOWmIDP4/getUpdates "HTTP/1.1 409 Conflict"
2025-07-28 13:25:30,080 - telegram.ext.Application - ERROR - No error handlers are registered, logging exception.
Traceback (most recent call last):
  File "C:\Users\LENOVO\Documents\CoinSeer\venv\Lib\site-packages\telegram\ext\_utils\networkloop.py", line 115, in network_retry_loop
    if not await do_action():
           ^^^^^^^^^^^^^^^^^
  File "C:\Users\LENOVO\Documents\CoinSeer\venv\Lib\site-packages\telegram\ext\_utils\networkloop.py", line 108, in do_action
    return action_cb_task.result()
           ^^^^^^^^^^^^^^^^^^^^^^^
  File "C:\Users\LENOVO\Documents\CoinSeer\venv\Lib\site-packages\telegram\ext\_updater.py", line 335, in polling_action_cb
    updates = await self.bot.get_updates(
              ^^^^^^^^^^^^^^^^^^^^^^^^^^^
  File "C:\Users\LENOVO\Documents\CoinSeer\venv\Lib\site-packages\telegram\ext\_extbot.py", line 669, in get_updates
    updates = await super().get_updates(
              ^^^^^^^^^^^^^^^^^^^^^^^^^^
  File "C:\Users\LENOVO\Documents\CoinSeer\venv\Lib\site-packages\telegram\_bot.py", line 4601, in get_updates
    await self._post(
  File "C:\Users\LENOVO\Documents\CoinSeer\venv\Lib\site-packages\telegram\_bot.py", line 697, in _post
    return await self._do_post(
           ^^^^^^^^^^^^^^^^^^^^
  File "C:\Users\LENOVO\Documents\CoinSeer\venv\Lib\site-packages\telegram\ext\_extbot.py", line 369, in _do_post
    return await super()._do_post(
           ^^^^^^^^^^^^^^^^^^^^^^^
  File "C:\Users\LENOVO\Documents\CoinSeer\venv\Lib\site-packages\telegram\_bot.py", line 726, in _do_post
    result = await request.post(
             ^^^^^^^^^^^^^^^^^^^
  File "C:\Users\LENOVO\Documents\CoinSeer\venv\Lib\site-packages\telegram\request\_baserequest.py", line 197, in post
    result = await self._request_wrapper(
             ^^^^^^^^^^^^^^^^^^^^^^^^^^^^
  File "C:\Users\LENOVO\Documents\CoinSeer\venv\Lib\site-packages\telegram\request\_baserequest.py", line 355, in _request_wrapper
    raise Conflict(message)
telegram.error.Conflict: Conflict: terminated by other getUpdates request; make sure that only one bot instance is running
2025-07-28 13:25:34,282 - httpx - INFO - HTTP Request: POST https://api.telegram.org/bot7509807012:AAFn0026Mstf8DXx1HICJu36WhgkOWmIDP4/getUpdates "HTTP/1.1 409 Conflict"
2025-07-28 13:25:34,283 - telegram.ext.Application - ERROR - No error handlers are registered, logging exception.
Traceback (most recent call last):
  File "C:\Users\LENOVO\Documents\CoinSeer\venv\Lib\site-packages\telegram\ext\_utils\networkloop.py", line 115, in network_retry_loop
    if not await do_action():
           ^^^^^^^^^^^^^^^^^
  File "C:\Users\LENOVO\Documents\CoinSeer\venv\Lib\site-packages\telegram\ext\_utils\networkloop.py", line 108, in do_action
    return action_cb_task.result()
           ^^^^^^^^^^^^^^^^^^^^^^^
  File "C:\Users\LENOVO\Documents\CoinSeer\venv\Lib\site-packages\telegram\ext\_updater.py", line 335, in polling_action_cb
    updates = await self.bot.get_updates(
              ^^^^^^^^^^^^^^^^^^^^^^^^^^^
  File "C:\Users\LENOVO\Documents\CoinSeer\venv\Lib\site-packages\telegram\ext\_extbot.py", line 669, in get_updates
    updates = await super().get_updates(
              ^^^^^^^^^^^^^^^^^^^^^^^^^^
  File "C:\Users\LENOVO\Documents\CoinSeer\venv\Lib\site-packages\telegram\_bot.py", line 4601, in get_updates
    await self._post(
  File "C:\Users\LENOVO\Documents\CoinSeer\venv\Lib\site-packages\telegram\_bot.py", line 697, in _post
    return await self._do_post(
           ^^^^^^^^^^^^^^^^^^^^
  File "C:\Users\LENOVO\Documents\CoinSeer\venv\Lib\site-packages\telegram\ext\_extbot.py", line 369, in _do_post
    return await super()._do_post(
           ^^^^^^^^^^^^^^^^^^^^^^^
  File "C:\Users\LENOVO\Documents\CoinSeer\venv\Lib\site-packages\telegram\_bot.py", line 726, in _do_post
    result = await request.post(
             ^^^^^^^^^^^^^^^^^^^
  File "C:\Users\LENOVO\Documents\CoinSeer\venv\Lib\site-packages\telegram\request\_baserequest.py", line 197, in post
    result = await self._request_wrapper(
             ^^^^^^^^^^^^^^^^^^^^^^^^^^^^
  File "C:\Users\LENOVO\Documents\CoinSeer\venv\Lib\site-packages\telegram\request\_baserequest.py", line 355, in _request_wrapper
    raise Conflict(message)
telegram.error.Conflict: Conflict: terminated by other getUpdates request; make sure that only one bot instance is running
2025-07-28 13:25:37,451 - httpx - INFO - HTTP Request: POST https://api.telegram.org/bot7509807012:AAFn0026Mstf8DXx1HICJu36WhgkOWmIDP4/getUpdates "HTTP/1.1 200 OK"
2025-07-28 13:25:46,140 - apscheduler.executors.default - INFO - Running job "check_price_alerts (trigger: interval[0:01:00], next run at: 2025-07-28 12:26:46 UTC)" (scheduled at 2025-07-28 12:25:46.130707+00:00)
2025-07-28 13:25:46,144 - apscheduler.executors.default - INFO - Job "check_price_alerts (trigger: interval[0:01:00], next run at: 2025-07-28 12:26:46 UTC)" executed successfully
2025-07-28 13:25:46,156 - apscheduler.executors.default - INFO - Running job "check_volume_alerts (trigger: interval[0:05:00], next run at: 2025-07-28 12:30:46 UTC)" (scheduled at 2025-07-28 12:25:46.153148+00:00)
2025-07-28 13:25:46,160 - apscheduler.executors.default - INFO - Job "check_volume_alerts (trigger: interval[0:05:00], next run at: 2025-07-28 12:30:46 UTC)" executed successfully
2025-07-28 13:25:47,634 - httpx - INFO - HTTP Request: POST https://api.telegram.org/bot7509807012:AAFn0026Mstf8DXx1HICJu36WhgkOWmIDP4/getUpdates "HTTP/1.1 200 OK"
2025-07-28 13:25:50,454 - httpx - INFO - HTTP Request: POST https://api.telegram.org/bot7509807012:AAFn0026Mstf8DXx1HICJu36WhgkOWmIDP4/getUpdates "HTTP/1.1 200 OK"
2025-07-28 13:25:51,322 - httpx - INFO - HTTP Request: POST https://api.telegram.org/bot7509807012:AAFn0026Mstf8DXx1HICJu36WhgkOWmIDP4/sendMessage "HTTP/1.1 200 OK"
2025-07-28 13:26:00,655 - httpx - INFO - HTTP Request: POST https://api.telegram.org/bot7509807012:AAFn0026Mstf8DXx1HICJu36WhgkOWmIDP4/getUpdates "HTTP/1.1 200 OK"
2025-07-28 13:26:05,097 - httpx - INFO - HTTP Request: POST https://api.telegram.org/bot7509807012:AAFn0026Mstf8DXx1HICJu36WhgkOWmIDP4/getUpdates "HTTP/1.1 409 Conflict"
2025-07-28 13:26:05,102 - telegram.ext.Application - ERROR - No error handlers are registered, logging exception.
Traceback (most recent call last):
  File "C:\Users\LENOVO\Documents\CoinSeer\venv\Lib\site-packages\telegram\ext\_utils\networkloop.py", line 115, in network_retry_loop
    if not await do_action():
           ^^^^^^^^^^^^^^^^^
  File "C:\Users\LENOVO\Documents\CoinSeer\venv\Lib\site-packages\telegram\ext\_utils\networkloop.py", line 108, in do_action
    return action_cb_task.result()
           ^^^^^^^^^^^^^^^^^^^^^^^
  File "C:\Users\LENOVO\Documents\CoinSeer\venv\Lib\site-packages\telegram\ext\_updater.py", line 335, in polling_action_cb
    updates = await self.bot.get_updates(
              ^^^^^^^^^^^^^^^^^^^^^^^^^^^
  File "C:\Users\LENOVO\Documents\CoinSeer\venv\Lib\site-packages\telegram\ext\_extbot.py", line 669, in get_updates
    updates = await super().get_updates(
              ^^^^^^^^^^^^^^^^^^^^^^^^^^
  File "C:\Users\LENOVO\Documents\CoinSeer\venv\Lib\site-packages\telegram\_bot.py", line 4601, in get_updates
    await self._post(
  File "C:\Users\LENOVO\Documents\CoinSeer\venv\Lib\site-packages\telegram\_bot.py", line 697, in _post
    return await self._do_post(
           ^^^^^^^^^^^^^^^^^^^^
  File "C:\Users\LENOVO\Documents\CoinSeer\venv\Lib\site-packages\telegram\ext\_extbot.py", line 369, in _do_post
    return await super()._do_post(
           ^^^^^^^^^^^^^^^^^^^^^^^
  File "C:\Users\LENOVO\Documents\CoinSeer\venv\Lib\site-packages\telegram\_bot.py", line 726, in _do_post
    result = await request.post(
             ^^^^^^^^^^^^^^^^^^^
  File "C:\Users\LENOVO\Documents\CoinSeer\venv\Lib\site-packages\telegram\request\_baserequest.py", line 197, in post
    result = await self._request_wrapper(
             ^^^^^^^^^^^^^^^^^^^^^^^^^^^^
  File "C:\Users\LENOVO\Documents\CoinSeer\venv\Lib\site-packages\telegram\request\_baserequest.py", line 355, in _request_wrapper
    raise Conflict(message)
telegram.error.Conflict: Conflict: terminated by other getUpdates request; make sure that only one bot instance is running
2025-07-28 13:26:09,313 - httpx - INFO - HTTP Request: POST https://api.telegram.org/bot7509807012:AAFn0026Mstf8DXx1HICJu36WhgkOWmIDP4/getUpdates "HTTP/1.1 409 Conflict"
2025-07-28 13:26:09,316 - telegram.ext.Application - ERROR - No error handlers are registered, logging exception.
Traceback (most recent call last):
  File "C:\Users\LENOVO\Documents\CoinSeer\venv\Lib\site-packages\telegram\ext\_utils\networkloop.py", line 115, in network_retry_loop
    if not await do_action():
           ^^^^^^^^^^^^^^^^^
  File "C:\Users\LENOVO\Documents\CoinSeer\venv\Lib\site-packages\telegram\ext\_utils\networkloop.py", line 108, in do_action
    return action_cb_task.result()
           ^^^^^^^^^^^^^^^^^^^^^^^
  File "C:\Users\LENOVO\Documents\CoinSeer\venv\Lib\site-packages\telegram\ext\_updater.py", line 335, in polling_action_cb
    updates = await self.bot.get_updates(
              ^^^^^^^^^^^^^^^^^^^^^^^^^^^
  File "C:\Users\LENOVO\Documents\CoinSeer\venv\Lib\site-packages\telegram\ext\_extbot.py", line 669, in get_updates
    updates = await super().get_updates(
              ^^^^^^^^^^^^^^^^^^^^^^^^^^
  File "C:\Users\LENOVO\Documents\CoinSeer\venv\Lib\site-packages\telegram\_bot.py", line 4601, in get_updates
    await self._post(
  File "C:\Users\LENOVO\Documents\CoinSeer\venv\Lib\site-packages\telegram\_bot.py", line 697, in _post
    return await self._do_post(
           ^^^^^^^^^^^^^^^^^^^^
  File "C:\Users\LENOVO\Documents\CoinSeer\venv\Lib\site-packages\telegram\ext\_extbot.py", line 369, in _do_post
    return await super()._do_post(
           ^^^^^^^^^^^^^^^^^^^^^^^
  File "C:\Users\LENOVO\Documents\CoinSeer\venv\Lib\site-packages\telegram\_bot.py", line 726, in _do_post
    result = await request.post(
             ^^^^^^^^^^^^^^^^^^^
  File "C:\Users\LENOVO\Documents\CoinSeer\venv\Lib\site-packages\telegram\request\_baserequest.py", line 197, in post
    result = await self._request_wrapper(
             ^^^^^^^^^^^^^^^^^^^^^^^^^^^^
  File "C:\Users\LENOVO\Documents\CoinSeer\venv\Lib\site-packages\telegram\request\_baserequest.py", line 355, in _request_wrapper
    raise Conflict(message)
telegram.error.Conflict: Conflict: terminated by other getUpdates request; make sure that only one bot instance is running
2025-07-28 13:26:16,367 - httpx - INFO - HTTP Request: POST https://api.telegram.org/bot7509807012:AAFn0026Mstf8DXx1HICJu36WhgkOWmIDP4/getUpdates "HTTP/1.1 200 OK"
2025-07-28 13:26:26,602 - httpx - INFO - HTTP Request: POST https://api.telegram.org/bot7509807012:AAFn0026Mstf8DXx1HICJu36WhgkOWmIDP4/getUpdates "HTTP/1.1 200 OK"
2025-07-28 13:26:28,320 - apscheduler.executors.default - INFO - Running job "check_price_alerts (trigger: interval[0:01:00], next run at: 2025-07-28 12:27:28 UTC)" (scheduled at 2025-07-28 12:26:28.305486+00:00)
2025-07-28 13:26:28,324 - apscheduler.executors.default - INFO - Job "check_price_alerts (trigger: interval[0:01:00], next run at: 2025-07-28 12:27:28 UTC)" executed successfully
2025-07-28 13:26:36,794 - httpx - INFO - HTTP Request: POST https://api.telegram.org/bot7509807012:AAFn0026Mstf8DXx1HICJu36WhgkOWmIDP4/getUpdates "HTTP/1.1 200 OK"
2025-07-28 13:26:40,118 - httpx - INFO - HTTP Request: POST https://api.telegram.org/bot7509807012:AAFn0026Mstf8DXx1HICJu36WhgkOWmIDP4/getUpdates "HTTP/1.1 409 Conflict"
2025-07-28 13:26:40,119 - telegram.ext.Application - ERROR - No error handlers are registered, logging exception.
Traceback (most recent call last):
  File "C:\Users\LENOVO\Documents\CoinSeer\venv\Lib\site-packages\telegram\ext\_utils\networkloop.py", line 115, in network_retry_loop
    if not await do_action():
           ^^^^^^^^^^^^^^^^^
  File "C:\Users\LENOVO\Documents\CoinSeer\venv\Lib\site-packages\telegram\ext\_utils\networkloop.py", line 108, in do_action
    return action_cb_task.result()
           ^^^^^^^^^^^^^^^^^^^^^^^
  File "C:\Users\LENOVO\Documents\CoinSeer\venv\Lib\site-packages\telegram\ext\_updater.py", line 335, in polling_action_cb
    updates = await self.bot.get_updates(
              ^^^^^^^^^^^^^^^^^^^^^^^^^^^
  File "C:\Users\LENOVO\Documents\CoinSeer\venv\Lib\site-packages\telegram\ext\_extbot.py", line 669, in get_updates
    updates = await super().get_updates(
              ^^^^^^^^^^^^^^^^^^^^^^^^^^
  File "C:\Users\LENOVO\Documents\CoinSeer\venv\Lib\site-packages\telegram\_bot.py", line 4601, in get_updates
    await self._post(
  File "C:\Users\LENOVO\Documents\CoinSeer\venv\Lib\site-packages\telegram\_bot.py", line 697, in _post
    return await self._do_post(
           ^^^^^^^^^^^^^^^^^^^^
  File "C:\Users\LENOVO\Documents\CoinSeer\venv\Lib\site-packages\telegram\ext\_extbot.py", line 369, in _do_post
    return await super()._do_post(
           ^^^^^^^^^^^^^^^^^^^^^^^
  File "C:\Users\LENOVO\Documents\CoinSeer\venv\Lib\site-packages\telegram\_bot.py", line 726, in _do_post
    result = await request.post(
             ^^^^^^^^^^^^^^^^^^^
  File "C:\Users\LENOVO\Documents\CoinSeer\venv\Lib\site-packages\telegram\request\_baserequest.py", line 197, in post
    result = await self._request_wrapper(
             ^^^^^^^^^^^^^^^^^^^^^^^^^^^^
  File "C:\Users\LENOVO\Documents\CoinSeer\venv\Lib\site-packages\telegram\request\_baserequest.py", line 355, in _request_wrapper
    raise Conflict(message)
telegram.error.Conflict: Conflict: terminated by other getUpdates request; make sure that only one bot instance is running
2025-07-28 13:26:44,316 - httpx - INFO - HTTP Request: POST https://api.telegram.org/bot7509807012:AAFn0026Mstf8DXx1HICJu36WhgkOWmIDP4/getUpdates "HTTP/1.1 409 Conflict"
2025-07-28 13:26:44,318 - telegram.ext.Application - ERROR - No error handlers are registered, logging exception.
Traceback (most recent call last):
  File "C:\Users\LENOVO\Documents\CoinSeer\venv\Lib\site-packages\telegram\ext\_utils\networkloop.py", line 115, in network_retry_loop
    if not await do_action():
           ^^^^^^^^^^^^^^^^^
  File "C:\Users\LENOVO\Documents\CoinSeer\venv\Lib\site-packages\telegram\ext\_utils\networkloop.py", line 108, in do_action
    return action_cb_task.result()
           ^^^^^^^^^^^^^^^^^^^^^^^
  File "C:\Users\LENOVO\Documents\CoinSeer\venv\Lib\site-packages\telegram\ext\_updater.py", line 335, in polling_action_cb
    updates = await self.bot.get_updates(
              ^^^^^^^^^^^^^^^^^^^^^^^^^^^
  File "C:\Users\LENOVO\Documents\CoinSeer\venv\Lib\site-packages\telegram\ext\_extbot.py", line 669, in get_updates
    updates = await super().get_updates(
              ^^^^^^^^^^^^^^^^^^^^^^^^^^
  File "C:\Users\LENOVO\Documents\CoinSeer\venv\Lib\site-packages\telegram\_bot.py", line 4601, in get_updates
    await self._post(
  File "C:\Users\LENOVO\Documents\CoinSeer\venv\Lib\site-packages\telegram\_bot.py", line 697, in _post
    return await self._do_post(
           ^^^^^^^^^^^^^^^^^^^^
  File "C:\Users\LENOVO\Documents\CoinSeer\venv\Lib\site-packages\telegram\ext\_extbot.py", line 369, in _do_post
    return await super()._do_post(
           ^^^^^^^^^^^^^^^^^^^^^^^
  File "C:\Users\LENOVO\Documents\CoinSeer\venv\Lib\site-packages\telegram\_bot.py", line 726, in _do_post
    result = await request.post(
             ^^^^^^^^^^^^^^^^^^^
  File "C:\Users\LENOVO\Documents\CoinSeer\venv\Lib\site-packages\telegram\request\_baserequest.py", line 197, in post
    result = await self._request_wrapper(
             ^^^^^^^^^^^^^^^^^^^^^^^^^^^^
  File "C:\Users\LENOVO\Documents\CoinSeer\venv\Lib\site-packages\telegram\request\_baserequest.py", line 355, in _request_wrapper
    raise Conflict(message)
telegram.error.Conflict: Conflict: terminated by other getUpdates request; make sure that only one bot instance is running
2025-07-28 13:26:46,140 - apscheduler.executors.default - INFO - Running job "check_price_alerts (trigger: interval[0:01:00], next run at: 2025-07-28 12:27:46 UTC)" (scheduled at 2025-07-28 12:26:46.130707+00:00)
2025-07-28 13:26:46,144 - apscheduler.executors.default - INFO - Job "check_price_alerts (trigger: interval[0:01:00], next run at: 2025-07-28 12:27:46 UTC)" executed successfully
2025-07-28 13:26:51,389 - httpx - INFO - HTTP Request: POST https://api.telegram.org/bot7509807012:AAFn0026Mstf8DXx1HICJu36WhgkOWmIDP4/getUpdates "HTTP/1.1 200 OK"
2025-07-28 13:26:53,992 - httpx - INFO - HTTP Request: POST https://api.telegram.org/bot7509807012:AAFn0026Mstf8DXx1HICJu36WhgkOWmIDP4/getUpdates "HTTP/1.1 200 OK"
2025-07-28 13:26:54,863 - httpx - INFO - HTTP Request: POST https://api.telegram.org/bot7509807012:AAFn0026Mstf8DXx1HICJu36WhgkOWmIDP4/answerCallbackQuery "HTTP/1.1 200 OK"
2025-07-28 13:26:55,067 - httpx - INFO - HTTP Request: POST https://api.telegram.org/bot7509807012:AAFn0026Mstf8DXx1HICJu36WhgkOWmIDP4/editMessageText "HTTP/1.1 200 OK"
2025-07-28 13:27:04,262 - httpx - INFO - HTTP Request: POST https://api.telegram.org/bot7509807012:AAFn0026Mstf8DXx1HICJu36WhgkOWmIDP4/getUpdates "HTTP/1.1 200 OK"
2025-07-28 13:27:14,444 - httpx - INFO - HTTP Request: POST https://api.telegram.org/bot7509807012:AAFn0026Mstf8DXx1HICJu36WhgkOWmIDP4/getUpdates "HTTP/1.1 200 OK"
2025-07-28 13:27:14,940 - httpx - INFO - HTTP Request: POST https://api.telegram.org/bot7509807012:AAFn0026Mstf8DXx1HICJu36WhgkOWmIDP4/getUpdates "HTTP/1.1 409 Conflict"
2025-07-28 13:27:14,960 - telegram.ext.Application - ERROR - No error handlers are registered, logging exception.
Traceback (most recent call last):
  File "C:\Users\LENOVO\Documents\CoinSeer\venv\Lib\site-packages\telegram\ext\_utils\networkloop.py", line 115, in network_retry_loop
    if not await do_action():
           ^^^^^^^^^^^^^^^^^
  File "C:\Users\LENOVO\Documents\CoinSeer\venv\Lib\site-packages\telegram\ext\_utils\networkloop.py", line 108, in do_action
    return action_cb_task.result()
           ^^^^^^^^^^^^^^^^^^^^^^^
  File "C:\Users\LENOVO\Documents\CoinSeer\venv\Lib\site-packages\telegram\ext\_updater.py", line 335, in polling_action_cb
    updates = await self.bot.get_updates(
              ^^^^^^^^^^^^^^^^^^^^^^^^^^^
  File "C:\Users\LENOVO\Documents\CoinSeer\venv\Lib\site-packages\telegram\ext\_extbot.py", line 669, in get_updates
    updates = await super().get_updates(
              ^^^^^^^^^^^^^^^^^^^^^^^^^^
  File "C:\Users\LENOVO\Documents\CoinSeer\venv\Lib\site-packages\telegram\_bot.py", line 4601, in get_updates
    await self._post(
  File "C:\Users\LENOVO\Documents\CoinSeer\venv\Lib\site-packages\telegram\_bot.py", line 697, in _post
    return await self._do_post(
           ^^^^^^^^^^^^^^^^^^^^
  File "C:\Users\LENOVO\Documents\CoinSeer\venv\Lib\site-packages\telegram\ext\_extbot.py", line 369, in _do_post
    return await super()._do_post(
           ^^^^^^^^^^^^^^^^^^^^^^^
  File "C:\Users\LENOVO\Documents\CoinSeer\venv\Lib\site-packages\telegram\_bot.py", line 726, in _do_post
    result = await request.post(
             ^^^^^^^^^^^^^^^^^^^
  File "C:\Users\LENOVO\Documents\CoinSeer\venv\Lib\site-packages\telegram\request\_baserequest.py", line 197, in post
    result = await self._request_wrapper(
             ^^^^^^^^^^^^^^^^^^^^^^^^^^^^
  File "C:\Users\LENOVO\Documents\CoinSeer\venv\Lib\site-packages\telegram\request\_baserequest.py", line 355, in _request_wrapper
    raise Conflict(message)
telegram.error.Conflict: Conflict: terminated by other getUpdates request; make sure that only one bot instance is running
2025-07-28 13:27:19,166 - httpx - INFO - HTTP Request: POST https://api.telegram.org/bot7509807012:AAFn0026Mstf8DXx1HICJu36WhgkOWmIDP4/getUpdates "HTTP/1.1 409 Conflict"
2025-07-28 13:27:19,194 - telegram.ext.Application - ERROR - No error handlers are registered, logging exception.
Traceback (most recent call last):
  File "C:\Users\LENOVO\Documents\CoinSeer\venv\Lib\site-packages\telegram\ext\_utils\networkloop.py", line 115, in network_retry_loop
    if not await do_action():
           ^^^^^^^^^^^^^^^^^
  File "C:\Users\LENOVO\Documents\CoinSeer\venv\Lib\site-packages\telegram\ext\_utils\networkloop.py", line 108, in do_action
    return action_cb_task.result()
           ^^^^^^^^^^^^^^^^^^^^^^^
  File "C:\Users\LENOVO\Documents\CoinSeer\venv\Lib\site-packages\telegram\ext\_updater.py", line 335, in polling_action_cb
    updates = await self.bot.get_updates(
              ^^^^^^^^^^^^^^^^^^^^^^^^^^^
  File "C:\Users\LENOVO\Documents\CoinSeer\venv\Lib\site-packages\telegram\ext\_extbot.py", line 669, in get_updates
    updates = await super().get_updates(
              ^^^^^^^^^^^^^^^^^^^^^^^^^^
  File "C:\Users\LENOVO\Documents\CoinSeer\venv\Lib\site-packages\telegram\_bot.py", line 4601, in get_updates
    await self._post(
  File "C:\Users\LENOVO\Documents\CoinSeer\venv\Lib\site-packages\telegram\_bot.py", line 697, in _post
    return await self._do_post(
           ^^^^^^^^^^^^^^^^^^^^
  File "C:\Users\LENOVO\Documents\CoinSeer\venv\Lib\site-packages\telegram\ext\_extbot.py", line 369, in _do_post
    return await super()._do_post(
           ^^^^^^^^^^^^^^^^^^^^^^^
  File "C:\Users\LENOVO\Documents\CoinSeer\venv\Lib\site-packages\telegram\_bot.py", line 726, in _do_post
    result = await request.post(
             ^^^^^^^^^^^^^^^^^^^
  File "C:\Users\LENOVO\Documents\CoinSeer\venv\Lib\site-packages\telegram\request\_baserequest.py", line 197, in post
    result = await self._request_wrapper(
             ^^^^^^^^^^^^^^^^^^^^^^^^^^^^
  File "C:\Users\LENOVO\Documents\CoinSeer\venv\Lib\site-packages\telegram\request\_baserequest.py", line 355, in _request_wrapper
    raise Conflict(message)
telegram.error.Conflict: Conflict: terminated by other getUpdates request; make sure that only one bot instance is running
2025-07-28 13:27:26,201 - httpx - INFO - HTTP Request: POST https://api.telegram.org/bot7509807012:AAFn0026Mstf8DXx1HICJu36WhgkOWmIDP4/getUpdates "HTTP/1.1 200 OK"
2025-07-28 13:27:28,365 - apscheduler.executors.default - INFO - Running job "check_price_alerts (trigger: interval[0:01:00], next run at: 2025-07-28 12:28:28 UTC)" (scheduled at 2025-07-28 12:27:28.305486+00:00)
2025-07-28 13:27:28,370 - apscheduler.executors.default - INFO - Job "check_price_alerts (trigger: interval[0:01:00], next run at: 2025-07-28 12:28:28 UTC)" executed successfully
2025-07-28 13:27:36,436 - httpx - INFO - HTTP Request: POST https://api.telegram.org/bot7509807012:AAFn0026Mstf8DXx1HICJu36WhgkOWmIDP4/getUpdates "HTTP/1.1 200 OK"
2025-07-28 13:27:46,148 - apscheduler.executors.default - INFO - Running job "check_price_alerts (trigger: interval[0:01:00], next run at: 2025-07-28 12:28:46 UTC)" (scheduled at 2025-07-28 12:27:46.130707+00:00)
2025-07-28 13:27:46,152 - apscheduler.executors.default - INFO - Job "check_price_alerts (trigger: interval[0:01:00], next run at: 2025-07-28 12:28:46 UTC)" executed successfully
2025-07-28 13:27:46,664 - httpx - INFO - HTTP Request: POST https://api.telegram.org/bot7509807012:AAFn0026Mstf8DXx1HICJu36WhgkOWmIDP4/getUpdates "HTTP/1.1 200 OK"
2025-07-28 13:27:50,062 - httpx - INFO - HTTP Request: POST https://api.telegram.org/bot7509807012:AAFn0026Mstf8DXx1HICJu36WhgkOWmIDP4/getUpdates "HTTP/1.1 409 Conflict"
2025-07-28 13:27:50,065 - telegram.ext.Application - ERROR - No error handlers are registered, logging exception.
Traceback (most recent call last):
  File "C:\Users\LENOVO\Documents\CoinSeer\venv\Lib\site-packages\telegram\ext\_utils\networkloop.py", line 115, in network_retry_loop
    if not await do_action():
           ^^^^^^^^^^^^^^^^^
  File "C:\Users\LENOVO\Documents\CoinSeer\venv\Lib\site-packages\telegram\ext\_utils\networkloop.py", line 108, in do_action
    return action_cb_task.result()
           ^^^^^^^^^^^^^^^^^^^^^^^
  File "C:\Users\LENOVO\Documents\CoinSeer\venv\Lib\site-packages\telegram\ext\_updater.py", line 335, in polling_action_cb
    updates = await self.bot.get_updates(
              ^^^^^^^^^^^^^^^^^^^^^^^^^^^
  File "C:\Users\LENOVO\Documents\CoinSeer\venv\Lib\site-packages\telegram\ext\_extbot.py", line 669, in get_updates
    updates = await super().get_updates(
              ^^^^^^^^^^^^^^^^^^^^^^^^^^
  File "C:\Users\LENOVO\Documents\CoinSeer\venv\Lib\site-packages\telegram\_bot.py", line 4601, in get_updates
    await self._post(
  File "C:\Users\LENOVO\Documents\CoinSeer\venv\Lib\site-packages\telegram\_bot.py", line 697, in _post
    return await self._do_post(
           ^^^^^^^^^^^^^^^^^^^^
  File "C:\Users\LENOVO\Documents\CoinSeer\venv\Lib\site-packages\telegram\ext\_extbot.py", line 369, in _do_post
    return await super()._do_post(
           ^^^^^^^^^^^^^^^^^^^^^^^
  File "C:\Users\LENOVO\Documents\CoinSeer\venv\Lib\site-packages\telegram\_bot.py", line 726, in _do_post
    result = await request.post(
             ^^^^^^^^^^^^^^^^^^^
  File "C:\Users\LENOVO\Documents\CoinSeer\venv\Lib\site-packages\telegram\request\_baserequest.py", line 197, in post
    result = await self._request_wrapper(
             ^^^^^^^^^^^^^^^^^^^^^^^^^^^^
  File "C:\Users\LENOVO\Documents\CoinSeer\venv\Lib\site-packages\telegram\request\_baserequest.py", line 355, in _request_wrapper
    raise Conflict(message)
telegram.error.Conflict: Conflict: terminated by other getUpdates request; make sure that only one bot instance is running
2025-07-28 13:27:54,356 - httpx - INFO - HTTP Request: POST https://api.telegram.org/bot7509807012:AAFn0026Mstf8DXx1HICJu36WhgkOWmIDP4/getUpdates "HTTP/1.1 409 Conflict"
2025-07-28 13:27:54,358 - telegram.ext.Application - ERROR - No error handlers are registered, logging exception.
Traceback (most recent call last):
  File "C:\Users\LENOVO\Documents\CoinSeer\venv\Lib\site-packages\telegram\ext\_utils\networkloop.py", line 115, in network_retry_loop
    if not await do_action():
           ^^^^^^^^^^^^^^^^^
  File "C:\Users\LENOVO\Documents\CoinSeer\venv\Lib\site-packages\telegram\ext\_utils\networkloop.py", line 108, in do_action
    return action_cb_task.result()
           ^^^^^^^^^^^^^^^^^^^^^^^
  File "C:\Users\LENOVO\Documents\CoinSeer\venv\Lib\site-packages\telegram\ext\_updater.py", line 335, in polling_action_cb
    updates = await self.bot.get_updates(
              ^^^^^^^^^^^^^^^^^^^^^^^^^^^
  File "C:\Users\LENOVO\Documents\CoinSeer\venv\Lib\site-packages\telegram\ext\_extbot.py", line 669, in get_updates
    updates = await super().get_updates(
              ^^^^^^^^^^^^^^^^^^^^^^^^^^
  File "C:\Users\LENOVO\Documents\CoinSeer\venv\Lib\site-packages\telegram\_bot.py", line 4601, in get_updates
    await self._post(
  File "C:\Users\LENOVO\Documents\CoinSeer\venv\Lib\site-packages\telegram\_bot.py", line 697, in _post
    return await self._do_post(
           ^^^^^^^^^^^^^^^^^^^^
  File "C:\Users\LENOVO\Documents\CoinSeer\venv\Lib\site-packages\telegram\ext\_extbot.py", line 369, in _do_post
    return await super()._do_post(
           ^^^^^^^^^^^^^^^^^^^^^^^
  File "C:\Users\LENOVO\Documents\CoinSeer\venv\Lib\site-packages\telegram\_bot.py", line 726, in _do_post
    result = await request.post(
             ^^^^^^^^^^^^^^^^^^^
  File "C:\Users\LENOVO\Documents\CoinSeer\venv\Lib\site-packages\telegram\request\_baserequest.py", line 197, in post
    result = await self._request_wrapper(
             ^^^^^^^^^^^^^^^^^^^^^^^^^^^^
  File "C:\Users\LENOVO\Documents\CoinSeer\venv\Lib\site-packages\telegram\request\_baserequest.py", line 355, in _request_wrapper
    raise Conflict(message)
telegram.error.Conflict: Conflict: terminated by other getUpdates request; make sure that only one bot instance is running
2025-07-28 13:28:01,410 - httpx - INFO - HTTP Request: POST https://api.telegram.org/bot7509807012:AAFn0026Mstf8DXx1HICJu36WhgkOWmIDP4/getUpdates "HTTP/1.1 200 OK"
2025-07-28 13:28:11,588 - httpx - INFO - HTTP Request: POST https://api.telegram.org/bot7509807012:AAFn0026Mstf8DXx1HICJu36WhgkOWmIDP4/getUpdates "HTTP/1.1 200 OK"
2025-07-28 13:28:13,191 - httpx - INFO - HTTP Request: POST https://api.telegram.org/bot7509807012:AAFn0026Mstf8DXx1HICJu36WhgkOWmIDP4/getUpdates "HTTP/1.1 200 OK"
2025-07-28 13:28:14,410 - httpx - INFO - HTTP Request: POST https://api.telegram.org/bot7509807012:AAFn0026Mstf8DXx1HICJu36WhgkOWmIDP4/sendMessage "HTTP/1.1 200 OK"
2025-07-28 13:28:23,391 - httpx - INFO - HTTP Request: POST https://api.telegram.org/bot7509807012:AAFn0026Mstf8DXx1HICJu36WhgkOWmIDP4/getUpdates "HTTP/1.1 200 OK"
2025-07-28 13:28:25,183 - httpx - INFO - HTTP Request: POST https://api.telegram.org/bot7509807012:AAFn0026Mstf8DXx1HICJu36WhgkOWmIDP4/getUpdates "HTTP/1.1 409 Conflict"
2025-07-28 13:28:25,192 - telegram.ext.Application - ERROR - No error handlers are registered, logging exception.
Traceback (most recent call last):
  File "C:\Users\LENOVO\Documents\CoinSeer\venv\Lib\site-packages\telegram\ext\_utils\networkloop.py", line 115, in network_retry_loop
    if not await do_action():
           ^^^^^^^^^^^^^^^^^
  File "C:\Users\LENOVO\Documents\CoinSeer\venv\Lib\site-packages\telegram\ext\_utils\networkloop.py", line 108, in do_action
    return action_cb_task.result()
           ^^^^^^^^^^^^^^^^^^^^^^^
  File "C:\Users\LENOVO\Documents\CoinSeer\venv\Lib\site-packages\telegram\ext\_updater.py", line 335, in polling_action_cb
    updates = await self.bot.get_updates(
              ^^^^^^^^^^^^^^^^^^^^^^^^^^^
  File "C:\Users\LENOVO\Documents\CoinSeer\venv\Lib\site-packages\telegram\ext\_extbot.py", line 669, in get_updates
    updates = await super().get_updates(
              ^^^^^^^^^^^^^^^^^^^^^^^^^^
  File "C:\Users\LENOVO\Documents\CoinSeer\venv\Lib\site-packages\telegram\_bot.py", line 4601, in get_updates
    await self._post(
  File "C:\Users\LENOVO\Documents\CoinSeer\venv\Lib\site-packages\telegram\_bot.py", line 697, in _post
    return await self._do_post(
           ^^^^^^^^^^^^^^^^^^^^
  File "C:\Users\LENOVO\Documents\CoinSeer\venv\Lib\site-packages\telegram\ext\_extbot.py", line 369, in _do_post
    return await super()._do_post(
           ^^^^^^^^^^^^^^^^^^^^^^^
  File "C:\Users\LENOVO\Documents\CoinSeer\venv\Lib\site-packages\telegram\_bot.py", line 726, in _do_post
    result = await request.post(
             ^^^^^^^^^^^^^^^^^^^
  File "C:\Users\LENOVO\Documents\CoinSeer\venv\Lib\site-packages\telegram\request\_baserequest.py", line 197, in post
    result = await self._request_wrapper(
             ^^^^^^^^^^^^^^^^^^^^^^^^^^^^
  File "C:\Users\LENOVO\Documents\CoinSeer\venv\Lib\site-packages\telegram\request\_baserequest.py", line 355, in _request_wrapper
    raise Conflict(message)
telegram.error.Conflict: Conflict: terminated by other getUpdates request; make sure that only one bot instance is running
2025-07-28 13:28:28,314 - apscheduler.executors.default - INFO - Running job "check_price_alerts (trigger: interval[0:01:00], next run at: 2025-07-28 12:29:28 UTC)" (scheduled at 2025-07-28 12:28:28.305486+00:00)
2025-07-28 13:28:28,318 - apscheduler.executors.default - INFO - Job "check_price_alerts (trigger: interval[0:01:00], next run at: 2025-07-28 12:29:28 UTC)" executed successfully
2025-07-28 13:28:28,319 - apscheduler.executors.default - INFO - Running job "check_volume_alerts (trigger: interval[0:05:00], next run at: 2025-07-28 12:33:28 UTC)" (scheduled at 2025-07-28 12:28:28.306482+00:00)
2025-07-28 13:28:28,323 - apscheduler.executors.default - INFO - Job "check_volume_alerts (trigger: interval[0:05:00], next run at: 2025-07-28 12:33:28 UTC)" executed successfully
2025-07-28 13:28:29,431 - httpx - INFO - HTTP Request: POST https://api.telegram.org/bot7509807012:AAFn0026Mstf8DXx1HICJu36WhgkOWmIDP4/getUpdates "HTTP/1.1 409 Conflict"
2025-07-28 13:28:29,435 - telegram.ext.Application - ERROR - No error handlers are registered, logging exception.
Traceback (most recent call last):
  File "C:\Users\LENOVO\Documents\CoinSeer\venv\Lib\site-packages\telegram\ext\_utils\networkloop.py", line 115, in network_retry_loop
    if not await do_action():
           ^^^^^^^^^^^^^^^^^
  File "C:\Users\LENOVO\Documents\CoinSeer\venv\Lib\site-packages\telegram\ext\_utils\networkloop.py", line 108, in do_action
    return action_cb_task.result()
           ^^^^^^^^^^^^^^^^^^^^^^^
  File "C:\Users\LENOVO\Documents\CoinSeer\venv\Lib\site-packages\telegram\ext\_updater.py", line 335, in polling_action_cb
    updates = await self.bot.get_updates(
              ^^^^^^^^^^^^^^^^^^^^^^^^^^^
  File "C:\Users\LENOVO\Documents\CoinSeer\venv\Lib\site-packages\telegram\ext\_extbot.py", line 669, in get_updates
    updates = await super().get_updates(
              ^^^^^^^^^^^^^^^^^^^^^^^^^^
  File "C:\Users\LENOVO\Documents\CoinSeer\venv\Lib\site-packages\telegram\_bot.py", line 4601, in get_updates
    await self._post(
  File "C:\Users\LENOVO\Documents\CoinSeer\venv\Lib\site-packages\telegram\_bot.py", line 697, in _post
    return await self._do_post(
           ^^^^^^^^^^^^^^^^^^^^
  File "C:\Users\LENOVO\Documents\CoinSeer\venv\Lib\site-packages\telegram\ext\_extbot.py", line 369, in _do_post
    return await super()._do_post(
           ^^^^^^^^^^^^^^^^^^^^^^^
  File "C:\Users\LENOVO\Documents\CoinSeer\venv\Lib\site-packages\telegram\_bot.py", line 726, in _do_post
    result = await request.post(
             ^^^^^^^^^^^^^^^^^^^
  File "C:\Users\LENOVO\Documents\CoinSeer\venv\Lib\site-packages\telegram\request\_baserequest.py", line 197, in post
    result = await self._request_wrapper(
             ^^^^^^^^^^^^^^^^^^^^^^^^^^^^
  File "C:\Users\LENOVO\Documents\CoinSeer\venv\Lib\site-packages\telegram\request\_baserequest.py", line 355, in _request_wrapper
    raise Conflict(message)
telegram.error.Conflict: Conflict: terminated by other getUpdates request; make sure that only one bot instance is running
2025-07-28 13:28:36,443 - httpx - INFO - HTTP Request: POST https://api.telegram.org/bot7509807012:AAFn0026Mstf8DXx1HICJu36WhgkOWmIDP4/getUpdates "HTTP/1.1 200 OK"
2025-07-28 13:28:46,136 - apscheduler.executors.default - INFO - Running job "check_price_alerts (trigger: interval[0:01:00], next run at: 2025-07-28 12:29:46 UTC)" (scheduled at 2025-07-28 12:28:46.130707+00:00)
2025-07-28 13:28:46,148 - apscheduler.executors.default - INFO - Job "check_price_alerts (trigger: interval[0:01:00], next run at: 2025-07-28 12:29:46 UTC)" executed successfully
2025-07-28 13:28:46,694 - httpx - INFO - HTTP Request: POST https://api.telegram.org/bot7509807012:AAFn0026Mstf8DXx1HICJu36WhgkOWmIDP4/getUpdates "HTTP/1.1 200 OK"
2025-07-28 13:28:57,237 - httpx - INFO - HTTP Request: POST https://api.telegram.org/bot7509807012:AAFn0026Mstf8DXx1HICJu36WhgkOWmIDP4/getUpdates "HTTP/1.1 200 OK"
2025-07-28 13:29:00,199 - httpx - INFO - HTTP Request: POST https://api.telegram.org/bot7509807012:AAFn0026Mstf8DXx1HICJu36WhgkOWmIDP4/getUpdates "HTTP/1.1 409 Conflict"
2025-07-28 13:29:00,201 - telegram.ext.Application - ERROR - No error handlers are registered, logging exception.
Traceback (most recent call last):
  File "C:\Users\LENOVO\Documents\CoinSeer\venv\Lib\site-packages\telegram\ext\_utils\networkloop.py", line 115, in network_retry_loop
    if not await do_action():
           ^^^^^^^^^^^^^^^^^
  File "C:\Users\LENOVO\Documents\CoinSeer\venv\Lib\site-packages\telegram\ext\_utils\networkloop.py", line 108, in do_action
    return action_cb_task.result()
           ^^^^^^^^^^^^^^^^^^^^^^^
  File "C:\Users\LENOVO\Documents\CoinSeer\venv\Lib\site-packages\telegram\ext\_updater.py", line 335, in polling_action_cb
    updates = await self.bot.get_updates(
              ^^^^^^^^^^^^^^^^^^^^^^^^^^^
  File "C:\Users\LENOVO\Documents\CoinSeer\venv\Lib\site-packages\telegram\ext\_extbot.py", line 669, in get_updates
    updates = await super().get_updates(
              ^^^^^^^^^^^^^^^^^^^^^^^^^^
  File "C:\Users\LENOVO\Documents\CoinSeer\venv\Lib\site-packages\telegram\_bot.py", line 4601, in get_updates
    await self._post(
  File "C:\Users\LENOVO\Documents\CoinSeer\venv\Lib\site-packages\telegram\_bot.py", line 697, in _post
    return await self._do_post(
           ^^^^^^^^^^^^^^^^^^^^
  File "C:\Users\LENOVO\Documents\CoinSeer\venv\Lib\site-packages\telegram\ext\_extbot.py", line 369, in _do_post
    return await super()._do_post(
           ^^^^^^^^^^^^^^^^^^^^^^^
  File "C:\Users\LENOVO\Documents\CoinSeer\venv\Lib\site-packages\telegram\_bot.py", line 726, in _do_post
    result = await request.post(
             ^^^^^^^^^^^^^^^^^^^
  File "C:\Users\LENOVO\Documents\CoinSeer\venv\Lib\site-packages\telegram\request\_baserequest.py", line 197, in post
    result = await self._request_wrapper(
             ^^^^^^^^^^^^^^^^^^^^^^^^^^^^
  File "C:\Users\LENOVO\Documents\CoinSeer\venv\Lib\site-packages\telegram\request\_baserequest.py", line 355, in _request_wrapper
    raise Conflict(message)
telegram.error.Conflict: Conflict: terminated by other getUpdates request; make sure that only one bot instance is running
2025-07-28 13:29:04,563 - httpx - INFO - HTTP Request: POST https://api.telegram.org/bot7509807012:AAFn0026Mstf8DXx1HICJu36WhgkOWmIDP4/getUpdates "HTTP/1.1 409 Conflict"
2025-07-28 13:29:04,566 - telegram.ext.Application - ERROR - No error handlers are registered, logging exception.
Traceback (most recent call last):
  File "C:\Users\LENOVO\Documents\CoinSeer\venv\Lib\site-packages\telegram\ext\_utils\networkloop.py", line 115, in network_retry_loop
    if not await do_action():
           ^^^^^^^^^^^^^^^^^
  File "C:\Users\LENOVO\Documents\CoinSeer\venv\Lib\site-packages\telegram\ext\_utils\networkloop.py", line 108, in do_action
    return action_cb_task.result()
           ^^^^^^^^^^^^^^^^^^^^^^^
  File "C:\Users\LENOVO\Documents\CoinSeer\venv\Lib\site-packages\telegram\ext\_updater.py", line 335, in polling_action_cb
    updates = await self.bot.get_updates(
              ^^^^^^^^^^^^^^^^^^^^^^^^^^^
  File "C:\Users\LENOVO\Documents\CoinSeer\venv\Lib\site-packages\telegram\ext\_extbot.py", line 669, in get_updates
    updates = await super().get_updates(
              ^^^^^^^^^^^^^^^^^^^^^^^^^^
  File "C:\Users\LENOVO\Documents\CoinSeer\venv\Lib\site-packages\telegram\_bot.py", line 4601, in get_updates
    await self._post(
  File "C:\Users\LENOVO\Documents\CoinSeer\venv\Lib\site-packages\telegram\_bot.py", line 697, in _post
    return await self._do_post(
           ^^^^^^^^^^^^^^^^^^^^
  File "C:\Users\LENOVO\Documents\CoinSeer\venv\Lib\site-packages\telegram\ext\_extbot.py", line 369, in _do_post
    return await super()._do_post(
           ^^^^^^^^^^^^^^^^^^^^^^^
  File "C:\Users\LENOVO\Documents\CoinSeer\venv\Lib\site-packages\telegram\_bot.py", line 726, in _do_post
    result = await request.post(
             ^^^^^^^^^^^^^^^^^^^
  File "C:\Users\LENOVO\Documents\CoinSeer\venv\Lib\site-packages\telegram\request\_baserequest.py", line 197, in post
    result = await self._request_wrapper(
             ^^^^^^^^^^^^^^^^^^^^^^^^^^^^
  File "C:\Users\LENOVO\Documents\CoinSeer\venv\Lib\site-packages\telegram\request\_baserequest.py", line 355, in _request_wrapper
    raise Conflict(message)
telegram.error.Conflict: Conflict: terminated by other getUpdates request; make sure that only one bot instance is running
2025-07-28 13:29:11,449 - httpx - INFO - HTTP Request: POST https://api.telegram.org/bot7509807012:AAFn0026Mstf8DXx1HICJu36WhgkOWmIDP4/getUpdates "HTTP/1.1 200 OK"
2025-07-28 13:29:21,644 - httpx - INFO - HTTP Request: POST https://api.telegram.org/bot7509807012:AAFn0026Mstf8DXx1HICJu36WhgkOWmIDP4/getUpdates "HTTP/1.1 200 OK"
2025-07-28 13:29:28,309 - apscheduler.executors.default - INFO - Running job "check_price_alerts (trigger: interval[0:01:00], next run at: 2025-07-28 12:30:28 UTC)" (scheduled at 2025-07-28 12:29:28.305486+00:00)
2025-07-28 13:29:28,314 - apscheduler.executors.default - INFO - Job "check_price_alerts (trigger: interval[0:01:00], next run at: 2025-07-28 12:30:28 UTC)" executed successfully
2025-07-28 13:29:31,845 - httpx - INFO - HTTP Request: POST https://api.telegram.org/bot7509807012:AAFn0026Mstf8DXx1HICJu36WhgkOWmIDP4/getUpdates "HTTP/1.1 200 OK"
2025-07-28 13:29:35,425 - httpx - INFO - HTTP Request: POST https://api.telegram.org/bot7509807012:AAFn0026Mstf8DXx1HICJu36WhgkOWmIDP4/getUpdates "HTTP/1.1 409 Conflict"
2025-07-28 13:29:35,429 - telegram.ext.Application - ERROR - No error handlers are registered, logging exception.
Traceback (most recent call last):
  File "C:\Users\LENOVO\Documents\CoinSeer\venv\Lib\site-packages\telegram\ext\_utils\networkloop.py", line 115, in network_retry_loop
    if not await do_action():
           ^^^^^^^^^^^^^^^^^
  File "C:\Users\LENOVO\Documents\CoinSeer\venv\Lib\site-packages\telegram\ext\_utils\networkloop.py", line 108, in do_action
    return action_cb_task.result()
           ^^^^^^^^^^^^^^^^^^^^^^^
  File "C:\Users\LENOVO\Documents\CoinSeer\venv\Lib\site-packages\telegram\ext\_updater.py", line 335, in polling_action_cb
    updates = await self.bot.get_updates(
              ^^^^^^^^^^^^^^^^^^^^^^^^^^^
  File "C:\Users\LENOVO\Documents\CoinSeer\venv\Lib\site-packages\telegram\ext\_extbot.py", line 669, in get_updates
    updates = await super().get_updates(
              ^^^^^^^^^^^^^^^^^^^^^^^^^^
  File "C:\Users\LENOVO\Documents\CoinSeer\venv\Lib\site-packages\telegram\_bot.py", line 4601, in get_updates
    await self._post(
  File "C:\Users\LENOVO\Documents\CoinSeer\venv\Lib\site-packages\telegram\_bot.py", line 697, in _post
    return await self._do_post(
           ^^^^^^^^^^^^^^^^^^^^
  File "C:\Users\LENOVO\Documents\CoinSeer\venv\Lib\site-packages\telegram\ext\_extbot.py", line 369, in _do_post
    return await super()._do_post(
           ^^^^^^^^^^^^^^^^^^^^^^^
  File "C:\Users\LENOVO\Documents\CoinSeer\venv\Lib\site-packages\telegram\_bot.py", line 726, in _do_post
    result = await request.post(
             ^^^^^^^^^^^^^^^^^^^
  File "C:\Users\LENOVO\Documents\CoinSeer\venv\Lib\site-packages\telegram\request\_baserequest.py", line 197, in post
    result = await self._request_wrapper(
             ^^^^^^^^^^^^^^^^^^^^^^^^^^^^
  File "C:\Users\LENOVO\Documents\CoinSeer\venv\Lib\site-packages\telegram\request\_baserequest.py", line 355, in _request_wrapper
    raise Conflict(message)
telegram.error.Conflict: Conflict: terminated by other getUpdates request; make sure that only one bot instance is running
2025-07-28 13:29:38,392 - httpx - INFO - HTTP Request: POST https://api.telegram.org/bot7509807012:AAFn0026Mstf8DXx1HICJu36WhgkOWmIDP4/getUpdates "HTTP/1.1 200 OK"
2025-07-28 13:29:40,165 - httpx - INFO - HTTP Request: POST https://api.telegram.org/bot7509807012:AAFn0026Mstf8DXx1HICJu36WhgkOWmIDP4/getUpdates "HTTP/1.1 409 Conflict"
2025-07-28 13:29:40,167 - telegram.ext.Application - ERROR - No error handlers are registered, logging exception.
Traceback (most recent call last):
  File "C:\Users\LENOVO\Documents\CoinSeer\venv\Lib\site-packages\telegram\ext\_utils\networkloop.py", line 115, in network_retry_loop
    if not await do_action():
           ^^^^^^^^^^^^^^^^^
  File "C:\Users\LENOVO\Documents\CoinSeer\venv\Lib\site-packages\telegram\ext\_utils\networkloop.py", line 108, in do_action
    return action_cb_task.result()
           ^^^^^^^^^^^^^^^^^^^^^^^
  File "C:\Users\LENOVO\Documents\CoinSeer\venv\Lib\site-packages\telegram\ext\_updater.py", line 335, in polling_action_cb
    updates = await self.bot.get_updates(
              ^^^^^^^^^^^^^^^^^^^^^^^^^^^
  File "C:\Users\LENOVO\Documents\CoinSeer\venv\Lib\site-packages\telegram\ext\_extbot.py", line 669, in get_updates
    updates = await super().get_updates(
              ^^^^^^^^^^^^^^^^^^^^^^^^^^
  File "C:\Users\LENOVO\Documents\CoinSeer\venv\Lib\site-packages\telegram\_bot.py", line 4601, in get_updates
    await self._post(
  File "C:\Users\LENOVO\Documents\CoinSeer\venv\Lib\site-packages\telegram\_bot.py", line 697, in _post
    return await self._do_post(
           ^^^^^^^^^^^^^^^^^^^^
  File "C:\Users\LENOVO\Documents\CoinSeer\venv\Lib\site-packages\telegram\ext\_extbot.py", line 369, in _do_post
    return await super()._do_post(
           ^^^^^^^^^^^^^^^^^^^^^^^
  File "C:\Users\LENOVO\Documents\CoinSeer\venv\Lib\site-packages\telegram\_bot.py", line 726, in _do_post
    result = await request.post(
             ^^^^^^^^^^^^^^^^^^^
  File "C:\Users\LENOVO\Documents\CoinSeer\venv\Lib\site-packages\telegram\request\_baserequest.py", line 197, in post
    result = await self._request_wrapper(
             ^^^^^^^^^^^^^^^^^^^^^^^^^^^^
  File "C:\Users\LENOVO\Documents\CoinSeer\venv\Lib\site-packages\telegram\request\_baserequest.py", line 355, in _request_wrapper
    raise Conflict(message)
telegram.error.Conflict: Conflict: terminated by other getUpdates request; make sure that only one bot instance is running
2025-07-28 13:29:46,139 - apscheduler.executors.default - INFO - Running job "check_price_alerts (trigger: interval[0:01:00], next run at: 2025-07-28 12:30:46 UTC)" (scheduled at 2025-07-28 12:29:46.130707+00:00)
2025-07-28 13:29:46,142 - apscheduler.executors.default - INFO - Job "check_price_alerts (trigger: interval[0:01:00], next run at: 2025-07-28 12:30:46 UTC)" executed successfully
2025-07-28 13:29:48,577 - httpx - INFO - HTTP Request: POST https://api.telegram.org/bot7509807012:AAFn0026Mstf8DXx1HICJu36WhgkOWmIDP4/getUpdates "HTTP/1.1 200 OK"
2025-07-28 13:29:58,875 - httpx - INFO - HTTP Request: POST https://api.telegram.org/bot7509807012:AAFn0026Mstf8DXx1HICJu36WhgkOWmIDP4/getUpdates "HTTP/1.1 200 OK"
2025-07-28 13:30:09,061 - httpx - INFO - HTTP Request: POST https://api.telegram.org/bot7509807012:AAFn0026Mstf8DXx1HICJu36WhgkOWmIDP4/getUpdates "HTTP/1.1 200 OK"
2025-07-28 13:30:10,830 - httpx - INFO - HTTP Request: POST https://api.telegram.org/bot7509807012:AAFn0026Mstf8DXx1HICJu36WhgkOWmIDP4/getUpdates "HTTP/1.1 409 Conflict"
2025-07-28 13:30:10,836 - telegram.ext.Application - ERROR - No error handlers are registered, logging exception.
Traceback (most recent call last):
  File "C:\Users\LENOVO\Documents\CoinSeer\venv\Lib\site-packages\telegram\ext\_utils\networkloop.py", line 115, in network_retry_loop
    if not await do_action():
           ^^^^^^^^^^^^^^^^^
  File "C:\Users\LENOVO\Documents\CoinSeer\venv\Lib\site-packages\telegram\ext\_utils\networkloop.py", line 108, in do_action
    return action_cb_task.result()
           ^^^^^^^^^^^^^^^^^^^^^^^
  File "C:\Users\LENOVO\Documents\CoinSeer\venv\Lib\site-packages\telegram\ext\_updater.py", line 335, in polling_action_cb
    updates = await self.bot.get_updates(
              ^^^^^^^^^^^^^^^^^^^^^^^^^^^
  File "C:\Users\LENOVO\Documents\CoinSeer\venv\Lib\site-packages\telegram\ext\_extbot.py", line 669, in get_updates
    updates = await super().get_updates(
              ^^^^^^^^^^^^^^^^^^^^^^^^^^
  File "C:\Users\LENOVO\Documents\CoinSeer\venv\Lib\site-packages\telegram\_bot.py", line 4601, in get_updates
    await self._post(
  File "C:\Users\LENOVO\Documents\CoinSeer\venv\Lib\site-packages\telegram\_bot.py", line 697, in _post
    return await self._do_post(
           ^^^^^^^^^^^^^^^^^^^^
  File "C:\Users\LENOVO\Documents\CoinSeer\venv\Lib\site-packages\telegram\ext\_extbot.py", line 369, in _do_post
    return await super()._do_post(
           ^^^^^^^^^^^^^^^^^^^^^^^
  File "C:\Users\LENOVO\Documents\CoinSeer\venv\Lib\site-packages\telegram\_bot.py", line 726, in _do_post
    result = await request.post(
             ^^^^^^^^^^^^^^^^^^^
  File "C:\Users\LENOVO\Documents\CoinSeer\venv\Lib\site-packages\telegram\request\_baserequest.py", line 197, in post
    result = await self._request_wrapper(
             ^^^^^^^^^^^^^^^^^^^^^^^^^^^^
  File "C:\Users\LENOVO\Documents\CoinSeer\venv\Lib\site-packages\telegram\request\_baserequest.py", line 355, in _request_wrapper
    raise Conflict(message)
telegram.error.Conflict: Conflict: terminated by other getUpdates request; make sure that only one bot instance is running
2025-07-28 13:30:15,063 - httpx - INFO - HTTP Request: POST https://api.telegram.org/bot7509807012:AAFn0026Mstf8DXx1HICJu36WhgkOWmIDP4/getUpdates "HTTP/1.1 409 Conflict"
2025-07-28 13:30:15,073 - telegram.ext.Application - ERROR - No error handlers are registered, logging exception.
Traceback (most recent call last):
  File "C:\Users\LENOVO\Documents\CoinSeer\venv\Lib\site-packages\telegram\ext\_utils\networkloop.py", line 115, in network_retry_loop
    if not await do_action():
           ^^^^^^^^^^^^^^^^^
  File "C:\Users\LENOVO\Documents\CoinSeer\venv\Lib\site-packages\telegram\ext\_utils\networkloop.py", line 108, in do_action
    return action_cb_task.result()
           ^^^^^^^^^^^^^^^^^^^^^^^
  File "C:\Users\LENOVO\Documents\CoinSeer\venv\Lib\site-packages\telegram\ext\_updater.py", line 335, in polling_action_cb
    updates = await self.bot.get_updates(
              ^^^^^^^^^^^^^^^^^^^^^^^^^^^
  File "C:\Users\LENOVO\Documents\CoinSeer\venv\Lib\site-packages\telegram\ext\_extbot.py", line 669, in get_updates
    updates = await super().get_updates(
              ^^^^^^^^^^^^^^^^^^^^^^^^^^
  File "C:\Users\LENOVO\Documents\CoinSeer\venv\Lib\site-packages\telegram\_bot.py", line 4601, in get_updates
    await self._post(
  File "C:\Users\LENOVO\Documents\CoinSeer\venv\Lib\site-packages\telegram\_bot.py", line 697, in _post
    return await self._do_post(
           ^^^^^^^^^^^^^^^^^^^^
  File "C:\Users\LENOVO\Documents\CoinSeer\venv\Lib\site-packages\telegram\ext\_extbot.py", line 369, in _do_post
    return await super()._do_post(
           ^^^^^^^^^^^^^^^^^^^^^^^
  File "C:\Users\LENOVO\Documents\CoinSeer\venv\Lib\site-packages\telegram\_bot.py", line 726, in _do_post
    result = await request.post(
             ^^^^^^^^^^^^^^^^^^^
  File "C:\Users\LENOVO\Documents\CoinSeer\venv\Lib\site-packages\telegram\request\_baserequest.py", line 197, in post
    result = await self._request_wrapper(
             ^^^^^^^^^^^^^^^^^^^^^^^^^^^^
  File "C:\Users\LENOVO\Documents\CoinSeer\venv\Lib\site-packages\telegram\request\_baserequest.py", line 355, in _request_wrapper
    raise Conflict(message)
telegram.error.Conflict: Conflict: terminated by other getUpdates request; make sure that only one bot instance is running
2025-07-28 13:30:22,032 - httpx - INFO - HTTP Request: POST https://api.telegram.org/bot7509807012:AAFn0026Mstf8DXx1HICJu36WhgkOWmIDP4/getUpdates "HTTP/1.1 200 OK"
2025-07-28 13:30:28,318 - apscheduler.executors.default - INFO - Running job "check_price_alerts (trigger: interval[0:01:00], next run at: 2025-07-28 12:31:28 UTC)" (scheduled at 2025-07-28 12:30:28.305486+00:00)
2025-07-28 13:30:28,328 - apscheduler.executors.default - INFO - Job "check_price_alerts (trigger: interval[0:01:00], next run at: 2025-07-28 12:31:28 UTC)" executed successfully
2025-07-28 13:30:32,212 - httpx - INFO - HTTP Request: POST https://api.telegram.org/bot7509807012:AAFn0026Mstf8DXx1HICJu36WhgkOWmIDP4/getUpdates "HTTP/1.1 200 OK"
2025-07-28 13:30:40,448 - httpx - INFO - HTTP Request: POST https://api.telegram.org/bot7509807012:AAFn0026Mstf8DXx1HICJu36WhgkOWmIDP4/getUpdates "HTTP/1.1 200 OK"
2025-07-28 13:30:41,093 - httpx - INFO - HTTP Request: POST https://api.telegram.org/bot7509807012:AAFn0026Mstf8DXx1HICJu36WhgkOWmIDP4/answerCallbackQuery "HTTP/1.1 200 OK"
2025-07-28 13:30:41,094 - bot_handlers - ERROR - Error in button_callback_handler
Traceback (most recent call last):
  File "C:\Users\LENOVO\Documents\CoinSeer\bot_handlers.py", line 1558, in button_callback_handler
    await settings_command(query, context)
  File "C:\Users\LENOVO\Documents\CoinSeer\bot_handlers.py", line 1397, in settings_command
    current_fiat = await db.get_user_preferred_fiat(update.effective_user.id)
                                                    ^^^^^^^^^^^^^^^^^^^^^
AttributeError: 'CallbackQuery' object has no attribute 'effective_user'
2025-07-28 13:30:41,288 - httpx - INFO - HTTP Request: POST https://api.telegram.org/bot7509807012:AAFn0026Mstf8DXx1HICJu36WhgkOWmIDP4/answerCallbackQuery "HTTP/1.1 200 OK"
2025-07-28 13:30:41,578 - httpx - INFO - HTTP Request: POST https://api.telegram.org/bot7509807012:AAFn0026Mstf8DXx1HICJu36WhgkOWmIDP4/editMessageText "HTTP/1.1 200 OK"
2025-07-28 13:30:45,929 - httpx - INFO - HTTP Request: POST https://api.telegram.org/bot7509807012:AAFn0026Mstf8DXx1HICJu36WhgkOWmIDP4/getUpdates "HTTP/1.1 409 Conflict"
2025-07-28 13:30:45,931 - telegram.ext.Application - ERROR - No error handlers are registered, logging exception.
Traceback (most recent call last):
  File "C:\Users\LENOVO\Documents\CoinSeer\venv\Lib\site-packages\telegram\ext\_utils\networkloop.py", line 115, in network_retry_loop
    if not await do_action():
           ^^^^^^^^^^^^^^^^^
  File "C:\Users\LENOVO\Documents\CoinSeer\venv\Lib\site-packages\telegram\ext\_utils\networkloop.py", line 108, in do_action
    return action_cb_task.result()
           ^^^^^^^^^^^^^^^^^^^^^^^
  File "C:\Users\LENOVO\Documents\CoinSeer\venv\Lib\site-packages\telegram\ext\_updater.py", line 335, in polling_action_cb
    updates = await self.bot.get_updates(
              ^^^^^^^^^^^^^^^^^^^^^^^^^^^
  File "C:\Users\LENOVO\Documents\CoinSeer\venv\Lib\site-packages\telegram\ext\_extbot.py", line 669, in get_updates
    updates = await super().get_updates(
              ^^^^^^^^^^^^^^^^^^^^^^^^^^
  File "C:\Users\LENOVO\Documents\CoinSeer\venv\Lib\site-packages\telegram\_bot.py", line 4601, in get_updates
    await self._post(
  File "C:\Users\LENOVO\Documents\CoinSeer\venv\Lib\site-packages\telegram\_bot.py", line 697, in _post
    return await self._do_post(
           ^^^^^^^^^^^^^^^^^^^^
  File "C:\Users\LENOVO\Documents\CoinSeer\venv\Lib\site-packages\telegram\ext\_extbot.py", line 369, in _do_post
    return await super()._do_post(
           ^^^^^^^^^^^^^^^^^^^^^^^
  File "C:\Users\LENOVO\Documents\CoinSeer\venv\Lib\site-packages\telegram\_bot.py", line 726, in _do_post
    result = await request.post(
             ^^^^^^^^^^^^^^^^^^^
  File "C:\Users\LENOVO\Documents\CoinSeer\venv\Lib\site-packages\telegram\request\_baserequest.py", line 197, in post
    result = await self._request_wrapper(
             ^^^^^^^^^^^^^^^^^^^^^^^^^^^^
  File "C:\Users\LENOVO\Documents\CoinSeer\venv\Lib\site-packages\telegram\request\_baserequest.py", line 355, in _request_wrapper
    raise Conflict(message)
telegram.error.Conflict: Conflict: terminated by other getUpdates request; make sure that only one bot instance is running
2025-07-28 13:30:46,142 - apscheduler.executors.default - INFO - Running job "check_price_alerts (trigger: interval[0:01:00], next run at: 2025-07-28 12:31:46 UTC)" (scheduled at 2025-07-28 12:30:46.130707+00:00)
2025-07-28 13:30:46,145 - apscheduler.executors.default - INFO - Job "check_price_alerts (trigger: interval[0:01:00], next run at: 2025-07-28 12:31:46 UTC)" executed successfully
2025-07-28 13:30:46,155 - apscheduler.executors.default - INFO - Running job "check_volume_alerts (trigger: interval[0:05:00], next run at: 2025-07-28 12:35:46 UTC)" (scheduled at 2025-07-28 12:30:46.153148+00:00)
2025-07-28 13:30:46,158 - apscheduler.executors.default - INFO - Job "check_volume_alerts (trigger: interval[0:05:00], next run at: 2025-07-28 12:35:46 UTC)" executed successfully
2025-07-28 13:30:50,110 - httpx - INFO - HTTP Request: POST https://api.telegram.org/bot7509807012:AAFn0026Mstf8DXx1HICJu36WhgkOWmIDP4/getUpdates "HTTP/1.1 409 Conflict"
2025-07-28 13:30:50,160 - telegram.ext.Application - ERROR - No error handlers are registered, logging exception.
Traceback (most recent call last):
  File "C:\Users\LENOVO\Documents\CoinSeer\venv\Lib\site-packages\telegram\ext\_utils\networkloop.py", line 115, in network_retry_loop
    if not await do_action():
           ^^^^^^^^^^^^^^^^^
  File "C:\Users\LENOVO\Documents\CoinSeer\venv\Lib\site-packages\telegram\ext\_utils\networkloop.py", line 108, in do_action
    return action_cb_task.result()
           ^^^^^^^^^^^^^^^^^^^^^^^
  File "C:\Users\LENOVO\Documents\CoinSeer\venv\Lib\site-packages\telegram\ext\_updater.py", line 335, in polling_action_cb
    updates = await self.bot.get_updates(
              ^^^^^^^^^^^^^^^^^^^^^^^^^^^
  File "C:\Users\LENOVO\Documents\CoinSeer\venv\Lib\site-packages\telegram\ext\_extbot.py", line 669, in get_updates
    updates = await super().get_updates(
              ^^^^^^^^^^^^^^^^^^^^^^^^^^
  File "C:\Users\LENOVO\Documents\CoinSeer\venv\Lib\site-packages\telegram\_bot.py", line 4601, in get_updates
    await self._post(
  File "C:\Users\LENOVO\Documents\CoinSeer\venv\Lib\site-packages\telegram\_bot.py", line 697, in _post
    return await self._do_post(
           ^^^^^^^^^^^^^^^^^^^^
  File "C:\Users\LENOVO\Documents\CoinSeer\venv\Lib\site-packages\telegram\ext\_extbot.py", line 369, in _do_post
    return await super()._do_post(
           ^^^^^^^^^^^^^^^^^^^^^^^
  File "C:\Users\LENOVO\Documents\CoinSeer\venv\Lib\site-packages\telegram\_bot.py", line 726, in _do_post
    result = await request.post(
             ^^^^^^^^^^^^^^^^^^^
  File "C:\Users\LENOVO\Documents\CoinSeer\venv\Lib\site-packages\telegram\request\_baserequest.py", line 197, in post
    result = await self._request_wrapper(
             ^^^^^^^^^^^^^^^^^^^^^^^^^^^^
  File "C:\Users\LENOVO\Documents\CoinSeer\venv\Lib\site-packages\telegram\request\_baserequest.py", line 355, in _request_wrapper
    raise Conflict(message)
telegram.error.Conflict: Conflict: terminated by other getUpdates request; make sure that only one bot instance is running
2025-07-28 13:30:57,098 - httpx - INFO - HTTP Request: POST https://api.telegram.org/bot7509807012:AAFn0026Mstf8DXx1HICJu36WhgkOWmIDP4/getUpdates "HTTP/1.1 200 OK"
2025-07-28 13:31:07,284 - httpx - INFO - HTTP Request: POST https://api.telegram.org/bot7509807012:AAFn0026Mstf8DXx1HICJu36WhgkOWmIDP4/getUpdates "HTTP/1.1 200 OK"
2025-07-28 13:31:13,181 - httpx - INFO - HTTP Request: POST https://api.telegram.org/bot7509807012:AAFn0026Mstf8DXx1HICJu36WhgkOWmIDP4/getUpdates "HTTP/1.1 200 OK"
2025-07-28 13:31:15,817 - httpx - INFO - HTTP Request: POST https://api.telegram.org/bot7509807012:AAFn0026Mstf8DXx1HICJu36WhgkOWmIDP4/getUpdates "HTTP/1.1 200 OK"
2025-07-28 13:31:16,529 - httpx - INFO - HTTP Request: POST https://api.telegram.org/bot7509807012:AAFn0026Mstf8DXx1HICJu36WhgkOWmIDP4/sendMessage "HTTP/1.1 200 OK"
2025-07-28 13:31:19,421 - httpx - INFO - HTTP Request: POST https://api.telegram.org/bot7509807012:AAFn0026Mstf8DXx1HICJu36WhgkOWmIDP4/getUpdates "HTTP/1.1 200 OK"
2025-07-28 13:31:19,601 - httpx - INFO - HTTP Request: POST https://api.telegram.org/bot7509807012:AAFn0026Mstf8DXx1HICJu36WhgkOWmIDP4/answerCallbackQuery "HTTP/1.1 200 OK"
2025-07-28 13:31:19,606 - bot_handlers - ERROR - Error in button_callback_handler
Traceback (most recent call last):
  File "C:\Users\LENOVO\Documents\CoinSeer\bot_handlers.py", line 1558, in button_callback_handler
    await settings_command(query, context)
  File "C:\Users\LENOVO\Documents\CoinSeer\bot_handlers.py", line 1397, in settings_command
    current_fiat = await db.get_user_preferred_fiat(update.effective_user.id)
                                                    ^^^^^^^^^^^^^^^^^^^^^
AttributeError: 'CallbackQuery' object has no attribute 'effective_user'
2025-07-28 13:31:19,817 - httpx - INFO - HTTP Request: POST https://api.telegram.org/bot7509807012:AAFn0026Mstf8DXx1HICJu36WhgkOWmIDP4/answerCallbackQuery "HTTP/1.1 200 OK"
2025-07-28 13:31:20,035 - httpx - INFO - HTTP Request: POST https://api.telegram.org/bot7509807012:AAFn0026Mstf8DXx1HICJu36WhgkOWmIDP4/editMessageText "HTTP/1.1 200 OK"
2025-07-28 13:31:20,849 - httpx - INFO - HTTP Request: POST https://api.telegram.org/bot7509807012:AAFn0026Mstf8DXx1HICJu36WhgkOWmIDP4/getUpdates "HTTP/1.1 409 Conflict"
2025-07-28 13:31:20,853 - telegram.ext.Application - ERROR - No error handlers are registered, logging exception.
Traceback (most recent call last):
  File "C:\Users\LENOVO\Documents\CoinSeer\venv\Lib\site-packages\telegram\ext\_utils\networkloop.py", line 115, in network_retry_loop
    if not await do_action():
           ^^^^^^^^^^^^^^^^^
  File "C:\Users\LENOVO\Documents\CoinSeer\venv\Lib\site-packages\telegram\ext\_utils\networkloop.py", line 108, in do_action
    return action_cb_task.result()
           ^^^^^^^^^^^^^^^^^^^^^^^
  File "C:\Users\LENOVO\Documents\CoinSeer\venv\Lib\site-packages\telegram\ext\_updater.py", line 335, in polling_action_cb
    updates = await self.bot.get_updates(
              ^^^^^^^^^^^^^^^^^^^^^^^^^^^
  File "C:\Users\LENOVO\Documents\CoinSeer\venv\Lib\site-packages\telegram\ext\_extbot.py", line 669, in get_updates
    updates = await super().get_updates(
              ^^^^^^^^^^^^^^^^^^^^^^^^^^
  File "C:\Users\LENOVO\Documents\CoinSeer\venv\Lib\site-packages\telegram\_bot.py", line 4601, in get_updates
    await self._post(
  File "C:\Users\LENOVO\Documents\CoinSeer\venv\Lib\site-packages\telegram\_bot.py", line 697, in _post
    return await self._do_post(
           ^^^^^^^^^^^^^^^^^^^^
  File "C:\Users\LENOVO\Documents\CoinSeer\venv\Lib\site-packages\telegram\ext\_extbot.py", line 369, in _do_post
    return await super()._do_post(
           ^^^^^^^^^^^^^^^^^^^^^^^
  File "C:\Users\LENOVO\Documents\CoinSeer\venv\Lib\site-packages\telegram\_bot.py", line 726, in _do_post
    result = await request.post(
             ^^^^^^^^^^^^^^^^^^^
  File "C:\Users\LENOVO\Documents\CoinSeer\venv\Lib\site-packages\telegram\request\_baserequest.py", line 197, in post
    result = await self._request_wrapper(
             ^^^^^^^^^^^^^^^^^^^^^^^^^^^^
  File "C:\Users\LENOVO\Documents\CoinSeer\venv\Lib\site-packages\telegram\request\_baserequest.py", line 355, in _request_wrapper
    raise Conflict(message)
telegram.error.Conflict: Conflict: terminated by other getUpdates request; make sure that only one bot instance is running
2025-07-28 13:31:25,198 - httpx - INFO - HTTP Request: POST https://api.telegram.org/bot7509807012:AAFn0026Mstf8DXx1HICJu36WhgkOWmIDP4/getUpdates "HTTP/1.1 409 Conflict"
2025-07-28 13:31:25,202 - telegram.ext.Application - ERROR - No error handlers are registered, logging exception.
Traceback (most recent call last):
  File "C:\Users\LENOVO\Documents\CoinSeer\venv\Lib\site-packages\telegram\ext\_utils\networkloop.py", line 115, in network_retry_loop
    if not await do_action():
           ^^^^^^^^^^^^^^^^^
  File "C:\Users\LENOVO\Documents\CoinSeer\venv\Lib\site-packages\telegram\ext\_utils\networkloop.py", line 108, in do_action
    return action_cb_task.result()
           ^^^^^^^^^^^^^^^^^^^^^^^
  File "C:\Users\LENOVO\Documents\CoinSeer\venv\Lib\site-packages\telegram\ext\_updater.py", line 335, in polling_action_cb
    updates = await self.bot.get_updates(
              ^^^^^^^^^^^^^^^^^^^^^^^^^^^
  File "C:\Users\LENOVO\Documents\CoinSeer\venv\Lib\site-packages\telegram\ext\_extbot.py", line 669, in get_updates
    updates = await super().get_updates(
              ^^^^^^^^^^^^^^^^^^^^^^^^^^
  File "C:\Users\LENOVO\Documents\CoinSeer\venv\Lib\site-packages\telegram\_bot.py", line 4601, in get_updates
    await self._post(
  File "C:\Users\LENOVO\Documents\CoinSeer\venv\Lib\site-packages\telegram\_bot.py", line 697, in _post
    return await self._do_post(
           ^^^^^^^^^^^^^^^^^^^^
  File "C:\Users\LENOVO\Documents\CoinSeer\venv\Lib\site-packages\telegram\ext\_extbot.py", line 369, in _do_post
    return await super()._do_post(
           ^^^^^^^^^^^^^^^^^^^^^^^
  File "C:\Users\LENOVO\Documents\CoinSeer\venv\Lib\site-packages\telegram\_bot.py", line 726, in _do_post
    result = await request.post(
             ^^^^^^^^^^^^^^^^^^^
  File "C:\Users\LENOVO\Documents\CoinSeer\venv\Lib\site-packages\telegram\request\_baserequest.py", line 197, in post
    result = await self._request_wrapper(
             ^^^^^^^^^^^^^^^^^^^^^^^^^^^^
  File "C:\Users\LENOVO\Documents\CoinSeer\venv\Lib\site-packages\telegram\request\_baserequest.py", line 355, in _request_wrapper
    raise Conflict(message)
telegram.error.Conflict: Conflict: terminated by other getUpdates request; make sure that only one bot instance is running
2025-07-28 13:31:28,313 - apscheduler.executors.default - INFO - Running job "check_price_alerts (trigger: interval[0:01:00], next run at: 2025-07-28 12:32:28 UTC)" (scheduled at 2025-07-28 12:31:28.305486+00:00)
2025-07-28 13:31:28,323 - apscheduler.executors.default - INFO - Job "check_price_alerts (trigger: interval[0:01:00], next run at: 2025-07-28 12:32:28 UTC)" executed successfully
2025-07-28 13:31:32,064 - httpx - INFO - HTTP Request: POST https://api.telegram.org/bot7509807012:AAFn0026Mstf8DXx1HICJu36WhgkOWmIDP4/getUpdates "HTTP/1.1 200 OK"
2025-07-28 13:31:42,297 - httpx - INFO - HTTP Request: POST https://api.telegram.org/bot7509807012:AAFn0026Mstf8DXx1HICJu36WhgkOWmIDP4/getUpdates "HTTP/1.1 200 OK"
2025-07-28 13:31:44,549 - httpx - INFO - HTTP Request: POST https://api.telegram.org/bot7509807012:AAFn0026Mstf8DXx1HICJu36WhgkOWmIDP4/getUpdates "HTTP/1.1 200 OK"
2025-07-28 13:31:45,425 - httpx - INFO - HTTP Request: POST https://api.telegram.org/bot7509807012:AAFn0026Mstf8DXx1HICJu36WhgkOWmIDP4/sendMessage "HTTP/1.1 200 OK"
2025-07-28 13:31:46,146 - apscheduler.executors.default - INFO - Running job "check_price_alerts (trigger: interval[0:01:00], next run at: 2025-07-28 12:32:46 UTC)" (scheduled at 2025-07-28 12:31:46.130707+00:00)
2025-07-28 13:31:46,156 - apscheduler.executors.default - INFO - Job "check_price_alerts (trigger: interval[0:01:00], next run at: 2025-07-28 12:32:46 UTC)" executed successfully
2025-07-28 13:31:46,410 - httpx - INFO - HTTP Request: POST https://api.telegram.org/bot7509807012:AAFn0026Mstf8DXx1HICJu36WhgkOWmIDP4/editMessageText "HTTP/1.1 200 OK"
2025-07-28 13:31:54,789 - httpx - INFO - HTTP Request: POST https://api.telegram.org/bot7509807012:AAFn0026Mstf8DXx1HICJu36WhgkOWmIDP4/getUpdates "HTTP/1.1 200 OK"
2025-07-28 13:31:56,121 - httpx - INFO - HTTP Request: POST https://api.telegram.org/bot7509807012:AAFn0026Mstf8DXx1HICJu36WhgkOWmIDP4/getUpdates "HTTP/1.1 409 Conflict"
2025-07-28 13:31:56,125 - telegram.ext.Application - ERROR - No error handlers are registered, logging exception.
Traceback (most recent call last):
  File "C:\Users\LENOVO\Documents\CoinSeer\venv\Lib\site-packages\telegram\ext\_utils\networkloop.py", line 115, in network_retry_loop
    if not await do_action():
           ^^^^^^^^^^^^^^^^^
  File "C:\Users\LENOVO\Documents\CoinSeer\venv\Lib\site-packages\telegram\ext\_utils\networkloop.py", line 108, in do_action
    return action_cb_task.result()
           ^^^^^^^^^^^^^^^^^^^^^^^
  File "C:\Users\LENOVO\Documents\CoinSeer\venv\Lib\site-packages\telegram\ext\_updater.py", line 335, in polling_action_cb
    updates = await self.bot.get_updates(
              ^^^^^^^^^^^^^^^^^^^^^^^^^^^
  File "C:\Users\LENOVO\Documents\CoinSeer\venv\Lib\site-packages\telegram\ext\_extbot.py", line 669, in get_updates
    updates = await super().get_updates(
              ^^^^^^^^^^^^^^^^^^^^^^^^^^
  File "C:\Users\LENOVO\Documents\CoinSeer\venv\Lib\site-packages\telegram\_bot.py", line 4601, in get_updates
    await self._post(
  File "C:\Users\LENOVO\Documents\CoinSeer\venv\Lib\site-packages\telegram\_bot.py", line 697, in _post
    return await self._do_post(
           ^^^^^^^^^^^^^^^^^^^^
  File "C:\Users\LENOVO\Documents\CoinSeer\venv\Lib\site-packages\telegram\ext\_extbot.py", line 369, in _do_post
    return await super()._do_post(
           ^^^^^^^^^^^^^^^^^^^^^^^
  File "C:\Users\LENOVO\Documents\CoinSeer\venv\Lib\site-packages\telegram\_bot.py", line 726, in _do_post
    result = await request.post(
             ^^^^^^^^^^^^^^^^^^^
  File "C:\Users\LENOVO\Documents\CoinSeer\venv\Lib\site-packages\telegram\request\_baserequest.py", line 197, in post
    result = await self._request_wrapper(
             ^^^^^^^^^^^^^^^^^^^^^^^^^^^^
  File "C:\Users\LENOVO\Documents\CoinSeer\venv\Lib\site-packages\telegram\request\_baserequest.py", line 355, in _request_wrapper
    raise Conflict(message)
telegram.error.Conflict: Conflict: terminated by other getUpdates request; make sure that only one bot instance is running
2025-07-28 13:31:58,221 - httpx - INFO - HTTP Request: POST https://api.telegram.org/bot7509807012:AAFn0026Mstf8DXx1HICJu36WhgkOWmIDP4/getUpdates "HTTP/1.1 200 OK"
2025-07-28 13:31:58,993 - httpx - INFO - HTTP Request: POST https://api.telegram.org/bot7509807012:AAFn0026Mstf8DXx1HICJu36WhgkOWmIDP4/answerCallbackQuery "HTTP/1.1 200 OK"
2025-07-28 13:31:59,005 - bot_handlers - ERROR - Error in button_callback_handler
Traceback (most recent call last):
  File "C:\Users\LENOVO\Documents\CoinSeer\bot_handlers.py", line 1536, in button_callback_handler
    await chart_command(query, context)
  File "C:\Users\LENOVO\Documents\CoinSeer\bot_handlers.py", line 277, in chart_command
    preferred_fiat = await db.get_user_preferred_fiat(update.effective_user.id)
                                                      ^^^^^^^^^^^^^^^^^^^^^
AttributeError: 'CallbackQuery' object has no attribute 'effective_user'
2025-07-28 13:31:59,294 - httpx - INFO - HTTP Request: POST https://api.telegram.org/bot7509807012:AAFn0026Mstf8DXx1HICJu36WhgkOWmIDP4/answerCallbackQuery "HTTP/1.1 200 OK"
2025-07-28 13:31:59,549 - httpx - INFO - HTTP Request: POST https://api.telegram.org/bot7509807012:AAFn0026Mstf8DXx1HICJu36WhgkOWmIDP4/editMessageText "HTTP/1.1 200 OK"
2025-07-28 13:32:00,424 - httpx - INFO - HTTP Request: POST https://api.telegram.org/bot7509807012:AAFn0026Mstf8DXx1HICJu36WhgkOWmIDP4/getUpdates "HTTP/1.1 409 Conflict"
2025-07-28 13:32:00,430 - telegram.ext.Application - ERROR - No error handlers are registered, logging exception.
Traceback (most recent call last):
  File "C:\Users\LENOVO\Documents\CoinSeer\venv\Lib\site-packages\telegram\ext\_utils\networkloop.py", line 115, in network_retry_loop
    if not await do_action():
           ^^^^^^^^^^^^^^^^^
  File "C:\Users\LENOVO\Documents\CoinSeer\venv\Lib\site-packages\telegram\ext\_utils\networkloop.py", line 108, in do_action
    return action_cb_task.result()
           ^^^^^^^^^^^^^^^^^^^^^^^
  File "C:\Users\LENOVO\Documents\CoinSeer\venv\Lib\site-packages\telegram\ext\_updater.py", line 335, in polling_action_cb
    updates = await self.bot.get_updates(
              ^^^^^^^^^^^^^^^^^^^^^^^^^^^
  File "C:\Users\LENOVO\Documents\CoinSeer\venv\Lib\site-packages\telegram\ext\_extbot.py", line 669, in get_updates
    updates = await super().get_updates(
              ^^^^^^^^^^^^^^^^^^^^^^^^^^
  File "C:\Users\LENOVO\Documents\CoinSeer\venv\Lib\site-packages\telegram\_bot.py", line 4601, in get_updates
    await self._post(
  File "C:\Users\LENOVO\Documents\CoinSeer\venv\Lib\site-packages\telegram\_bot.py", line 697, in _post
    return await self._do_post(
           ^^^^^^^^^^^^^^^^^^^^
  File "C:\Users\LENOVO\Documents\CoinSeer\venv\Lib\site-packages\telegram\ext\_extbot.py", line 369, in _do_post
    return await super()._do_post(
           ^^^^^^^^^^^^^^^^^^^^^^^
  File "C:\Users\LENOVO\Documents\CoinSeer\venv\Lib\site-packages\telegram\_bot.py", line 726, in _do_post
    result = await request.post(
             ^^^^^^^^^^^^^^^^^^^
  File "C:\Users\LENOVO\Documents\CoinSeer\venv\Lib\site-packages\telegram\request\_baserequest.py", line 197, in post
    result = await self._request_wrapper(
             ^^^^^^^^^^^^^^^^^^^^^^^^^^^^
  File "C:\Users\LENOVO\Documents\CoinSeer\venv\Lib\site-packages\telegram\request\_baserequest.py", line 355, in _request_wrapper
    raise Conflict(message)
telegram.error.Conflict: Conflict: terminated by other getUpdates request; make sure that only one bot instance is running
2025-07-28 13:32:05,039 - httpx - INFO - HTTP Request: POST https://api.telegram.org/bot7509807012:AAFn0026Mstf8DXx1HICJu36WhgkOWmIDP4/getUpdates "HTTP/1.1 200 OK"
2025-07-28 13:32:05,744 - httpx - INFO - HTTP Request: POST https://api.telegram.org/bot7509807012:AAFn0026Mstf8DXx1HICJu36WhgkOWmIDP4/sendMessage "HTTP/1.1 200 OK"
2025-07-28 13:32:15,370 - httpx - INFO - HTTP Request: POST https://api.telegram.org/bot7509807012:AAFn0026Mstf8DXx1HICJu36WhgkOWmIDP4/getUpdates "HTTP/1.1 200 OK"
2025-07-28 13:32:15,566 - httpx - INFO - HTTP Request: POST https://api.telegram.org/bot7509807012:AAFn0026Mstf8DXx1HICJu36WhgkOWmIDP4/getUpdates "HTTP/1.1 200 OK"
2025-07-28 13:32:26,019 - httpx - INFO - HTTP Request: POST https://api.telegram.org/bot7509807012:AAFn0026Mstf8DXx1HICJu36WhgkOWmIDP4/getUpdates "HTTP/1.1 200 OK"
2025-07-28 13:32:28,318 - apscheduler.executors.default - INFO - Running job "check_price_alerts (trigger: interval[0:01:00], next run at: 2025-07-28 12:33:28 UTC)" (scheduled at 2025-07-28 12:32:28.305486+00:00)
2025-07-28 13:32:28,322 - apscheduler.executors.default - INFO - Job "check_price_alerts (trigger: interval[0:01:00], next run at: 2025-07-28 12:33:28 UTC)" executed successfully
2025-07-28 13:32:31,047 - httpx - INFO - HTTP Request: POST https://api.telegram.org/bot7509807012:AAFn0026Mstf8DXx1HICJu36WhgkOWmIDP4/getUpdates "HTTP/1.1 409 Conflict"
2025-07-28 13:32:31,051 - telegram.ext.Application - ERROR - No error handlers are registered, logging exception.
Traceback (most recent call last):
  File "C:\Users\LENOVO\Documents\CoinSeer\venv\Lib\site-packages\telegram\ext\_utils\networkloop.py", line 115, in network_retry_loop
    if not await do_action():
           ^^^^^^^^^^^^^^^^^
  File "C:\Users\LENOVO\Documents\CoinSeer\venv\Lib\site-packages\telegram\ext\_utils\networkloop.py", line 108, in do_action
    return action_cb_task.result()
           ^^^^^^^^^^^^^^^^^^^^^^^
  File "C:\Users\LENOVO\Documents\CoinSeer\venv\Lib\site-packages\telegram\ext\_updater.py", line 335, in polling_action_cb
    updates = await self.bot.get_updates(
              ^^^^^^^^^^^^^^^^^^^^^^^^^^^
  File "C:\Users\LENOVO\Documents\CoinSeer\venv\Lib\site-packages\telegram\ext\_extbot.py", line 669, in get_updates
    updates = await super().get_updates(
              ^^^^^^^^^^^^^^^^^^^^^^^^^^
  File "C:\Users\LENOVO\Documents\CoinSeer\venv\Lib\site-packages\telegram\_bot.py", line 4601, in get_updates
    await self._post(
  File "C:\Users\LENOVO\Documents\CoinSeer\venv\Lib\site-packages\telegram\_bot.py", line 697, in _post
    return await self._do_post(
           ^^^^^^^^^^^^^^^^^^^^
  File "C:\Users\LENOVO\Documents\CoinSeer\venv\Lib\site-packages\telegram\ext\_extbot.py", line 369, in _do_post
    return await super()._do_post(
           ^^^^^^^^^^^^^^^^^^^^^^^
  File "C:\Users\LENOVO\Documents\CoinSeer\venv\Lib\site-packages\telegram\_bot.py", line 726, in _do_post
    result = await request.post(
             ^^^^^^^^^^^^^^^^^^^
  File "C:\Users\LENOVO\Documents\CoinSeer\venv\Lib\site-packages\telegram\request\_baserequest.py", line 197, in post
    result = await self._request_wrapper(
             ^^^^^^^^^^^^^^^^^^^^^^^^^^^^
  File "C:\Users\LENOVO\Documents\CoinSeer\venv\Lib\site-packages\telegram\request\_baserequest.py", line 355, in _request_wrapper
    raise Conflict(message)
telegram.error.Conflict: Conflict: terminated by other getUpdates request; make sure that only one bot instance is running
2025-07-28 13:32:35,226 - httpx - INFO - HTTP Request: POST https://api.telegram.org/bot7509807012:AAFn0026Mstf8DXx1HICJu36WhgkOWmIDP4/getUpdates "HTTP/1.1 409 Conflict"
2025-07-28 13:32:35,229 - telegram.ext.Application - ERROR - No error handlers are registered, logging exception.
Traceback (most recent call last):
  File "C:\Users\LENOVO\Documents\CoinSeer\venv\Lib\site-packages\telegram\ext\_utils\networkloop.py", line 115, in network_retry_loop
    if not await do_action():
           ^^^^^^^^^^^^^^^^^
  File "C:\Users\LENOVO\Documents\CoinSeer\venv\Lib\site-packages\telegram\ext\_utils\networkloop.py", line 108, in do_action
    return action_cb_task.result()
           ^^^^^^^^^^^^^^^^^^^^^^^
  File "C:\Users\LENOVO\Documents\CoinSeer\venv\Lib\site-packages\telegram\ext\_updater.py", line 335, in polling_action_cb
    updates = await self.bot.get_updates(
              ^^^^^^^^^^^^^^^^^^^^^^^^^^^
  File "C:\Users\LENOVO\Documents\CoinSeer\venv\Lib\site-packages\telegram\ext\_extbot.py", line 669, in get_updates
    updates = await super().get_updates(
              ^^^^^^^^^^^^^^^^^^^^^^^^^^
  File "C:\Users\LENOVO\Documents\CoinSeer\venv\Lib\site-packages\telegram\_bot.py", line 4601, in get_updates
    await self._post(
  File "C:\Users\LENOVO\Documents\CoinSeer\venv\Lib\site-packages\telegram\_bot.py", line 697, in _post
    return await self._do_post(
           ^^^^^^^^^^^^^^^^^^^^
  File "C:\Users\LENOVO\Documents\CoinSeer\venv\Lib\site-packages\telegram\ext\_extbot.py", line 369, in _do_post
    return await super()._do_post(
           ^^^^^^^^^^^^^^^^^^^^^^^
  File "C:\Users\LENOVO\Documents\CoinSeer\venv\Lib\site-packages\telegram\_bot.py", line 726, in _do_post
    result = await request.post(
             ^^^^^^^^^^^^^^^^^^^
  File "C:\Users\LENOVO\Documents\CoinSeer\venv\Lib\site-packages\telegram\request\_baserequest.py", line 197, in post
    result = await self._request_wrapper(
             ^^^^^^^^^^^^^^^^^^^^^^^^^^^^
  File "C:\Users\LENOVO\Documents\CoinSeer\venv\Lib\site-packages\telegram\request\_baserequest.py", line 355, in _request_wrapper
    raise Conflict(message)
telegram.error.Conflict: Conflict: terminated by other getUpdates request; make sure that only one bot instance is running
2025-07-28 13:32:39,950 - httpx - INFO - HTTP Request: POST https://api.telegram.org/bot7509807012:AAFn0026Mstf8DXx1HICJu36WhgkOWmIDP4/getUpdates "HTTP/1.1 200 OK"
2025-07-28 13:32:46,188 - apscheduler.executors.default - INFO - Running job "check_price_alerts (trigger: interval[0:01:00], next run at: 2025-07-28 12:33:46 UTC)" (scheduled at 2025-07-28 12:32:46.130707+00:00)
2025-07-28 13:32:46,190 - apscheduler.executors.default - INFO - Job "check_price_alerts (trigger: interval[0:01:00], next run at: 2025-07-28 12:33:46 UTC)" executed successfully
2025-07-28 13:32:50,307 - httpx - INFO - HTTP Request: POST https://api.telegram.org/bot7509807012:AAFn0026Mstf8DXx1HICJu36WhgkOWmIDP4/getUpdates "HTTP/1.1 200 OK"
2025-07-28 13:32:50,700 - httpx - INFO - HTTP Request: POST https://api.telegram.org/bot7509807012:AAFn0026Mstf8DXx1HICJu36WhgkOWmIDP4/getUpdates "HTTP/1.1 200 OK"
2025-07-28 13:32:51,583 - httpx - INFO - HTTP Request: POST https://api.telegram.org/bot7509807012:AAFn0026Mstf8DXx1HICJu36WhgkOWmIDP4/sendMessage "HTTP/1.1 200 OK"
2025-07-28 13:32:58,071 - httpx - INFO - HTTP Request: POST https://api.telegram.org/bot7509807012:AAFn0026Mstf8DXx1HICJu36WhgkOWmIDP4/getUpdates "HTTP/1.1 200 OK"
2025-07-28 13:33:05,853 - httpx - INFO - HTTP Request: POST https://api.telegram.org/bot7509807012:AAFn0026Mstf8DXx1HICJu36WhgkOWmIDP4/getUpdates "HTTP/1.1 409 Conflict"
2025-07-28 13:33:05,856 - telegram.ext.Application - ERROR - No error handlers are registered, logging exception.
Traceback (most recent call last):
  File "C:\Users\LENOVO\Documents\CoinSeer\venv\Lib\site-packages\telegram\ext\_utils\networkloop.py", line 115, in network_retry_loop
    if not await do_action():
           ^^^^^^^^^^^^^^^^^
  File "C:\Users\LENOVO\Documents\CoinSeer\venv\Lib\site-packages\telegram\ext\_utils\networkloop.py", line 108, in do_action
    return action_cb_task.result()
           ^^^^^^^^^^^^^^^^^^^^^^^
  File "C:\Users\LENOVO\Documents\CoinSeer\venv\Lib\site-packages\telegram\ext\_updater.py", line 335, in polling_action_cb
    updates = await self.bot.get_updates(
              ^^^^^^^^^^^^^^^^^^^^^^^^^^^
  File "C:\Users\LENOVO\Documents\CoinSeer\venv\Lib\site-packages\telegram\ext\_extbot.py", line 669, in get_updates
    updates = await super().get_updates(
              ^^^^^^^^^^^^^^^^^^^^^^^^^^
  File "C:\Users\LENOVO\Documents\CoinSeer\venv\Lib\site-packages\telegram\_bot.py", line 4601, in get_updates
    await self._post(
  File "C:\Users\LENOVO\Documents\CoinSeer\venv\Lib\site-packages\telegram\_bot.py", line 697, in _post
    return await self._do_post(
           ^^^^^^^^^^^^^^^^^^^^
  File "C:\Users\LENOVO\Documents\CoinSeer\venv\Lib\site-packages\telegram\ext\_extbot.py", line 369, in _do_post
    return await super()._do_post(
           ^^^^^^^^^^^^^^^^^^^^^^^
  File "C:\Users\LENOVO\Documents\CoinSeer\venv\Lib\site-packages\telegram\_bot.py", line 726, in _do_post
    result = await request.post(
             ^^^^^^^^^^^^^^^^^^^
  File "C:\Users\LENOVO\Documents\CoinSeer\venv\Lib\site-packages\telegram\request\_baserequest.py", line 197, in post
    result = await self._request_wrapper(
             ^^^^^^^^^^^^^^^^^^^^^^^^^^^^
  File "C:\Users\LENOVO\Documents\CoinSeer\venv\Lib\site-packages\telegram\request\_baserequest.py", line 355, in _request_wrapper
    raise Conflict(message)
telegram.error.Conflict: Conflict: terminated by other getUpdates request; make sure that only one bot instance is running
2025-07-28 13:33:09,948 - httpx - INFO - HTTP Request: POST https://api.telegram.org/bot7509807012:AAFn0026Mstf8DXx1HICJu36WhgkOWmIDP4/getUpdates "HTTP/1.1 200 OK"
2025-07-28 13:33:10,055 - httpx - INFO - HTTP Request: POST https://api.telegram.org/bot7509807012:AAFn0026Mstf8DXx1HICJu36WhgkOWmIDP4/getUpdates "HTTP/1.1 409 Conflict"
2025-07-28 13:33:10,057 - telegram.ext.Application - ERROR - No error handlers are registered, logging exception.
Traceback (most recent call last):
  File "C:\Users\LENOVO\Documents\CoinSeer\venv\Lib\site-packages\telegram\ext\_utils\networkloop.py", line 115, in network_retry_loop
    if not await do_action():
           ^^^^^^^^^^^^^^^^^
  File "C:\Users\LENOVO\Documents\CoinSeer\venv\Lib\site-packages\telegram\ext\_utils\networkloop.py", line 108, in do_action
    return action_cb_task.result()
           ^^^^^^^^^^^^^^^^^^^^^^^
  File "C:\Users\LENOVO\Documents\CoinSeer\venv\Lib\site-packages\telegram\ext\_updater.py", line 335, in polling_action_cb
    updates = await self.bot.get_updates(
              ^^^^^^^^^^^^^^^^^^^^^^^^^^^
  File "C:\Users\LENOVO\Documents\CoinSeer\venv\Lib\site-packages\telegram\ext\_extbot.py", line 669, in get_updates
    updates = await super().get_updates(
              ^^^^^^^^^^^^^^^^^^^^^^^^^^
  File "C:\Users\LENOVO\Documents\CoinSeer\venv\Lib\site-packages\telegram\_bot.py", line 4601, in get_updates
    await self._post(
  File "C:\Users\LENOVO\Documents\CoinSeer\venv\Lib\site-packages\telegram\_bot.py", line 697, in _post
    return await self._do_post(
           ^^^^^^^^^^^^^^^^^^^^
  File "C:\Users\LENOVO\Documents\CoinSeer\venv\Lib\site-packages\telegram\ext\_extbot.py", line 369, in _do_post
    return await super()._do_post(
           ^^^^^^^^^^^^^^^^^^^^^^^
  File "C:\Users\LENOVO\Documents\CoinSeer\venv\Lib\site-packages\telegram\_bot.py", line 726, in _do_post
    result = await request.post(
             ^^^^^^^^^^^^^^^^^^^
  File "C:\Users\LENOVO\Documents\CoinSeer\venv\Lib\site-packages\telegram\request\_baserequest.py", line 197, in post
    result = await self._request_wrapper(
             ^^^^^^^^^^^^^^^^^^^^^^^^^^^^
  File "C:\Users\LENOVO\Documents\CoinSeer\venv\Lib\site-packages\telegram\request\_baserequest.py", line 355, in _request_wrapper
    raise Conflict(message)
telegram.error.Conflict: Conflict: terminated by other getUpdates request; make sure that only one bot instance is running
2025-07-28 13:33:10,769 - httpx - INFO - HTTP Request: POST https://api.telegram.org/bot7509807012:AAFn0026Mstf8DXx1HICJu36WhgkOWmIDP4/sendMessage "HTTP/1.1 200 OK"
2025-07-28 13:33:11,402 - httpx - INFO - HTTP Request: POST https://api.telegram.org/bot7509807012:AAFn0026Mstf8DXx1HICJu36WhgkOWmIDP4/editMessageText "HTTP/1.1 200 OK"
2025-07-28 13:33:20,139 - httpx - INFO - HTTP Request: POST https://api.telegram.org/bot7509807012:AAFn0026Mstf8DXx1HICJu36WhgkOWmIDP4/getUpdates "HTTP/1.1 200 OK"
2025-07-28 13:33:28,320 - apscheduler.executors.default - INFO - Running job "check_price_alerts (trigger: interval[0:01:00], next run at: 2025-07-28 12:34:28 UTC)" (scheduled at 2025-07-28 12:33:28.305486+00:00)
2025-07-28 13:33:28,328 - apscheduler.executors.default - INFO - Job "check_price_alerts (trigger: interval[0:01:00], next run at: 2025-07-28 12:34:28 UTC)" executed successfully
2025-07-28 13:33:28,334 - apscheduler.executors.default - INFO - Running job "check_volume_alerts (trigger: interval[0:05:00], next run at: 2025-07-28 12:38:28 UTC)" (scheduled at 2025-07-28 12:33:28.306482+00:00)
2025-07-28 13:33:28,342 - apscheduler.executors.default - INFO - Job "check_volume_alerts (trigger: interval[0:05:00], next run at: 2025-07-28 12:38:28 UTC)" executed successfully
2025-07-28 13:33:30,353 - httpx - INFO - HTTP Request: POST https://api.telegram.org/bot7509807012:AAFn0026Mstf8DXx1HICJu36WhgkOWmIDP4/getUpdates "HTTP/1.1 200 OK"
2025-07-28 13:33:40,570 - httpx - INFO - HTTP Request: POST https://api.telegram.org/bot7509807012:AAFn0026Mstf8DXx1HICJu36WhgkOWmIDP4/getUpdates "HTTP/1.1 200 OK"
2025-07-28 13:33:40,771 - httpx - INFO - HTTP Request: POST https://api.telegram.org/bot7509807012:AAFn0026Mstf8DXx1HICJu36WhgkOWmIDP4/getUpdates "HTTP/1.1 409 Conflict"
2025-07-28 13:33:40,775 - telegram.ext.Application - ERROR - No error handlers are registered, logging exception.
Traceback (most recent call last):
  File "C:\Users\LENOVO\Documents\CoinSeer\venv\Lib\site-packages\telegram\ext\_utils\networkloop.py", line 115, in network_retry_loop
    if not await do_action():
           ^^^^^^^^^^^^^^^^^
  File "C:\Users\LENOVO\Documents\CoinSeer\venv\Lib\site-packages\telegram\ext\_utils\networkloop.py", line 108, in do_action
    return action_cb_task.result()
           ^^^^^^^^^^^^^^^^^^^^^^^
  File "C:\Users\LENOVO\Documents\CoinSeer\venv\Lib\site-packages\telegram\ext\_updater.py", line 335, in polling_action_cb
    updates = await self.bot.get_updates(
              ^^^^^^^^^^^^^^^^^^^^^^^^^^^
  File "C:\Users\LENOVO\Documents\CoinSeer\venv\Lib\site-packages\telegram\ext\_extbot.py", line 669, in get_updates
    updates = await super().get_updates(
              ^^^^^^^^^^^^^^^^^^^^^^^^^^
  File "C:\Users\LENOVO\Documents\CoinSeer\venv\Lib\site-packages\telegram\_bot.py", line 4601, in get_updates
    await self._post(
  File "C:\Users\LENOVO\Documents\CoinSeer\venv\Lib\site-packages\telegram\_bot.py", line 697, in _post
    return await self._do_post(
           ^^^^^^^^^^^^^^^^^^^^
  File "C:\Users\LENOVO\Documents\CoinSeer\venv\Lib\site-packages\telegram\ext\_extbot.py", line 369, in _do_post
    return await super()._do_post(
           ^^^^^^^^^^^^^^^^^^^^^^^
  File "C:\Users\LENOVO\Documents\CoinSeer\venv\Lib\site-packages\telegram\_bot.py", line 726, in _do_post
    result = await request.post(
             ^^^^^^^^^^^^^^^^^^^
  File "C:\Users\LENOVO\Documents\CoinSeer\venv\Lib\site-packages\telegram\request\_baserequest.py", line 197, in post
    result = await self._request_wrapper(
             ^^^^^^^^^^^^^^^^^^^^^^^^^^^^
  File "C:\Users\LENOVO\Documents\CoinSeer\venv\Lib\site-packages\telegram\request\_baserequest.py", line 355, in _request_wrapper
    raise Conflict(message)
telegram.error.Conflict: Conflict: terminated by other getUpdates request; make sure that only one bot instance is running
2025-07-28 13:33:45,073 - httpx - INFO - HTTP Request: POST https://api.telegram.org/bot7509807012:AAFn0026Mstf8DXx1HICJu36WhgkOWmIDP4/getUpdates "HTTP/1.1 409 Conflict"
2025-07-28 13:33:45,081 - telegram.ext.Application - ERROR - No error handlers are registered, logging exception.
Traceback (most recent call last):
  File "C:\Users\LENOVO\Documents\CoinSeer\venv\Lib\site-packages\telegram\ext\_utils\networkloop.py", line 115, in network_retry_loop
    if not await do_action():
           ^^^^^^^^^^^^^^^^^
  File "C:\Users\LENOVO\Documents\CoinSeer\venv\Lib\site-packages\telegram\ext\_utils\networkloop.py", line 108, in do_action
    return action_cb_task.result()
           ^^^^^^^^^^^^^^^^^^^^^^^
  File "C:\Users\LENOVO\Documents\CoinSeer\venv\Lib\site-packages\telegram\ext\_updater.py", line 335, in polling_action_cb
    updates = await self.bot.get_updates(
              ^^^^^^^^^^^^^^^^^^^^^^^^^^^
  File "C:\Users\LENOVO\Documents\CoinSeer\venv\Lib\site-packages\telegram\ext\_extbot.py", line 669, in get_updates
    updates = await super().get_updates(
              ^^^^^^^^^^^^^^^^^^^^^^^^^^
  File "C:\Users\LENOVO\Documents\CoinSeer\venv\Lib\site-packages\telegram\_bot.py", line 4601, in get_updates
    await self._post(
  File "C:\Users\LENOVO\Documents\CoinSeer\venv\Lib\site-packages\telegram\_bot.py", line 697, in _post
    return await self._do_post(
           ^^^^^^^^^^^^^^^^^^^^
  File "C:\Users\LENOVO\Documents\CoinSeer\venv\Lib\site-packages\telegram\ext\_extbot.py", line 369, in _do_post
    return await super()._do_post(
           ^^^^^^^^^^^^^^^^^^^^^^^
  File "C:\Users\LENOVO\Documents\CoinSeer\venv\Lib\site-packages\telegram\_bot.py", line 726, in _do_post
    result = await request.post(
             ^^^^^^^^^^^^^^^^^^^
  File "C:\Users\LENOVO\Documents\CoinSeer\venv\Lib\site-packages\telegram\request\_baserequest.py", line 197, in post
    result = await self._request_wrapper(
             ^^^^^^^^^^^^^^^^^^^^^^^^^^^^
  File "C:\Users\LENOVO\Documents\CoinSeer\venv\Lib\site-packages\telegram\request\_baserequest.py", line 355, in _request_wrapper
    raise Conflict(message)
telegram.error.Conflict: Conflict: terminated by other getUpdates request; make sure that only one bot instance is running
2025-07-28 13:33:46,137 - apscheduler.executors.default - INFO - Running job "check_price_alerts (trigger: interval[0:01:00], next run at: 2025-07-28 12:34:46 UTC)" (scheduled at 2025-07-28 12:33:46.130707+00:00)
2025-07-28 13:33:46,150 - apscheduler.executors.default - INFO - Job "check_price_alerts (trigger: interval[0:01:00], next run at: 2025-07-28 12:34:46 UTC)" executed successfully
2025-07-28 13:33:52,137 - httpx - INFO - HTTP Request: POST https://api.telegram.org/bot7509807012:AAFn0026Mstf8DXx1HICJu36WhgkOWmIDP4/getUpdates "HTTP/1.1 200 OK"
2025-07-28 13:34:02,314 - httpx - INFO - HTTP Request: POST https://api.telegram.org/bot7509807012:AAFn0026Mstf8DXx1HICJu36WhgkOWmIDP4/getUpdates "HTTP/1.1 200 OK"
2025-07-28 13:34:12,616 - httpx - INFO - HTTP Request: POST https://api.telegram.org/bot7509807012:AAFn0026Mstf8DXx1HICJu36WhgkOWmIDP4/getUpdates "HTTP/1.1 200 OK"
2025-07-28 13:34:16,405 - httpx - INFO - HTTP Request: POST https://api.telegram.org/bot7509807012:AAFn0026Mstf8DXx1HICJu36WhgkOWmIDP4/getUpdates "HTTP/1.1 409 Conflict"
2025-07-28 13:34:16,410 - telegram.ext.Application - ERROR - No error handlers are registered, logging exception.
Traceback (most recent call last):
  File "C:\Users\LENOVO\Documents\CoinSeer\venv\Lib\site-packages\telegram\ext\_utils\networkloop.py", line 115, in network_retry_loop
    if not await do_action():
           ^^^^^^^^^^^^^^^^^
  File "C:\Users\LENOVO\Documents\CoinSeer\venv\Lib\site-packages\telegram\ext\_utils\networkloop.py", line 108, in do_action
    return action_cb_task.result()
           ^^^^^^^^^^^^^^^^^^^^^^^
  File "C:\Users\LENOVO\Documents\CoinSeer\venv\Lib\site-packages\telegram\ext\_updater.py", line 335, in polling_action_cb
    updates = await self.bot.get_updates(
              ^^^^^^^^^^^^^^^^^^^^^^^^^^^
  File "C:\Users\LENOVO\Documents\CoinSeer\venv\Lib\site-packages\telegram\ext\_extbot.py", line 669, in get_updates
    updates = await super().get_updates(
              ^^^^^^^^^^^^^^^^^^^^^^^^^^
  File "C:\Users\LENOVO\Documents\CoinSeer\venv\Lib\site-packages\telegram\_bot.py", line 4601, in get_updates
    await self._post(
  File "C:\Users\LENOVO\Documents\CoinSeer\venv\Lib\site-packages\telegram\_bot.py", line 697, in _post
    return await self._do_post(
           ^^^^^^^^^^^^^^^^^^^^
  File "C:\Users\LENOVO\Documents\CoinSeer\venv\Lib\site-packages\telegram\ext\_extbot.py", line 369, in _do_post
    return await super()._do_post(
           ^^^^^^^^^^^^^^^^^^^^^^^
  File "C:\Users\LENOVO\Documents\CoinSeer\venv\Lib\site-packages\telegram\_bot.py", line 726, in _do_post
    result = await request.post(
             ^^^^^^^^^^^^^^^^^^^
  File "C:\Users\LENOVO\Documents\CoinSeer\venv\Lib\site-packages\telegram\request\_baserequest.py", line 197, in post
    result = await self._request_wrapper(
             ^^^^^^^^^^^^^^^^^^^^^^^^^^^^
  File "C:\Users\LENOVO\Documents\CoinSeer\venv\Lib\site-packages\telegram\request\_baserequest.py", line 355, in _request_wrapper
    raise Conflict(message)
telegram.error.Conflict: Conflict: terminated by other getUpdates request; make sure that only one bot instance is running
2025-07-28 13:34:20,585 - httpx - INFO - HTTP Request: POST https://api.telegram.org/bot7509807012:AAFn0026Mstf8DXx1HICJu36WhgkOWmIDP4/getUpdates "HTTP/1.1 409 Conflict"
2025-07-28 13:34:20,591 - telegram.ext.Application - ERROR - No error handlers are registered, logging exception.
Traceback (most recent call last):
  File "C:\Users\LENOVO\Documents\CoinSeer\venv\Lib\site-packages\telegram\ext\_utils\networkloop.py", line 115, in network_retry_loop
    if not await do_action():
           ^^^^^^^^^^^^^^^^^
  File "C:\Users\LENOVO\Documents\CoinSeer\venv\Lib\site-packages\telegram\ext\_utils\networkloop.py", line 108, in do_action
    return action_cb_task.result()
           ^^^^^^^^^^^^^^^^^^^^^^^
  File "C:\Users\LENOVO\Documents\CoinSeer\venv\Lib\site-packages\telegram\ext\_updater.py", line 335, in polling_action_cb
    updates = await self.bot.get_updates(
              ^^^^^^^^^^^^^^^^^^^^^^^^^^^
  File "C:\Users\LENOVO\Documents\CoinSeer\venv\Lib\site-packages\telegram\ext\_extbot.py", line 669, in get_updates
    updates = await super().get_updates(
              ^^^^^^^^^^^^^^^^^^^^^^^^^^
  File "C:\Users\LENOVO\Documents\CoinSeer\venv\Lib\site-packages\telegram\_bot.py", line 4601, in get_updates
    await self._post(
  File "C:\Users\LENOVO\Documents\CoinSeer\venv\Lib\site-packages\telegram\_bot.py", line 697, in _post
    return await self._do_post(
           ^^^^^^^^^^^^^^^^^^^^
  File "C:\Users\LENOVO\Documents\CoinSeer\venv\Lib\site-packages\telegram\ext\_extbot.py", line 369, in _do_post
    return await super()._do_post(
           ^^^^^^^^^^^^^^^^^^^^^^^
  File "C:\Users\LENOVO\Documents\CoinSeer\venv\Lib\site-packages\telegram\_bot.py", line 726, in _do_post
    result = await request.post(
             ^^^^^^^^^^^^^^^^^^^
  File "C:\Users\LENOVO\Documents\CoinSeer\venv\Lib\site-packages\telegram\request\_baserequest.py", line 197, in post
    result = await self._request_wrapper(
             ^^^^^^^^^^^^^^^^^^^^^^^^^^^^
  File "C:\Users\LENOVO\Documents\CoinSeer\venv\Lib\site-packages\telegram\request\_baserequest.py", line 355, in _request_wrapper
    raise Conflict(message)
telegram.error.Conflict: Conflict: terminated by other getUpdates request; make sure that only one bot instance is running
2025-07-28 13:34:27,619 - httpx - INFO - HTTP Request: POST https://api.telegram.org/bot7509807012:AAFn0026Mstf8DXx1HICJu36WhgkOWmIDP4/getUpdates "HTTP/1.1 200 OK"
2025-07-28 13:34:28,308 - apscheduler.executors.default - INFO - Running job "check_price_alerts (trigger: interval[0:01:00], next run at: 2025-07-28 12:35:28 UTC)" (scheduled at 2025-07-28 12:34:28.305486+00:00)
2025-07-28 13:34:28,325 - apscheduler.executors.default - INFO - Job "check_price_alerts (trigger: interval[0:01:00], next run at: 2025-07-28 12:35:28 UTC)" executed successfully
2025-07-28 13:34:38,113 - httpx - INFO - HTTP Request: POST https://api.telegram.org/bot7509807012:AAFn0026Mstf8DXx1HICJu36WhgkOWmIDP4/getUpdates "HTTP/1.1 200 OK"
2025-07-28 13:34:46,141 - apscheduler.executors.default - INFO - Running job "check_price_alerts (trigger: interval[0:01:00], next run at: 2025-07-28 12:35:46 UTC)" (scheduled at 2025-07-28 12:34:46.130707+00:00)
2025-07-28 13:34:46,148 - apscheduler.executors.default - INFO - Job "check_price_alerts (trigger: interval[0:01:00], next run at: 2025-07-28 12:35:46 UTC)" executed successfully
2025-07-28 13:34:48,309 - httpx - INFO - HTTP Request: POST https://api.telegram.org/bot7509807012:AAFn0026Mstf8DXx1HICJu36WhgkOWmIDP4/getUpdates "HTTP/1.1 200 OK"
2025-07-28 13:34:51,410 - httpx - INFO - HTTP Request: POST https://api.telegram.org/bot7509807012:AAFn0026Mstf8DXx1HICJu36WhgkOWmIDP4/getUpdates "HTTP/1.1 409 Conflict"
2025-07-28 13:34:51,422 - telegram.ext.Application - ERROR - No error handlers are registered, logging exception.
Traceback (most recent call last):
  File "C:\Users\LENOVO\Documents\CoinSeer\venv\Lib\site-packages\telegram\ext\_utils\networkloop.py", line 115, in network_retry_loop
    if not await do_action():
           ^^^^^^^^^^^^^^^^^
  File "C:\Users\LENOVO\Documents\CoinSeer\venv\Lib\site-packages\telegram\ext\_utils\networkloop.py", line 108, in do_action
    return action_cb_task.result()
           ^^^^^^^^^^^^^^^^^^^^^^^
  File "C:\Users\LENOVO\Documents\CoinSeer\venv\Lib\site-packages\telegram\ext\_updater.py", line 335, in polling_action_cb
    updates = await self.bot.get_updates(
              ^^^^^^^^^^^^^^^^^^^^^^^^^^^
  File "C:\Users\LENOVO\Documents\CoinSeer\venv\Lib\site-packages\telegram\ext\_extbot.py", line 669, in get_updates
    updates = await super().get_updates(
              ^^^^^^^^^^^^^^^^^^^^^^^^^^
  File "C:\Users\LENOVO\Documents\CoinSeer\venv\Lib\site-packages\telegram\_bot.py", line 4601, in get_updates
    await self._post(
  File "C:\Users\LENOVO\Documents\CoinSeer\venv\Lib\site-packages\telegram\_bot.py", line 697, in _post
    return await self._do_post(
           ^^^^^^^^^^^^^^^^^^^^
  File "C:\Users\LENOVO\Documents\CoinSeer\venv\Lib\site-packages\telegram\ext\_extbot.py", line 369, in _do_post
    return await super()._do_post(
           ^^^^^^^^^^^^^^^^^^^^^^^
  File "C:\Users\LENOVO\Documents\CoinSeer\venv\Lib\site-packages\telegram\_bot.py", line 726, in _do_post
    result = await request.post(
             ^^^^^^^^^^^^^^^^^^^
  File "C:\Users\LENOVO\Documents\CoinSeer\venv\Lib\site-packages\telegram\request\_baserequest.py", line 197, in post
    result = await self._request_wrapper(
             ^^^^^^^^^^^^^^^^^^^^^^^^^^^^
  File "C:\Users\LENOVO\Documents\CoinSeer\venv\Lib\site-packages\telegram\request\_baserequest.py", line 355, in _request_wrapper
    raise Conflict(message)
telegram.error.Conflict: Conflict: terminated by other getUpdates request; make sure that only one bot instance is running
2025-07-28 13:34:55,646 - httpx - INFO - HTTP Request: POST https://api.telegram.org/bot7509807012:AAFn0026Mstf8DXx1HICJu36WhgkOWmIDP4/getUpdates "HTTP/1.1 409 Conflict"
2025-07-28 13:34:55,651 - telegram.ext.Application - ERROR - No error handlers are registered, logging exception.
Traceback (most recent call last):
  File "C:\Users\LENOVO\Documents\CoinSeer\venv\Lib\site-packages\telegram\ext\_utils\networkloop.py", line 115, in network_retry_loop
    if not await do_action():
           ^^^^^^^^^^^^^^^^^
  File "C:\Users\LENOVO\Documents\CoinSeer\venv\Lib\site-packages\telegram\ext\_utils\networkloop.py", line 108, in do_action
    return action_cb_task.result()
           ^^^^^^^^^^^^^^^^^^^^^^^
  File "C:\Users\LENOVO\Documents\CoinSeer\venv\Lib\site-packages\telegram\ext\_updater.py", line 335, in polling_action_cb
    updates = await self.bot.get_updates(
              ^^^^^^^^^^^^^^^^^^^^^^^^^^^
  File "C:\Users\LENOVO\Documents\CoinSeer\venv\Lib\site-packages\telegram\ext\_extbot.py", line 669, in get_updates
    updates = await super().get_updates(
              ^^^^^^^^^^^^^^^^^^^^^^^^^^
  File "C:\Users\LENOVO\Documents\CoinSeer\venv\Lib\site-packages\telegram\_bot.py", line 4601, in get_updates
    await self._post(
  File "C:\Users\LENOVO\Documents\CoinSeer\venv\Lib\site-packages\telegram\_bot.py", line 697, in _post
    return await self._do_post(
           ^^^^^^^^^^^^^^^^^^^^
  File "C:\Users\LENOVO\Documents\CoinSeer\venv\Lib\site-packages\telegram\ext\_extbot.py", line 369, in _do_post
    return await super()._do_post(
           ^^^^^^^^^^^^^^^^^^^^^^^
  File "C:\Users\LENOVO\Documents\CoinSeer\venv\Lib\site-packages\telegram\_bot.py", line 726, in _do_post
    result = await request.post(
             ^^^^^^^^^^^^^^^^^^^
  File "C:\Users\LENOVO\Documents\CoinSeer\venv\Lib\site-packages\telegram\request\_baserequest.py", line 197, in post
    result = await self._request_wrapper(
             ^^^^^^^^^^^^^^^^^^^^^^^^^^^^
  File "C:\Users\LENOVO\Documents\CoinSeer\venv\Lib\site-packages\telegram\request\_baserequest.py", line 355, in _request_wrapper
    raise Conflict(message)
telegram.error.Conflict: Conflict: terminated by other getUpdates request; make sure that only one bot instance is running
2025-07-28 13:35:02,693 - httpx - INFO - HTTP Request: POST https://api.telegram.org/bot7509807012:AAFn0026Mstf8DXx1HICJu36WhgkOWmIDP4/getUpdates "HTTP/1.1 200 OK"
2025-07-28 13:35:13,053 - httpx - INFO - HTTP Request: POST https://api.telegram.org/bot7509807012:AAFn0026Mstf8DXx1HICJu36WhgkOWmIDP4/getUpdates "HTTP/1.1 200 OK"
2025-07-28 13:35:23,307 - httpx - INFO - HTTP Request: POST https://api.telegram.org/bot7509807012:AAFn0026Mstf8DXx1HICJu36WhgkOWmIDP4/getUpdates "HTTP/1.1 200 OK"
2025-07-28 13:35:26,190 - httpx - INFO - HTTP Request: POST https://api.telegram.org/bot7509807012:AAFn0026Mstf8DXx1HICJu36WhgkOWmIDP4/getUpdates "HTTP/1.1 409 Conflict"
2025-07-28 13:35:26,196 - telegram.ext.Application - ERROR - No error handlers are registered, logging exception.
Traceback (most recent call last):
  File "C:\Users\LENOVO\Documents\CoinSeer\venv\Lib\site-packages\telegram\ext\_utils\networkloop.py", line 115, in network_retry_loop
    if not await do_action():
           ^^^^^^^^^^^^^^^^^
  File "C:\Users\LENOVO\Documents\CoinSeer\venv\Lib\site-packages\telegram\ext\_utils\networkloop.py", line 108, in do_action
    return action_cb_task.result()
           ^^^^^^^^^^^^^^^^^^^^^^^
  File "C:\Users\LENOVO\Documents\CoinSeer\venv\Lib\site-packages\telegram\ext\_updater.py", line 335, in polling_action_cb
    updates = await self.bot.get_updates(
              ^^^^^^^^^^^^^^^^^^^^^^^^^^^
  File "C:\Users\LENOVO\Documents\CoinSeer\venv\Lib\site-packages\telegram\ext\_extbot.py", line 669, in get_updates
    updates = await super().get_updates(
              ^^^^^^^^^^^^^^^^^^^^^^^^^^
  File "C:\Users\LENOVO\Documents\CoinSeer\venv\Lib\site-packages\telegram\_bot.py", line 4601, in get_updates
    await self._post(
  File "C:\Users\LENOVO\Documents\CoinSeer\venv\Lib\site-packages\telegram\_bot.py", line 697, in _post
    return await self._do_post(
           ^^^^^^^^^^^^^^^^^^^^
  File "C:\Users\LENOVO\Documents\CoinSeer\venv\Lib\site-packages\telegram\ext\_extbot.py", line 369, in _do_post
    return await super()._do_post(
           ^^^^^^^^^^^^^^^^^^^^^^^
  File "C:\Users\LENOVO\Documents\CoinSeer\venv\Lib\site-packages\telegram\_bot.py", line 726, in _do_post
    result = await request.post(
             ^^^^^^^^^^^^^^^^^^^
  File "C:\Users\LENOVO\Documents\CoinSeer\venv\Lib\site-packages\telegram\request\_baserequest.py", line 197, in post
    result = await self._request_wrapper(
             ^^^^^^^^^^^^^^^^^^^^^^^^^^^^
  File "C:\Users\LENOVO\Documents\CoinSeer\venv\Lib\site-packages\telegram\request\_baserequest.py", line 355, in _request_wrapper
    raise Conflict(message)
telegram.error.Conflict: Conflict: terminated by other getUpdates request; make sure that only one bot instance is running
2025-07-28 13:35:28,315 - apscheduler.executors.default - INFO - Running job "check_price_alerts (trigger: interval[0:01:00], next run at: 2025-07-28 12:36:28 UTC)" (scheduled at 2025-07-28 12:35:28.305486+00:00)
2025-07-28 13:35:28,321 - apscheduler.executors.default - INFO - Job "check_price_alerts (trigger: interval[0:01:00], next run at: 2025-07-28 12:36:28 UTC)" executed successfully
2025-07-28 13:35:30,386 - httpx - INFO - HTTP Request: POST https://api.telegram.org/bot7509807012:AAFn0026Mstf8DXx1HICJu36WhgkOWmIDP4/getUpdates "HTTP/1.1 409 Conflict"
2025-07-28 13:35:30,391 - telegram.ext.Application - ERROR - No error handlers are registered, logging exception.
Traceback (most recent call last):
  File "C:\Users\LENOVO\Documents\CoinSeer\venv\Lib\site-packages\telegram\ext\_utils\networkloop.py", line 115, in network_retry_loop
    if not await do_action():
           ^^^^^^^^^^^^^^^^^
  File "C:\Users\LENOVO\Documents\CoinSeer\venv\Lib\site-packages\telegram\ext\_utils\networkloop.py", line 108, in do_action
    return action_cb_task.result()
           ^^^^^^^^^^^^^^^^^^^^^^^
  File "C:\Users\LENOVO\Documents\CoinSeer\venv\Lib\site-packages\telegram\ext\_updater.py", line 335, in polling_action_cb
    updates = await self.bot.get_updates(
              ^^^^^^^^^^^^^^^^^^^^^^^^^^^
  File "C:\Users\LENOVO\Documents\CoinSeer\venv\Lib\site-packages\telegram\ext\_extbot.py", line 669, in get_updates
    updates = await super().get_updates(
              ^^^^^^^^^^^^^^^^^^^^^^^^^^
  File "C:\Users\LENOVO\Documents\CoinSeer\venv\Lib\site-packages\telegram\_bot.py", line 4601, in get_updates
    await self._post(
  File "C:\Users\LENOVO\Documents\CoinSeer\venv\Lib\site-packages\telegram\_bot.py", line 697, in _post
    return await self._do_post(
           ^^^^^^^^^^^^^^^^^^^^
  File "C:\Users\LENOVO\Documents\CoinSeer\venv\Lib\site-packages\telegram\ext\_extbot.py", line 369, in _do_post
    return await super()._do_post(
           ^^^^^^^^^^^^^^^^^^^^^^^
  File "C:\Users\LENOVO\Documents\CoinSeer\venv\Lib\site-packages\telegram\_bot.py", line 726, in _do_post
    result = await request.post(
             ^^^^^^^^^^^^^^^^^^^
  File "C:\Users\LENOVO\Documents\CoinSeer\venv\Lib\site-packages\telegram\request\_baserequest.py", line 197, in post
    result = await self._request_wrapper(
             ^^^^^^^^^^^^^^^^^^^^^^^^^^^^
  File "C:\Users\LENOVO\Documents\CoinSeer\venv\Lib\site-packages\telegram\request\_baserequest.py", line 355, in _request_wrapper
    raise Conflict(message)
telegram.error.Conflict: Conflict: terminated by other getUpdates request; make sure that only one bot instance is running
2025-07-28 13:35:37,388 - httpx - INFO - HTTP Request: POST https://api.telegram.org/bot7509807012:AAFn0026Mstf8DXx1HICJu36WhgkOWmIDP4/getUpdates "HTTP/1.1 200 OK"
2025-07-28 13:35:46,142 - apscheduler.executors.default - INFO - Running job "check_price_alerts (trigger: interval[0:01:00], next run at: 2025-07-28 12:36:46 UTC)" (scheduled at 2025-07-28 12:35:46.130707+00:00)
2025-07-28 13:35:46,145 - apscheduler.executors.default - INFO - Job "check_price_alerts (trigger: interval[0:01:00], next run at: 2025-07-28 12:36:46 UTC)" executed successfully
2025-07-28 13:35:46,159 - apscheduler.executors.default - INFO - Running job "check_volume_alerts (trigger: interval[0:05:00], next run at: 2025-07-28 12:40:46 UTC)" (scheduled at 2025-07-28 12:35:46.153148+00:00)
2025-07-28 13:35:46,163 - apscheduler.executors.default - INFO - Job "check_volume_alerts (trigger: interval[0:05:00], next run at: 2025-07-28 12:40:46 UTC)" executed successfully
2025-07-28 13:35:47,582 - httpx - INFO - HTTP Request: POST https://api.telegram.org/bot7509807012:AAFn0026Mstf8DXx1HICJu36WhgkOWmIDP4/getUpdates "HTTP/1.1 200 OK"
2025-07-28 13:35:57,843 - httpx - INFO - HTTP Request: POST https://api.telegram.org/bot7509807012:AAFn0026Mstf8DXx1HICJu36WhgkOWmIDP4/getUpdates "HTTP/1.1 200 OK"
2025-07-28 13:36:01,109 - httpx - INFO - HTTP Request: POST https://api.telegram.org/bot7509807012:AAFn0026Mstf8DXx1HICJu36WhgkOWmIDP4/getUpdates "HTTP/1.1 409 Conflict"
2025-07-28 13:36:01,114 - telegram.ext.Application - ERROR - No error handlers are registered, logging exception.
Traceback (most recent call last):
  File "C:\Users\LENOVO\Documents\CoinSeer\venv\Lib\site-packages\telegram\ext\_utils\networkloop.py", line 115, in network_retry_loop
    if not await do_action():
           ^^^^^^^^^^^^^^^^^
  File "C:\Users\LENOVO\Documents\CoinSeer\venv\Lib\site-packages\telegram\ext\_utils\networkloop.py", line 108, in do_action
    return action_cb_task.result()
           ^^^^^^^^^^^^^^^^^^^^^^^
  File "C:\Users\LENOVO\Documents\CoinSeer\venv\Lib\site-packages\telegram\ext\_updater.py", line 335, in polling_action_cb
    updates = await self.bot.get_updates(
              ^^^^^^^^^^^^^^^^^^^^^^^^^^^
  File "C:\Users\LENOVO\Documents\CoinSeer\venv\Lib\site-packages\telegram\ext\_extbot.py", line 669, in get_updates
    updates = await super().get_updates(
              ^^^^^^^^^^^^^^^^^^^^^^^^^^
  File "C:\Users\LENOVO\Documents\CoinSeer\venv\Lib\site-packages\telegram\_bot.py", line 4601, in get_updates
    await self._post(
  File "C:\Users\LENOVO\Documents\CoinSeer\venv\Lib\site-packages\telegram\_bot.py", line 697, in _post
    return await self._do_post(
           ^^^^^^^^^^^^^^^^^^^^
  File "C:\Users\LENOVO\Documents\CoinSeer\venv\Lib\site-packages\telegram\ext\_extbot.py", line 369, in _do_post
    return await super()._do_post(
           ^^^^^^^^^^^^^^^^^^^^^^^
  File "C:\Users\LENOVO\Documents\CoinSeer\venv\Lib\site-packages\telegram\_bot.py", line 726, in _do_post
    result = await request.post(
             ^^^^^^^^^^^^^^^^^^^
  File "C:\Users\LENOVO\Documents\CoinSeer\venv\Lib\site-packages\telegram\request\_baserequest.py", line 197, in post
    result = await self._request_wrapper(
             ^^^^^^^^^^^^^^^^^^^^^^^^^^^^
  File "C:\Users\LENOVO\Documents\CoinSeer\venv\Lib\site-packages\telegram\request\_baserequest.py", line 355, in _request_wrapper
    raise Conflict(message)
telegram.error.Conflict: Conflict: terminated by other getUpdates request; make sure that only one bot instance is running
2025-07-28 13:36:05,357 - httpx - INFO - HTTP Request: POST https://api.telegram.org/bot7509807012:AAFn0026Mstf8DXx1HICJu36WhgkOWmIDP4/getUpdates "HTTP/1.1 409 Conflict"
2025-07-28 13:36:05,360 - telegram.ext.Application - ERROR - No error handlers are registered, logging exception.
Traceback (most recent call last):
  File "C:\Users\LENOVO\Documents\CoinSeer\venv\Lib\site-packages\telegram\ext\_utils\networkloop.py", line 115, in network_retry_loop
    if not await do_action():
           ^^^^^^^^^^^^^^^^^
  File "C:\Users\LENOVO\Documents\CoinSeer\venv\Lib\site-packages\telegram\ext\_utils\networkloop.py", line 108, in do_action
    return action_cb_task.result()
           ^^^^^^^^^^^^^^^^^^^^^^^
  File "C:\Users\LENOVO\Documents\CoinSeer\venv\Lib\site-packages\telegram\ext\_updater.py", line 335, in polling_action_cb
    updates = await self.bot.get_updates(
              ^^^^^^^^^^^^^^^^^^^^^^^^^^^
  File "C:\Users\LENOVO\Documents\CoinSeer\venv\Lib\site-packages\telegram\ext\_extbot.py", line 669, in get_updates
    updates = await super().get_updates(
              ^^^^^^^^^^^^^^^^^^^^^^^^^^
  File "C:\Users\LENOVO\Documents\CoinSeer\venv\Lib\site-packages\telegram\_bot.py", line 4601, in get_updates
    await self._post(
  File "C:\Users\LENOVO\Documents\CoinSeer\venv\Lib\site-packages\telegram\_bot.py", line 697, in _post
    return await self._do_post(
           ^^^^^^^^^^^^^^^^^^^^
  File "C:\Users\LENOVO\Documents\CoinSeer\venv\Lib\site-packages\telegram\ext\_extbot.py", line 369, in _do_post
    return await super()._do_post(
           ^^^^^^^^^^^^^^^^^^^^^^^
  File "C:\Users\LENOVO\Documents\CoinSeer\venv\Lib\site-packages\telegram\_bot.py", line 726, in _do_post
    result = await request.post(
             ^^^^^^^^^^^^^^^^^^^
  File "C:\Users\LENOVO\Documents\CoinSeer\venv\Lib\site-packages\telegram\request\_baserequest.py", line 197, in post
    result = await self._request_wrapper(
             ^^^^^^^^^^^^^^^^^^^^^^^^^^^^
  File "C:\Users\LENOVO\Documents\CoinSeer\venv\Lib\site-packages\telegram\request\_baserequest.py", line 355, in _request_wrapper
    raise Conflict(message)
telegram.error.Conflict: Conflict: terminated by other getUpdates request; make sure that only one bot instance is running
2025-07-28 13:36:12,313 - httpx - INFO - HTTP Request: POST https://api.telegram.org/bot7509807012:AAFn0026Mstf8DXx1HICJu36WhgkOWmIDP4/getUpdates "HTTP/1.1 200 OK"
2025-07-28 13:36:22,509 - httpx - INFO - HTTP Request: POST https://api.telegram.org/bot7509807012:AAFn0026Mstf8DXx1HICJu36WhgkOWmIDP4/getUpdates "HTTP/1.1 200 OK"
2025-07-28 13:36:28,320 - apscheduler.executors.default - INFO - Running job "check_price_alerts (trigger: interval[0:01:00], next run at: 2025-07-28 12:37:28 UTC)" (scheduled at 2025-07-28 12:36:28.305486+00:00)
2025-07-28 13:36:28,327 - apscheduler.executors.default - INFO - Job "check_price_alerts (trigger: interval[0:01:00], next run at: 2025-07-28 12:37:28 UTC)" executed successfully
2025-07-28 13:36:32,696 - httpx - INFO - HTTP Request: POST https://api.telegram.org/bot7509807012:AAFn0026Mstf8DXx1HICJu36WhgkOWmIDP4/getUpdates "HTTP/1.1 200 OK"
2025-07-28 13:36:36,384 - httpx - INFO - HTTP Request: POST https://api.telegram.org/bot7509807012:AAFn0026Mstf8DXx1HICJu36WhgkOWmIDP4/getUpdates "HTTP/1.1 409 Conflict"
2025-07-28 13:36:36,388 - telegram.ext.Application - ERROR - No error handlers are registered, logging exception.
Traceback (most recent call last):
  File "C:\Users\LENOVO\Documents\CoinSeer\venv\Lib\site-packages\telegram\ext\_utils\networkloop.py", line 115, in network_retry_loop
    if not await do_action():
           ^^^^^^^^^^^^^^^^^
  File "C:\Users\LENOVO\Documents\CoinSeer\venv\Lib\site-packages\telegram\ext\_utils\networkloop.py", line 108, in do_action
    return action_cb_task.result()
           ^^^^^^^^^^^^^^^^^^^^^^^
  File "C:\Users\LENOVO\Documents\CoinSeer\venv\Lib\site-packages\telegram\ext\_updater.py", line 335, in polling_action_cb
    updates = await self.bot.get_updates(
              ^^^^^^^^^^^^^^^^^^^^^^^^^^^
  File "C:\Users\LENOVO\Documents\CoinSeer\venv\Lib\site-packages\telegram\ext\_extbot.py", line 669, in get_updates
    updates = await super().get_updates(
              ^^^^^^^^^^^^^^^^^^^^^^^^^^
  File "C:\Users\LENOVO\Documents\CoinSeer\venv\Lib\site-packages\telegram\_bot.py", line 4601, in get_updates
    await self._post(
  File "C:\Users\LENOVO\Documents\CoinSeer\venv\Lib\site-packages\telegram\_bot.py", line 697, in _post
    return await self._do_post(
           ^^^^^^^^^^^^^^^^^^^^
  File "C:\Users\LENOVO\Documents\CoinSeer\venv\Lib\site-packages\telegram\ext\_extbot.py", line 369, in _do_post
    return await super()._do_post(
           ^^^^^^^^^^^^^^^^^^^^^^^
  File "C:\Users\LENOVO\Documents\CoinSeer\venv\Lib\site-packages\telegram\_bot.py", line 726, in _do_post
    result = await request.post(
             ^^^^^^^^^^^^^^^^^^^
  File "C:\Users\LENOVO\Documents\CoinSeer\venv\Lib\site-packages\telegram\request\_baserequest.py", line 197, in post
    result = await self._request_wrapper(
             ^^^^^^^^^^^^^^^^^^^^^^^^^^^^
  File "C:\Users\LENOVO\Documents\CoinSeer\venv\Lib\site-packages\telegram\request\_baserequest.py", line 355, in _request_wrapper
    raise Conflict(message)
telegram.error.Conflict: Conflict: terminated by other getUpdates request; make sure that only one bot instance is running
2025-07-28 13:36:40,788 - httpx - INFO - HTTP Request: POST https://api.telegram.org/bot7509807012:AAFn0026Mstf8DXx1HICJu36WhgkOWmIDP4/getUpdates "HTTP/1.1 409 Conflict"
2025-07-28 13:36:40,791 - telegram.ext.Application - ERROR - No error handlers are registered, logging exception.
Traceback (most recent call last):
  File "C:\Users\LENOVO\Documents\CoinSeer\venv\Lib\site-packages\telegram\ext\_utils\networkloop.py", line 115, in network_retry_loop
    if not await do_action():
           ^^^^^^^^^^^^^^^^^
  File "C:\Users\LENOVO\Documents\CoinSeer\venv\Lib\site-packages\telegram\ext\_utils\networkloop.py", line 108, in do_action
    return action_cb_task.result()
           ^^^^^^^^^^^^^^^^^^^^^^^
  File "C:\Users\LENOVO\Documents\CoinSeer\venv\Lib\site-packages\telegram\ext\_updater.py", line 335, in polling_action_cb
    updates = await self.bot.get_updates(
              ^^^^^^^^^^^^^^^^^^^^^^^^^^^
  File "C:\Users\LENOVO\Documents\CoinSeer\venv\Lib\site-packages\telegram\ext\_extbot.py", line 669, in get_updates
    updates = await super().get_updates(
              ^^^^^^^^^^^^^^^^^^^^^^^^^^
  File "C:\Users\LENOVO\Documents\CoinSeer\venv\Lib\site-packages\telegram\_bot.py", line 4601, in get_updates
    await self._post(
  File "C:\Users\LENOVO\Documents\CoinSeer\venv\Lib\site-packages\telegram\_bot.py", line 697, in _post
    return await self._do_post(
           ^^^^^^^^^^^^^^^^^^^^
  File "C:\Users\LENOVO\Documents\CoinSeer\venv\Lib\site-packages\telegram\ext\_extbot.py", line 369, in _do_post
    return await super()._do_post(
           ^^^^^^^^^^^^^^^^^^^^^^^
  File "C:\Users\LENOVO\Documents\CoinSeer\venv\Lib\site-packages\telegram\_bot.py", line 726, in _do_post
    result = await request.post(
             ^^^^^^^^^^^^^^^^^^^
  File "C:\Users\LENOVO\Documents\CoinSeer\venv\Lib\site-packages\telegram\request\_baserequest.py", line 197, in post
    result = await self._request_wrapper(
             ^^^^^^^^^^^^^^^^^^^^^^^^^^^^
  File "C:\Users\LENOVO\Documents\CoinSeer\venv\Lib\site-packages\telegram\request\_baserequest.py", line 355, in _request_wrapper
    raise Conflict(message)
telegram.error.Conflict: Conflict: terminated by other getUpdates request; make sure that only one bot instance is running
2025-07-28 13:36:46,139 - apscheduler.executors.default - INFO - Running job "check_price_alerts (trigger: interval[0:01:00], next run at: 2025-07-28 12:37:46 UTC)" (scheduled at 2025-07-28 12:36:46.130707+00:00)
2025-07-28 13:36:46,144 - apscheduler.executors.default - INFO - Job "check_price_alerts (trigger: interval[0:01:00], next run at: 2025-07-28 12:37:46 UTC)" executed successfully
2025-07-28 13:36:47,646 - httpx - INFO - HTTP Request: POST https://api.telegram.org/bot7509807012:AAFn0026Mstf8DXx1HICJu36WhgkOWmIDP4/getUpdates "HTTP/1.1 200 OK"
2025-07-28 13:36:57,888 - httpx - INFO - HTTP Request: POST https://api.telegram.org/bot7509807012:AAFn0026Mstf8DXx1HICJu36WhgkOWmIDP4/getUpdates "HTTP/1.1 200 OK"
2025-07-28 13:37:08,131 - httpx - INFO - HTTP Request: POST https://api.telegram.org/bot7509807012:AAFn0026Mstf8DXx1HICJu36WhgkOWmIDP4/getUpdates "HTTP/1.1 200 OK"
2025-07-28 13:37:11,609 - httpx - INFO - HTTP Request: POST https://api.telegram.org/bot7509807012:AAFn0026Mstf8DXx1HICJu36WhgkOWmIDP4/getUpdates "HTTP/1.1 409 Conflict"
2025-07-28 13:37:11,613 - telegram.ext.Application - ERROR - No error handlers are registered, logging exception.
Traceback (most recent call last):
  File "C:\Users\LENOVO\Documents\CoinSeer\venv\Lib\site-packages\telegram\ext\_utils\networkloop.py", line 115, in network_retry_loop
    if not await do_action():
           ^^^^^^^^^^^^^^^^^
  File "C:\Users\LENOVO\Documents\CoinSeer\venv\Lib\site-packages\telegram\ext\_utils\networkloop.py", line 108, in do_action
    return action_cb_task.result()
           ^^^^^^^^^^^^^^^^^^^^^^^
  File "C:\Users\LENOVO\Documents\CoinSeer\venv\Lib\site-packages\telegram\ext\_updater.py", line 335, in polling_action_cb
    updates = await self.bot.get_updates(
              ^^^^^^^^^^^^^^^^^^^^^^^^^^^
  File "C:\Users\LENOVO\Documents\CoinSeer\venv\Lib\site-packages\telegram\ext\_extbot.py", line 669, in get_updates
    updates = await super().get_updates(
              ^^^^^^^^^^^^^^^^^^^^^^^^^^
  File "C:\Users\LENOVO\Documents\CoinSeer\venv\Lib\site-packages\telegram\_bot.py", line 4601, in get_updates
    await self._post(
  File "C:\Users\LENOVO\Documents\CoinSeer\venv\Lib\site-packages\telegram\_bot.py", line 697, in _post
    return await self._do_post(
           ^^^^^^^^^^^^^^^^^^^^
  File "C:\Users\LENOVO\Documents\CoinSeer\venv\Lib\site-packages\telegram\ext\_extbot.py", line 369, in _do_post
    return await super()._do_post(
           ^^^^^^^^^^^^^^^^^^^^^^^
  File "C:\Users\LENOVO\Documents\CoinSeer\venv\Lib\site-packages\telegram\_bot.py", line 726, in _do_post
    result = await request.post(
             ^^^^^^^^^^^^^^^^^^^
  File "C:\Users\LENOVO\Documents\CoinSeer\venv\Lib\site-packages\telegram\request\_baserequest.py", line 197, in post
    result = await self._request_wrapper(
             ^^^^^^^^^^^^^^^^^^^^^^^^^^^^
  File "C:\Users\LENOVO\Documents\CoinSeer\venv\Lib\site-packages\telegram\request\_baserequest.py", line 355, in _request_wrapper
    raise Conflict(message)
telegram.error.Conflict: Conflict: terminated by other getUpdates request; make sure that only one bot instance is running
2025-07-28 13:37:16,226 - httpx - INFO - HTTP Request: POST https://api.telegram.org/bot7509807012:AAFn0026Mstf8DXx1HICJu36WhgkOWmIDP4/getUpdates "HTTP/1.1 409 Conflict"
2025-07-28 13:37:16,229 - telegram.ext.Application - ERROR - No error handlers are registered, logging exception.
Traceback (most recent call last):
  File "C:\Users\LENOVO\Documents\CoinSeer\venv\Lib\site-packages\telegram\ext\_utils\networkloop.py", line 115, in network_retry_loop
    if not await do_action():
           ^^^^^^^^^^^^^^^^^
  File "C:\Users\LENOVO\Documents\CoinSeer\venv\Lib\site-packages\telegram\ext\_utils\networkloop.py", line 108, in do_action
    return action_cb_task.result()
           ^^^^^^^^^^^^^^^^^^^^^^^
  File "C:\Users\LENOVO\Documents\CoinSeer\venv\Lib\site-packages\telegram\ext\_updater.py", line 335, in polling_action_cb
    updates = await self.bot.get_updates(
              ^^^^^^^^^^^^^^^^^^^^^^^^^^^
  File "C:\Users\LENOVO\Documents\CoinSeer\venv\Lib\site-packages\telegram\ext\_extbot.py", line 669, in get_updates
    updates = await super().get_updates(
              ^^^^^^^^^^^^^^^^^^^^^^^^^^
  File "C:\Users\LENOVO\Documents\CoinSeer\venv\Lib\site-packages\telegram\_bot.py", line 4601, in get_updates
    await self._post(
  File "C:\Users\LENOVO\Documents\CoinSeer\venv\Lib\site-packages\telegram\_bot.py", line 697, in _post
    return await self._do_post(
           ^^^^^^^^^^^^^^^^^^^^
  File "C:\Users\LENOVO\Documents\CoinSeer\venv\Lib\site-packages\telegram\ext\_extbot.py", line 369, in _do_post
    return await super()._do_post(
           ^^^^^^^^^^^^^^^^^^^^^^^
  File "C:\Users\LENOVO\Documents\CoinSeer\venv\Lib\site-packages\telegram\_bot.py", line 726, in _do_post
    result = await request.post(
             ^^^^^^^^^^^^^^^^^^^
  File "C:\Users\LENOVO\Documents\CoinSeer\venv\Lib\site-packages\telegram\request\_baserequest.py", line 197, in post
    result = await self._request_wrapper(
             ^^^^^^^^^^^^^^^^^^^^^^^^^^^^
  File "C:\Users\LENOVO\Documents\CoinSeer\venv\Lib\site-packages\telegram\request\_baserequest.py", line 355, in _request_wrapper
    raise Conflict(message)
telegram.error.Conflict: Conflict: terminated by other getUpdates request; make sure that only one bot instance is running
2025-07-28 13:37:23,283 - httpx - INFO - HTTP Request: POST https://api.telegram.org/bot7509807012:AAFn0026Mstf8DXx1HICJu36WhgkOWmIDP4/getUpdates "HTTP/1.1 200 OK"
2025-07-28 13:37:28,319 - apscheduler.executors.default - INFO - Running job "check_price_alerts (trigger: interval[0:01:00], next run at: 2025-07-28 12:38:28 UTC)" (scheduled at 2025-07-28 12:37:28.305486+00:00)
2025-07-28 13:37:28,328 - apscheduler.executors.default - INFO - Job "check_price_alerts (trigger: interval[0:01:00], next run at: 2025-07-28 12:38:28 UTC)" executed successfully
2025-07-28 13:37:33,451 - httpx - INFO - HTTP Request: POST https://api.telegram.org/bot7509807012:AAFn0026Mstf8DXx1HICJu36WhgkOWmIDP4/getUpdates "HTTP/1.1 200 OK"
2025-07-28 13:37:43,760 - httpx - INFO - HTTP Request: POST https://api.telegram.org/bot7509807012:AAFn0026Mstf8DXx1HICJu36WhgkOWmIDP4/getUpdates "HTTP/1.1 200 OK"
2025-07-28 13:37:46,153 - apscheduler.executors.default - INFO - Running job "check_price_alerts (trigger: interval[0:01:00], next run at: 2025-07-28 12:38:46 UTC)" (scheduled at 2025-07-28 12:37:46.130707+00:00)
2025-07-28 13:37:46,177 - apscheduler.executors.default - INFO - Job "check_price_alerts (trigger: interval[0:01:00], next run at: 2025-07-28 12:38:46 UTC)" executed successfully
2025-07-28 13:37:46,781 - httpx - INFO - HTTP Request: POST https://api.telegram.org/bot7509807012:AAFn0026Mstf8DXx1HICJu36WhgkOWmIDP4/getUpdates "HTTP/1.1 409 Conflict"
2025-07-28 13:37:46,786 - telegram.ext.Application - ERROR - No error handlers are registered, logging exception.
Traceback (most recent call last):
  File "C:\Users\LENOVO\Documents\CoinSeer\venv\Lib\site-packages\telegram\ext\_utils\networkloop.py", line 115, in network_retry_loop
    if not await do_action():
           ^^^^^^^^^^^^^^^^^
  File "C:\Users\LENOVO\Documents\CoinSeer\venv\Lib\site-packages\telegram\ext\_utils\networkloop.py", line 108, in do_action
    return action_cb_task.result()
           ^^^^^^^^^^^^^^^^^^^^^^^
  File "C:\Users\LENOVO\Documents\CoinSeer\venv\Lib\site-packages\telegram\ext\_updater.py", line 335, in polling_action_cb
    updates = await self.bot.get_updates(
              ^^^^^^^^^^^^^^^^^^^^^^^^^^^
  File "C:\Users\LENOVO\Documents\CoinSeer\venv\Lib\site-packages\telegram\ext\_extbot.py", line 669, in get_updates
    updates = await super().get_updates(
              ^^^^^^^^^^^^^^^^^^^^^^^^^^
  File "C:\Users\LENOVO\Documents\CoinSeer\venv\Lib\site-packages\telegram\_bot.py", line 4601, in get_updates
    await self._post(
  File "C:\Users\LENOVO\Documents\CoinSeer\venv\Lib\site-packages\telegram\_bot.py", line 697, in _post
    return await self._do_post(
           ^^^^^^^^^^^^^^^^^^^^
  File "C:\Users\LENOVO\Documents\CoinSeer\venv\Lib\site-packages\telegram\ext\_extbot.py", line 369, in _do_post
    return await super()._do_post(
           ^^^^^^^^^^^^^^^^^^^^^^^
  File "C:\Users\LENOVO\Documents\CoinSeer\venv\Lib\site-packages\telegram\_bot.py", line 726, in _do_post
    result = await request.post(
             ^^^^^^^^^^^^^^^^^^^
  File "C:\Users\LENOVO\Documents\CoinSeer\venv\Lib\site-packages\telegram\request\_baserequest.py", line 197, in post
    result = await self._request_wrapper(
             ^^^^^^^^^^^^^^^^^^^^^^^^^^^^
  File "C:\Users\LENOVO\Documents\CoinSeer\venv\Lib\site-packages\telegram\request\_baserequest.py", line 355, in _request_wrapper
    raise Conflict(message)
telegram.error.Conflict: Conflict: terminated by other getUpdates request; make sure that only one bot instance is running
2025-07-28 13:37:51,135 - httpx - INFO - HTTP Request: POST https://api.telegram.org/bot7509807012:AAFn0026Mstf8DXx1HICJu36WhgkOWmIDP4/getUpdates "HTTP/1.1 409 Conflict"
2025-07-28 13:37:51,138 - telegram.ext.Application - ERROR - No error handlers are registered, logging exception.
Traceback (most recent call last):
  File "C:\Users\LENOVO\Documents\CoinSeer\venv\Lib\site-packages\telegram\ext\_utils\networkloop.py", line 115, in network_retry_loop
    if not await do_action():
           ^^^^^^^^^^^^^^^^^
  File "C:\Users\LENOVO\Documents\CoinSeer\venv\Lib\site-packages\telegram\ext\_utils\networkloop.py", line 108, in do_action
    return action_cb_task.result()
           ^^^^^^^^^^^^^^^^^^^^^^^
  File "C:\Users\LENOVO\Documents\CoinSeer\venv\Lib\site-packages\telegram\ext\_updater.py", line 335, in polling_action_cb
    updates = await self.bot.get_updates(
              ^^^^^^^^^^^^^^^^^^^^^^^^^^^
  File "C:\Users\LENOVO\Documents\CoinSeer\venv\Lib\site-packages\telegram\ext\_extbot.py", line 669, in get_updates
    updates = await super().get_updates(
              ^^^^^^^^^^^^^^^^^^^^^^^^^^
  File "C:\Users\LENOVO\Documents\CoinSeer\venv\Lib\site-packages\telegram\_bot.py", line 4601, in get_updates
    await self._post(
  File "C:\Users\LENOVO\Documents\CoinSeer\venv\Lib\site-packages\telegram\_bot.py", line 697, in _post
    return await self._do_post(
           ^^^^^^^^^^^^^^^^^^^^
  File "C:\Users\LENOVO\Documents\CoinSeer\venv\Lib\site-packages\telegram\ext\_extbot.py", line 369, in _do_post
    return await super()._do_post(
           ^^^^^^^^^^^^^^^^^^^^^^^
  File "C:\Users\LENOVO\Documents\CoinSeer\venv\Lib\site-packages\telegram\_bot.py", line 726, in _do_post
    result = await request.post(
             ^^^^^^^^^^^^^^^^^^^
  File "C:\Users\LENOVO\Documents\CoinSeer\venv\Lib\site-packages\telegram\request\_baserequest.py", line 197, in post
    result = await self._request_wrapper(
             ^^^^^^^^^^^^^^^^^^^^^^^^^^^^
  File "C:\Users\LENOVO\Documents\CoinSeer\venv\Lib\site-packages\telegram\request\_baserequest.py", line 355, in _request_wrapper
    raise Conflict(message)
telegram.error.Conflict: Conflict: terminated by other getUpdates request; make sure that only one bot instance is running
2025-07-28 13:37:58,105 - httpx - INFO - HTTP Request: POST https://api.telegram.org/bot7509807012:AAFn0026Mstf8DXx1HICJu36WhgkOWmIDP4/getUpdates "HTTP/1.1 200 OK"
2025-07-28 13:38:08,337 - httpx - INFO - HTTP Request: POST https://api.telegram.org/bot7509807012:AAFn0026Mstf8DXx1HICJu36WhgkOWmIDP4/getUpdates "HTTP/1.1 200 OK"
2025-07-28 13:38:18,577 - httpx - INFO - HTTP Request: POST https://api.telegram.org/bot7509807012:AAFn0026Mstf8DXx1HICJu36WhgkOWmIDP4/getUpdates "HTTP/1.1 200 OK"
2025-07-28 13:38:21,866 - httpx - INFO - HTTP Request: POST https://api.telegram.org/bot7509807012:AAFn0026Mstf8DXx1HICJu36WhgkOWmIDP4/getUpdates "HTTP/1.1 409 Conflict"
2025-07-28 13:38:21,868 - telegram.ext.Application - ERROR - No error handlers are registered, logging exception.
Traceback (most recent call last):
  File "C:\Users\LENOVO\Documents\CoinSeer\venv\Lib\site-packages\telegram\ext\_utils\networkloop.py", line 115, in network_retry_loop
    if not await do_action():
           ^^^^^^^^^^^^^^^^^
  File "C:\Users\LENOVO\Documents\CoinSeer\venv\Lib\site-packages\telegram\ext\_utils\networkloop.py", line 108, in do_action
    return action_cb_task.result()
           ^^^^^^^^^^^^^^^^^^^^^^^
  File "C:\Users\LENOVO\Documents\CoinSeer\venv\Lib\site-packages\telegram\ext\_updater.py", line 335, in polling_action_cb
    updates = await self.bot.get_updates(
              ^^^^^^^^^^^^^^^^^^^^^^^^^^^
  File "C:\Users\LENOVO\Documents\CoinSeer\venv\Lib\site-packages\telegram\ext\_extbot.py", line 669, in get_updates
    updates = await super().get_updates(
              ^^^^^^^^^^^^^^^^^^^^^^^^^^
  File "C:\Users\LENOVO\Documents\CoinSeer\venv\Lib\site-packages\telegram\_bot.py", line 4601, in get_updates
    await self._post(
  File "C:\Users\LENOVO\Documents\CoinSeer\venv\Lib\site-packages\telegram\_bot.py", line 697, in _post
    return await self._do_post(
           ^^^^^^^^^^^^^^^^^^^^
  File "C:\Users\LENOVO\Documents\CoinSeer\venv\Lib\site-packages\telegram\ext\_extbot.py", line 369, in _do_post
    return await super()._do_post(
           ^^^^^^^^^^^^^^^^^^^^^^^
  File "C:\Users\LENOVO\Documents\CoinSeer\venv\Lib\site-packages\telegram\_bot.py", line 726, in _do_post
    result = await request.post(
             ^^^^^^^^^^^^^^^^^^^
  File "C:\Users\LENOVO\Documents\CoinSeer\venv\Lib\site-packages\telegram\request\_baserequest.py", line 197, in post
    result = await self._request_wrapper(
             ^^^^^^^^^^^^^^^^^^^^^^^^^^^^
  File "C:\Users\LENOVO\Documents\CoinSeer\venv\Lib\site-packages\telegram\request\_baserequest.py", line 355, in _request_wrapper
    raise Conflict(message)
telegram.error.Conflict: Conflict: terminated by other getUpdates request; make sure that only one bot instance is running
2025-07-28 13:38:26,154 - httpx - INFO - HTTP Request: POST https://api.telegram.org/bot7509807012:AAFn0026Mstf8DXx1HICJu36WhgkOWmIDP4/getUpdates "HTTP/1.1 409 Conflict"
2025-07-28 13:38:26,157 - telegram.ext.Application - ERROR - No error handlers are registered, logging exception.
Traceback (most recent call last):
  File "C:\Users\LENOVO\Documents\CoinSeer\venv\Lib\site-packages\telegram\ext\_utils\networkloop.py", line 115, in network_retry_loop
    if not await do_action():
           ^^^^^^^^^^^^^^^^^
  File "C:\Users\LENOVO\Documents\CoinSeer\venv\Lib\site-packages\telegram\ext\_utils\networkloop.py", line 108, in do_action
    return action_cb_task.result()
           ^^^^^^^^^^^^^^^^^^^^^^^
  File "C:\Users\LENOVO\Documents\CoinSeer\venv\Lib\site-packages\telegram\ext\_updater.py", line 335, in polling_action_cb
    updates = await self.bot.get_updates(
              ^^^^^^^^^^^^^^^^^^^^^^^^^^^
  File "C:\Users\LENOVO\Documents\CoinSeer\venv\Lib\site-packages\telegram\ext\_extbot.py", line 669, in get_updates
    updates = await super().get_updates(
              ^^^^^^^^^^^^^^^^^^^^^^^^^^
  File "C:\Users\LENOVO\Documents\CoinSeer\venv\Lib\site-packages\telegram\_bot.py", line 4601, in get_updates
    await self._post(
  File "C:\Users\LENOVO\Documents\CoinSeer\venv\Lib\site-packages\telegram\_bot.py", line 697, in _post
    return await self._do_post(
           ^^^^^^^^^^^^^^^^^^^^
  File "C:\Users\LENOVO\Documents\CoinSeer\venv\Lib\site-packages\telegram\ext\_extbot.py", line 369, in _do_post
    return await super()._do_post(
           ^^^^^^^^^^^^^^^^^^^^^^^
  File "C:\Users\LENOVO\Documents\CoinSeer\venv\Lib\site-packages\telegram\_bot.py", line 726, in _do_post
    result = await request.post(
             ^^^^^^^^^^^^^^^^^^^
  File "C:\Users\LENOVO\Documents\CoinSeer\venv\Lib\site-packages\telegram\request\_baserequest.py", line 197, in post
    result = await self._request_wrapper(
             ^^^^^^^^^^^^^^^^^^^^^^^^^^^^
  File "C:\Users\LENOVO\Documents\CoinSeer\venv\Lib\site-packages\telegram\request\_baserequest.py", line 355, in _request_wrapper
    raise Conflict(message)
telegram.error.Conflict: Conflict: terminated by other getUpdates request; make sure that only one bot instance is running
2025-07-28 13:38:28,316 - apscheduler.executors.default - INFO - Running job "check_price_alerts (trigger: interval[0:01:00], next run at: 2025-07-28 12:39:28 UTC)" (scheduled at 2025-07-28 12:38:28.305486+00:00)
2025-07-28 13:38:28,322 - apscheduler.executors.default - INFO - Job "check_price_alerts (trigger: interval[0:01:00], next run at: 2025-07-28 12:39:28 UTC)" executed successfully
2025-07-28 13:38:28,323 - apscheduler.executors.default - INFO - Running job "check_volume_alerts (trigger: interval[0:05:00], next run at: 2025-07-28 12:43:28 UTC)" (scheduled at 2025-07-28 12:38:28.306482+00:00)
2025-07-28 13:38:28,328 - apscheduler.executors.default - INFO - Job "check_volume_alerts (trigger: interval[0:05:00], next run at: 2025-07-28 12:43:28 UTC)" executed successfully
2025-07-28 13:38:33,137 - httpx - INFO - HTTP Request: POST https://api.telegram.org/bot7509807012:AAFn0026Mstf8DXx1HICJu36WhgkOWmIDP4/getUpdates "HTTP/1.1 200 OK"
2025-07-28 13:38:43,459 - httpx - INFO - HTTP Request: POST https://api.telegram.org/bot7509807012:AAFn0026Mstf8DXx1HICJu36WhgkOWmIDP4/getUpdates "HTTP/1.1 200 OK"
2025-07-28 13:38:46,146 - apscheduler.executors.default - INFO - Running job "check_price_alerts (trigger: interval[0:01:00], next run at: 2025-07-28 12:39:46 UTC)" (scheduled at 2025-07-28 12:38:46.130707+00:00)
2025-07-28 13:38:46,151 - apscheduler.executors.default - INFO - Job "check_price_alerts (trigger: interval[0:01:00], next run at: 2025-07-28 12:39:46 UTC)" executed successfully
2025-07-28 13:38:53,698 - httpx - INFO - HTTP Request: POST https://api.telegram.org/bot7509807012:AAFn0026Mstf8DXx1HICJu36WhgkOWmIDP4/getUpdates "HTTP/1.1 200 OK"
2025-07-28 13:38:56,979 - httpx - INFO - HTTP Request: POST https://api.telegram.org/bot7509807012:AAFn0026Mstf8DXx1HICJu36WhgkOWmIDP4/getUpdates "HTTP/1.1 409 Conflict"
2025-07-28 13:38:56,981 - telegram.ext.Application - ERROR - No error handlers are registered, logging exception.
Traceback (most recent call last):
  File "C:\Users\LENOVO\Documents\CoinSeer\venv\Lib\site-packages\telegram\ext\_utils\networkloop.py", line 115, in network_retry_loop
    if not await do_action():
           ^^^^^^^^^^^^^^^^^
  File "C:\Users\LENOVO\Documents\CoinSeer\venv\Lib\site-packages\telegram\ext\_utils\networkloop.py", line 108, in do_action
    return action_cb_task.result()
           ^^^^^^^^^^^^^^^^^^^^^^^
  File "C:\Users\LENOVO\Documents\CoinSeer\venv\Lib\site-packages\telegram\ext\_updater.py", line 335, in polling_action_cb
    updates = await self.bot.get_updates(
              ^^^^^^^^^^^^^^^^^^^^^^^^^^^
  File "C:\Users\LENOVO\Documents\CoinSeer\venv\Lib\site-packages\telegram\ext\_extbot.py", line 669, in get_updates
    updates = await super().get_updates(
              ^^^^^^^^^^^^^^^^^^^^^^^^^^
  File "C:\Users\LENOVO\Documents\CoinSeer\venv\Lib\site-packages\telegram\_bot.py", line 4601, in get_updates
    await self._post(
  File "C:\Users\LENOVO\Documents\CoinSeer\venv\Lib\site-packages\telegram\_bot.py", line 697, in _post
    return await self._do_post(
           ^^^^^^^^^^^^^^^^^^^^
  File "C:\Users\LENOVO\Documents\CoinSeer\venv\Lib\site-packages\telegram\ext\_extbot.py", line 369, in _do_post
    return await super()._do_post(
           ^^^^^^^^^^^^^^^^^^^^^^^
  File "C:\Users\LENOVO\Documents\CoinSeer\venv\Lib\site-packages\telegram\_bot.py", line 726, in _do_post
    result = await request.post(
             ^^^^^^^^^^^^^^^^^^^
  File "C:\Users\LENOVO\Documents\CoinSeer\venv\Lib\site-packages\telegram\request\_baserequest.py", line 197, in post
    result = await self._request_wrapper(
             ^^^^^^^^^^^^^^^^^^^^^^^^^^^^
  File "C:\Users\LENOVO\Documents\CoinSeer\venv\Lib\site-packages\telegram\request\_baserequest.py", line 355, in _request_wrapper
    raise Conflict(message)
telegram.error.Conflict: Conflict: terminated by other getUpdates request; make sure that only one bot instance is running
2025-07-28 13:39:01,193 - httpx - INFO - HTTP Request: POST https://api.telegram.org/bot7509807012:AAFn0026Mstf8DXx1HICJu36WhgkOWmIDP4/getUpdates "HTTP/1.1 409 Conflict"
2025-07-28 13:39:01,195 - telegram.ext.Application - ERROR - No error handlers are registered, logging exception.
Traceback (most recent call last):
  File "C:\Users\LENOVO\Documents\CoinSeer\venv\Lib\site-packages\telegram\ext\_utils\networkloop.py", line 115, in network_retry_loop
    if not await do_action():
           ^^^^^^^^^^^^^^^^^
  File "C:\Users\LENOVO\Documents\CoinSeer\venv\Lib\site-packages\telegram\ext\_utils\networkloop.py", line 108, in do_action
    return action_cb_task.result()
           ^^^^^^^^^^^^^^^^^^^^^^^
  File "C:\Users\LENOVO\Documents\CoinSeer\venv\Lib\site-packages\telegram\ext\_updater.py", line 335, in polling_action_cb
    updates = await self.bot.get_updates(
              ^^^^^^^^^^^^^^^^^^^^^^^^^^^
  File "C:\Users\LENOVO\Documents\CoinSeer\venv\Lib\site-packages\telegram\ext\_extbot.py", line 669, in get_updates
    updates = await super().get_updates(
              ^^^^^^^^^^^^^^^^^^^^^^^^^^
  File "C:\Users\LENOVO\Documents\CoinSeer\venv\Lib\site-packages\telegram\_bot.py", line 4601, in get_updates
    await self._post(
  File "C:\Users\LENOVO\Documents\CoinSeer\venv\Lib\site-packages\telegram\_bot.py", line 697, in _post
    return await self._do_post(
           ^^^^^^^^^^^^^^^^^^^^
  File "C:\Users\LENOVO\Documents\CoinSeer\venv\Lib\site-packages\telegram\ext\_extbot.py", line 369, in _do_post
    return await super()._do_post(
           ^^^^^^^^^^^^^^^^^^^^^^^
  File "C:\Users\LENOVO\Documents\CoinSeer\venv\Lib\site-packages\telegram\_bot.py", line 726, in _do_post
    result = await request.post(
             ^^^^^^^^^^^^^^^^^^^
  File "C:\Users\LENOVO\Documents\CoinSeer\venv\Lib\site-packages\telegram\request\_baserequest.py", line 197, in post
    result = await self._request_wrapper(
             ^^^^^^^^^^^^^^^^^^^^^^^^^^^^
  File "C:\Users\LENOVO\Documents\CoinSeer\venv\Lib\site-packages\telegram\request\_baserequest.py", line 355, in _request_wrapper
    raise Conflict(message)
telegram.error.Conflict: Conflict: terminated by other getUpdates request; make sure that only one bot instance is running
2025-07-28 13:39:08,239 - httpx - INFO - HTTP Request: POST https://api.telegram.org/bot7509807012:AAFn0026Mstf8DXx1HICJu36WhgkOWmIDP4/getUpdates "HTTP/1.1 200 OK"
2025-07-28 13:39:18,412 - httpx - INFO - HTTP Request: POST https://api.telegram.org/bot7509807012:AAFn0026Mstf8DXx1HICJu36WhgkOWmIDP4/getUpdates "HTTP/1.1 200 OK"
2025-07-28 13:39:28,307 - apscheduler.executors.default - INFO - Running job "check_price_alerts (trigger: interval[0:01:00], next run at: 2025-07-28 12:40:28 UTC)" (scheduled at 2025-07-28 12:39:28.305486+00:00)
2025-07-28 13:39:28,310 - apscheduler.executors.default - INFO - Job "check_price_alerts (trigger: interval[0:01:00], next run at: 2025-07-28 12:40:28 UTC)" executed successfully
2025-07-28 13:39:28,619 - httpx - INFO - HTTP Request: POST https://api.telegram.org/bot7509807012:AAFn0026Mstf8DXx1HICJu36WhgkOWmIDP4/getUpdates "HTTP/1.1 200 OK"
2025-07-28 13:39:32,311 - httpx - INFO - HTTP Request: POST https://api.telegram.org/bot7509807012:AAFn0026Mstf8DXx1HICJu36WhgkOWmIDP4/getUpdates "HTTP/1.1 409 Conflict"
2025-07-28 13:39:32,313 - telegram.ext.Application - ERROR - No error handlers are registered, logging exception.
Traceback (most recent call last):
  File "C:\Users\LENOVO\Documents\CoinSeer\venv\Lib\site-packages\telegram\ext\_utils\networkloop.py", line 115, in network_retry_loop
    if not await do_action():
           ^^^^^^^^^^^^^^^^^
  File "C:\Users\LENOVO\Documents\CoinSeer\venv\Lib\site-packages\telegram\ext\_utils\networkloop.py", line 108, in do_action
    return action_cb_task.result()
           ^^^^^^^^^^^^^^^^^^^^^^^
  File "C:\Users\LENOVO\Documents\CoinSeer\venv\Lib\site-packages\telegram\ext\_updater.py", line 335, in polling_action_cb
    updates = await self.bot.get_updates(
              ^^^^^^^^^^^^^^^^^^^^^^^^^^^
  File "C:\Users\LENOVO\Documents\CoinSeer\venv\Lib\site-packages\telegram\ext\_extbot.py", line 669, in get_updates
    updates = await super().get_updates(
              ^^^^^^^^^^^^^^^^^^^^^^^^^^
  File "C:\Users\LENOVO\Documents\CoinSeer\venv\Lib\site-packages\telegram\_bot.py", line 4601, in get_updates
    await self._post(
  File "C:\Users\LENOVO\Documents\CoinSeer\venv\Lib\site-packages\telegram\_bot.py", line 697, in _post
    return await self._do_post(
           ^^^^^^^^^^^^^^^^^^^^
  File "C:\Users\LENOVO\Documents\CoinSeer\venv\Lib\site-packages\telegram\ext\_extbot.py", line 369, in _do_post
    return await super()._do_post(
           ^^^^^^^^^^^^^^^^^^^^^^^
  File "C:\Users\LENOVO\Documents\CoinSeer\venv\Lib\site-packages\telegram\_bot.py", line 726, in _do_post
    result = await request.post(
             ^^^^^^^^^^^^^^^^^^^
  File "C:\Users\LENOVO\Documents\CoinSeer\venv\Lib\site-packages\telegram\request\_baserequest.py", line 197, in post
    result = await self._request_wrapper(
             ^^^^^^^^^^^^^^^^^^^^^^^^^^^^
  File "C:\Users\LENOVO\Documents\CoinSeer\venv\Lib\site-packages\telegram\request\_baserequest.py", line 355, in _request_wrapper
    raise Conflict(message)
telegram.error.Conflict: Conflict: terminated by other getUpdates request; make sure that only one bot instance is running
2025-07-28 13:39:36,572 - httpx - INFO - HTTP Request: POST https://api.telegram.org/bot7509807012:AAFn0026Mstf8DXx1HICJu36WhgkOWmIDP4/getUpdates "HTTP/1.1 409 Conflict"
2025-07-28 13:39:36,576 - telegram.ext.Application - ERROR - No error handlers are registered, logging exception.
Traceback (most recent call last):
  File "C:\Users\LENOVO\Documents\CoinSeer\venv\Lib\site-packages\telegram\ext\_utils\networkloop.py", line 115, in network_retry_loop
    if not await do_action():
           ^^^^^^^^^^^^^^^^^
  File "C:\Users\LENOVO\Documents\CoinSeer\venv\Lib\site-packages\telegram\ext\_utils\networkloop.py", line 108, in do_action
    return action_cb_task.result()
           ^^^^^^^^^^^^^^^^^^^^^^^
  File "C:\Users\LENOVO\Documents\CoinSeer\venv\Lib\site-packages\telegram\ext\_updater.py", line 335, in polling_action_cb
    updates = await self.bot.get_updates(
              ^^^^^^^^^^^^^^^^^^^^^^^^^^^
  File "C:\Users\LENOVO\Documents\CoinSeer\venv\Lib\site-packages\telegram\ext\_extbot.py", line 669, in get_updates
    updates = await super().get_updates(
              ^^^^^^^^^^^^^^^^^^^^^^^^^^
  File "C:\Users\LENOVO\Documents\CoinSeer\venv\Lib\site-packages\telegram\_bot.py", line 4601, in get_updates
    await self._post(
  File "C:\Users\LENOVO\Documents\CoinSeer\venv\Lib\site-packages\telegram\_bot.py", line 697, in _post
    return await self._do_post(
           ^^^^^^^^^^^^^^^^^^^^
  File "C:\Users\LENOVO\Documents\CoinSeer\venv\Lib\site-packages\telegram\ext\_extbot.py", line 369, in _do_post
    return await super()._do_post(
           ^^^^^^^^^^^^^^^^^^^^^^^
  File "C:\Users\LENOVO\Documents\CoinSeer\venv\Lib\site-packages\telegram\_bot.py", line 726, in _do_post
    result = await request.post(
             ^^^^^^^^^^^^^^^^^^^
  File "C:\Users\LENOVO\Documents\CoinSeer\venv\Lib\site-packages\telegram\request\_baserequest.py", line 197, in post
    result = await self._request_wrapper(
             ^^^^^^^^^^^^^^^^^^^^^^^^^^^^
  File "C:\Users\LENOVO\Documents\CoinSeer\venv\Lib\site-packages\telegram\request\_baserequest.py", line 355, in _request_wrapper
    raise Conflict(message)
telegram.error.Conflict: Conflict: terminated by other getUpdates request; make sure that only one bot instance is running
2025-07-28 13:39:43,568 - httpx - INFO - HTTP Request: POST https://api.telegram.org/bot7509807012:AAFn0026Mstf8DXx1HICJu36WhgkOWmIDP4/getUpdates "HTTP/1.1 200 OK"
2025-07-28 13:39:46,133 - apscheduler.executors.default - INFO - Running job "check_price_alerts (trigger: interval[0:01:00], next run at: 2025-07-28 12:40:46 UTC)" (scheduled at 2025-07-28 12:39:46.130707+00:00)
2025-07-28 13:39:46,139 - apscheduler.executors.default - INFO - Job "check_price_alerts (trigger: interval[0:01:00], next run at: 2025-07-28 12:40:46 UTC)" executed successfully
2025-07-28 13:39:53,814 - httpx - INFO - HTTP Request: POST https://api.telegram.org/bot7509807012:AAFn0026Mstf8DXx1HICJu36WhgkOWmIDP4/getUpdates "HTTP/1.1 200 OK"
2025-07-28 13:40:04,047 - httpx - INFO - HTTP Request: POST https://api.telegram.org/bot7509807012:AAFn0026Mstf8DXx1HICJu36WhgkOWmIDP4/getUpdates "HTTP/1.1 200 OK"
2025-07-28 13:40:07,527 - httpx - INFO - HTTP Request: POST https://api.telegram.org/bot7509807012:AAFn0026Mstf8DXx1HICJu36WhgkOWmIDP4/getUpdates "HTTP/1.1 409 Conflict"
2025-07-28 13:40:07,531 - telegram.ext.Application - ERROR - No error handlers are registered, logging exception.
Traceback (most recent call last):
  File "C:\Users\LENOVO\Documents\CoinSeer\venv\Lib\site-packages\telegram\ext\_utils\networkloop.py", line 115, in network_retry_loop
    if not await do_action():
           ^^^^^^^^^^^^^^^^^
  File "C:\Users\LENOVO\Documents\CoinSeer\venv\Lib\site-packages\telegram\ext\_utils\networkloop.py", line 108, in do_action
    return action_cb_task.result()
           ^^^^^^^^^^^^^^^^^^^^^^^
  File "C:\Users\LENOVO\Documents\CoinSeer\venv\Lib\site-packages\telegram\ext\_updater.py", line 335, in polling_action_cb
    updates = await self.bot.get_updates(
              ^^^^^^^^^^^^^^^^^^^^^^^^^^^
  File "C:\Users\LENOVO\Documents\CoinSeer\venv\Lib\site-packages\telegram\ext\_extbot.py", line 669, in get_updates
    updates = await super().get_updates(
              ^^^^^^^^^^^^^^^^^^^^^^^^^^
  File "C:\Users\LENOVO\Documents\CoinSeer\venv\Lib\site-packages\telegram\_bot.py", line 4601, in get_updates
    await self._post(
  File "C:\Users\LENOVO\Documents\CoinSeer\venv\Lib\site-packages\telegram\_bot.py", line 697, in _post
    return await self._do_post(
           ^^^^^^^^^^^^^^^^^^^^
  File "C:\Users\LENOVO\Documents\CoinSeer\venv\Lib\site-packages\telegram\ext\_extbot.py", line 369, in _do_post
    return await super()._do_post(
           ^^^^^^^^^^^^^^^^^^^^^^^
  File "C:\Users\LENOVO\Documents\CoinSeer\venv\Lib\site-packages\telegram\_bot.py", line 726, in _do_post
    result = await request.post(
             ^^^^^^^^^^^^^^^^^^^
  File "C:\Users\LENOVO\Documents\CoinSeer\venv\Lib\site-packages\telegram\request\_baserequest.py", line 197, in post
    result = await self._request_wrapper(
             ^^^^^^^^^^^^^^^^^^^^^^^^^^^^
  File "C:\Users\LENOVO\Documents\CoinSeer\venv\Lib\site-packages\telegram\request\_baserequest.py", line 355, in _request_wrapper
    raise Conflict(message)
telegram.error.Conflict: Conflict: terminated by other getUpdates request; make sure that only one bot instance is running
2025-07-28 13:40:11,933 - httpx - INFO - HTTP Request: POST https://api.telegram.org/bot7509807012:AAFn0026Mstf8DXx1HICJu36WhgkOWmIDP4/getUpdates "HTTP/1.1 409 Conflict"
2025-07-28 13:40:11,936 - telegram.ext.Application - ERROR - No error handlers are registered, logging exception.
Traceback (most recent call last):
  File "C:\Users\LENOVO\Documents\CoinSeer\venv\Lib\site-packages\telegram\ext\_utils\networkloop.py", line 115, in network_retry_loop
    if not await do_action():
           ^^^^^^^^^^^^^^^^^
  File "C:\Users\LENOVO\Documents\CoinSeer\venv\Lib\site-packages\telegram\ext\_utils\networkloop.py", line 108, in do_action
    return action_cb_task.result()
           ^^^^^^^^^^^^^^^^^^^^^^^
  File "C:\Users\LENOVO\Documents\CoinSeer\venv\Lib\site-packages\telegram\ext\_updater.py", line 335, in polling_action_cb
    updates = await self.bot.get_updates(
              ^^^^^^^^^^^^^^^^^^^^^^^^^^^
  File "C:\Users\LENOVO\Documents\CoinSeer\venv\Lib\site-packages\telegram\ext\_extbot.py", line 669, in get_updates
    updates = await super().get_updates(
              ^^^^^^^^^^^^^^^^^^^^^^^^^^
  File "C:\Users\LENOVO\Documents\CoinSeer\venv\Lib\site-packages\telegram\_bot.py", line 4601, in get_updates
    await self._post(
  File "C:\Users\LENOVO\Documents\CoinSeer\venv\Lib\site-packages\telegram\_bot.py", line 697, in _post
    return await self._do_post(
           ^^^^^^^^^^^^^^^^^^^^
  File "C:\Users\LENOVO\Documents\CoinSeer\venv\Lib\site-packages\telegram\ext\_extbot.py", line 369, in _do_post
    return await super()._do_post(
           ^^^^^^^^^^^^^^^^^^^^^^^
  File "C:\Users\LENOVO\Documents\CoinSeer\venv\Lib\site-packages\telegram\_bot.py", line 726, in _do_post
    result = await request.post(
             ^^^^^^^^^^^^^^^^^^^
  File "C:\Users\LENOVO\Documents\CoinSeer\venv\Lib\site-packages\telegram\request\_baserequest.py", line 197, in post
    result = await self._request_wrapper(
             ^^^^^^^^^^^^^^^^^^^^^^^^^^^^
  File "C:\Users\LENOVO\Documents\CoinSeer\venv\Lib\site-packages\telegram\request\_baserequest.py", line 355, in _request_wrapper
    raise Conflict(message)
telegram.error.Conflict: Conflict: terminated by other getUpdates request; make sure that only one bot instance is running
2025-07-28 13:40:18,994 - httpx - INFO - HTTP Request: POST https://api.telegram.org/bot7509807012:AAFn0026Mstf8DXx1HICJu36WhgkOWmIDP4/getUpdates "HTTP/1.1 200 OK"
2025-07-28 13:40:28,314 - apscheduler.executors.default - INFO - Running job "check_price_alerts (trigger: interval[0:01:00], next run at: 2025-07-28 12:41:28 UTC)" (scheduled at 2025-07-28 12:40:28.305486+00:00)
2025-07-28 13:40:28,319 - apscheduler.executors.default - INFO - Job "check_price_alerts (trigger: interval[0:01:00], next run at: 2025-07-28 12:41:28 UTC)" executed successfully
2025-07-28 13:40:29,208 - httpx - INFO - HTTP Request: POST https://api.telegram.org/bot7509807012:AAFn0026Mstf8DXx1HICJu36WhgkOWmIDP4/getUpdates "HTTP/1.1 200 OK"
2025-07-28 13:40:39,384 - httpx - INFO - HTTP Request: POST https://api.telegram.org/bot7509807012:AAFn0026Mstf8DXx1HICJu36WhgkOWmIDP4/getUpdates "HTTP/1.1 200 OK"
2025-07-28 13:40:42,856 - httpx - INFO - HTTP Request: POST https://api.telegram.org/bot7509807012:AAFn0026Mstf8DXx1HICJu36WhgkOWmIDP4/getUpdates "HTTP/1.1 409 Conflict"
2025-07-28 13:40:42,860 - telegram.ext.Application - ERROR - No error handlers are registered, logging exception.
Traceback (most recent call last):
  File "C:\Users\LENOVO\Documents\CoinSeer\venv\Lib\site-packages\telegram\ext\_utils\networkloop.py", line 115, in network_retry_loop
    if not await do_action():
           ^^^^^^^^^^^^^^^^^
  File "C:\Users\LENOVO\Documents\CoinSeer\venv\Lib\site-packages\telegram\ext\_utils\networkloop.py", line 108, in do_action
    return action_cb_task.result()
           ^^^^^^^^^^^^^^^^^^^^^^^
  File "C:\Users\LENOVO\Documents\CoinSeer\venv\Lib\site-packages\telegram\ext\_updater.py", line 335, in polling_action_cb
    updates = await self.bot.get_updates(
              ^^^^^^^^^^^^^^^^^^^^^^^^^^^
  File "C:\Users\LENOVO\Documents\CoinSeer\venv\Lib\site-packages\telegram\ext\_extbot.py", line 669, in get_updates
    updates = await super().get_updates(
              ^^^^^^^^^^^^^^^^^^^^^^^^^^
  File "C:\Users\LENOVO\Documents\CoinSeer\venv\Lib\site-packages\telegram\_bot.py", line 4601, in get_updates
    await self._post(
  File "C:\Users\LENOVO\Documents\CoinSeer\venv\Lib\site-packages\telegram\_bot.py", line 697, in _post
    return await self._do_post(
           ^^^^^^^^^^^^^^^^^^^^
  File "C:\Users\LENOVO\Documents\CoinSeer\venv\Lib\site-packages\telegram\ext\_extbot.py", line 369, in _do_post
    return await super()._do_post(
           ^^^^^^^^^^^^^^^^^^^^^^^
  File "C:\Users\LENOVO\Documents\CoinSeer\venv\Lib\site-packages\telegram\_bot.py", line 726, in _do_post
    result = await request.post(
             ^^^^^^^^^^^^^^^^^^^
  File "C:\Users\LENOVO\Documents\CoinSeer\venv\Lib\site-packages\telegram\request\_baserequest.py", line 197, in post
    result = await self._request_wrapper(
             ^^^^^^^^^^^^^^^^^^^^^^^^^^^^
  File "C:\Users\LENOVO\Documents\CoinSeer\venv\Lib\site-packages\telegram\request\_baserequest.py", line 355, in _request_wrapper
    raise Conflict(message)
telegram.error.Conflict: Conflict: terminated by other getUpdates request; make sure that only one bot instance is running
2025-07-28 13:40:46,133 - apscheduler.executors.default - INFO - Running job "check_price_alerts (trigger: interval[0:01:00], next run at: 2025-07-28 12:41:46 UTC)" (scheduled at 2025-07-28 12:40:46.130707+00:00)
2025-07-28 13:40:46,138 - apscheduler.executors.default - INFO - Job "check_price_alerts (trigger: interval[0:01:00], next run at: 2025-07-28 12:41:46 UTC)" executed successfully
2025-07-28 13:40:46,164 - apscheduler.executors.default - INFO - Running job "check_volume_alerts (trigger: interval[0:05:00], next run at: 2025-07-28 12:45:46 UTC)" (scheduled at 2025-07-28 12:40:46.153148+00:00)
2025-07-28 13:40:46,168 - apscheduler.executors.default - INFO - Job "check_volume_alerts (trigger: interval[0:05:00], next run at: 2025-07-28 12:45:46 UTC)" executed successfully
2025-07-28 13:40:47,159 - httpx - INFO - HTTP Request: POST https://api.telegram.org/bot7509807012:AAFn0026Mstf8DXx1HICJu36WhgkOWmIDP4/getUpdates "HTTP/1.1 409 Conflict"
2025-07-28 13:40:47,166 - telegram.ext.Application - ERROR - No error handlers are registered, logging exception.
Traceback (most recent call last):
  File "C:\Users\LENOVO\Documents\CoinSeer\venv\Lib\site-packages\telegram\ext\_utils\networkloop.py", line 115, in network_retry_loop
    if not await do_action():
           ^^^^^^^^^^^^^^^^^
  File "C:\Users\LENOVO\Documents\CoinSeer\venv\Lib\site-packages\telegram\ext\_utils\networkloop.py", line 108, in do_action
    return action_cb_task.result()
           ^^^^^^^^^^^^^^^^^^^^^^^
  File "C:\Users\LENOVO\Documents\CoinSeer\venv\Lib\site-packages\telegram\ext\_updater.py", line 335, in polling_action_cb
    updates = await self.bot.get_updates(
              ^^^^^^^^^^^^^^^^^^^^^^^^^^^
  File "C:\Users\LENOVO\Documents\CoinSeer\venv\Lib\site-packages\telegram\ext\_extbot.py", line 669, in get_updates
    updates = await super().get_updates(
              ^^^^^^^^^^^^^^^^^^^^^^^^^^
  File "C:\Users\LENOVO\Documents\CoinSeer\venv\Lib\site-packages\telegram\_bot.py", line 4601, in get_updates
    await self._post(
  File "C:\Users\LENOVO\Documents\CoinSeer\venv\Lib\site-packages\telegram\_bot.py", line 697, in _post
    return await self._do_post(
           ^^^^^^^^^^^^^^^^^^^^
  File "C:\Users\LENOVO\Documents\CoinSeer\venv\Lib\site-packages\telegram\ext\_extbot.py", line 369, in _do_post
    return await super()._do_post(
           ^^^^^^^^^^^^^^^^^^^^^^^
  File "C:\Users\LENOVO\Documents\CoinSeer\venv\Lib\site-packages\telegram\_bot.py", line 726, in _do_post
    result = await request.post(
             ^^^^^^^^^^^^^^^^^^^
  File "C:\Users\LENOVO\Documents\CoinSeer\venv\Lib\site-packages\telegram\request\_baserequest.py", line 197, in post
    result = await self._request_wrapper(
             ^^^^^^^^^^^^^^^^^^^^^^^^^^^^
  File "C:\Users\LENOVO\Documents\CoinSeer\venv\Lib\site-packages\telegram\request\_baserequest.py", line 355, in _request_wrapper
    raise Conflict(message)
telegram.error.Conflict: Conflict: terminated by other getUpdates request; make sure that only one bot instance is running
2025-07-28 13:40:54,065 - httpx - INFO - HTTP Request: POST https://api.telegram.org/bot7509807012:AAFn0026Mstf8DXx1HICJu36WhgkOWmIDP4/getUpdates "HTTP/1.1 200 OK"
2025-07-28 13:41:04,264 - httpx - INFO - HTTP Request: POST https://api.telegram.org/bot7509807012:AAFn0026Mstf8DXx1HICJu36WhgkOWmIDP4/getUpdates "HTTP/1.1 200 OK"
2025-07-28 13:41:14,474 - httpx - INFO - HTTP Request: POST https://api.telegram.org/bot7509807012:AAFn0026Mstf8DXx1HICJu36WhgkOWmIDP4/getUpdates "HTTP/1.1 200 OK"
2025-07-28 13:41:18,079 - httpx - INFO - HTTP Request: POST https://api.telegram.org/bot7509807012:AAFn0026Mstf8DXx1HICJu36WhgkOWmIDP4/getUpdates "HTTP/1.1 409 Conflict"
2025-07-28 13:41:18,081 - telegram.ext.Application - ERROR - No error handlers are registered, logging exception.
Traceback (most recent call last):
  File "C:\Users\LENOVO\Documents\CoinSeer\venv\Lib\site-packages\telegram\ext\_utils\networkloop.py", line 115, in network_retry_loop
    if not await do_action():
           ^^^^^^^^^^^^^^^^^
  File "C:\Users\LENOVO\Documents\CoinSeer\venv\Lib\site-packages\telegram\ext\_utils\networkloop.py", line 108, in do_action
    return action_cb_task.result()
           ^^^^^^^^^^^^^^^^^^^^^^^
  File "C:\Users\LENOVO\Documents\CoinSeer\venv\Lib\site-packages\telegram\ext\_updater.py", line 335, in polling_action_cb
    updates = await self.bot.get_updates(
              ^^^^^^^^^^^^^^^^^^^^^^^^^^^
  File "C:\Users\LENOVO\Documents\CoinSeer\venv\Lib\site-packages\telegram\ext\_extbot.py", line 669, in get_updates
    updates = await super().get_updates(
              ^^^^^^^^^^^^^^^^^^^^^^^^^^
  File "C:\Users\LENOVO\Documents\CoinSeer\venv\Lib\site-packages\telegram\_bot.py", line 4601, in get_updates
    await self._post(
  File "C:\Users\LENOVO\Documents\CoinSeer\venv\Lib\site-packages\telegram\_bot.py", line 697, in _post
    return await self._do_post(
           ^^^^^^^^^^^^^^^^^^^^
  File "C:\Users\LENOVO\Documents\CoinSeer\venv\Lib\site-packages\telegram\ext\_extbot.py", line 369, in _do_post
    return await super()._do_post(
           ^^^^^^^^^^^^^^^^^^^^^^^
  File "C:\Users\LENOVO\Documents\CoinSeer\venv\Lib\site-packages\telegram\_bot.py", line 726, in _do_post
    result = await request.post(
             ^^^^^^^^^^^^^^^^^^^
  File "C:\Users\LENOVO\Documents\CoinSeer\venv\Lib\site-packages\telegram\request\_baserequest.py", line 197, in post
    result = await self._request_wrapper(
             ^^^^^^^^^^^^^^^^^^^^^^^^^^^^
  File "C:\Users\LENOVO\Documents\CoinSeer\venv\Lib\site-packages\telegram\request\_baserequest.py", line 355, in _request_wrapper
    raise Conflict(message)
telegram.error.Conflict: Conflict: terminated by other getUpdates request; make sure that only one bot instance is running
2025-07-28 13:41:22,271 - httpx - INFO - HTTP Request: POST https://api.telegram.org/bot7509807012:AAFn0026Mstf8DXx1HICJu36WhgkOWmIDP4/getUpdates "HTTP/1.1 409 Conflict"
2025-07-28 13:41:22,273 - telegram.ext.Application - ERROR - No error handlers are registered, logging exception.
Traceback (most recent call last):
  File "C:\Users\LENOVO\Documents\CoinSeer\venv\Lib\site-packages\telegram\ext\_utils\networkloop.py", line 115, in network_retry_loop
    if not await do_action():
           ^^^^^^^^^^^^^^^^^
  File "C:\Users\LENOVO\Documents\CoinSeer\venv\Lib\site-packages\telegram\ext\_utils\networkloop.py", line 108, in do_action
    return action_cb_task.result()
           ^^^^^^^^^^^^^^^^^^^^^^^
  File "C:\Users\LENOVO\Documents\CoinSeer\venv\Lib\site-packages\telegram\ext\_updater.py", line 335, in polling_action_cb
    updates = await self.bot.get_updates(
              ^^^^^^^^^^^^^^^^^^^^^^^^^^^
  File "C:\Users\LENOVO\Documents\CoinSeer\venv\Lib\site-packages\telegram\ext\_extbot.py", line 669, in get_updates
    updates = await super().get_updates(
              ^^^^^^^^^^^^^^^^^^^^^^^^^^
  File "C:\Users\LENOVO\Documents\CoinSeer\venv\Lib\site-packages\telegram\_bot.py", line 4601, in get_updates
    await self._post(
  File "C:\Users\LENOVO\Documents\CoinSeer\venv\Lib\site-packages\telegram\_bot.py", line 697, in _post
    return await self._do_post(
           ^^^^^^^^^^^^^^^^^^^^
  File "C:\Users\LENOVO\Documents\CoinSeer\venv\Lib\site-packages\telegram\ext\_extbot.py", line 369, in _do_post
    return await super()._do_post(
           ^^^^^^^^^^^^^^^^^^^^^^^
  File "C:\Users\LENOVO\Documents\CoinSeer\venv\Lib\site-packages\telegram\_bot.py", line 726, in _do_post
    result = await request.post(
             ^^^^^^^^^^^^^^^^^^^
  File "C:\Users\LENOVO\Documents\CoinSeer\venv\Lib\site-packages\telegram\request\_baserequest.py", line 197, in post
    result = await self._request_wrapper(
             ^^^^^^^^^^^^^^^^^^^^^^^^^^^^
  File "C:\Users\LENOVO\Documents\CoinSeer\venv\Lib\site-packages\telegram\request\_baserequest.py", line 355, in _request_wrapper
    raise Conflict(message)
telegram.error.Conflict: Conflict: terminated by other getUpdates request; make sure that only one bot instance is running
2025-07-28 13:41:28,316 - apscheduler.executors.default - INFO - Running job "check_price_alerts (trigger: interval[0:01:00], next run at: 2025-07-28 12:42:28 UTC)" (scheduled at 2025-07-28 12:41:28.305486+00:00)
2025-07-28 13:41:28,319 - apscheduler.executors.default - INFO - Job "check_price_alerts (trigger: interval[0:01:00], next run at: 2025-07-28 12:42:28 UTC)" executed successfully
2025-07-28 13:41:29,255 - httpx - INFO - HTTP Request: POST https://api.telegram.org/bot7509807012:AAFn0026Mstf8DXx1HICJu36WhgkOWmIDP4/getUpdates "HTTP/1.1 200 OK"
2025-07-28 13:41:39,453 - httpx - INFO - HTTP Request: POST https://api.telegram.org/bot7509807012:AAFn0026Mstf8DXx1HICJu36WhgkOWmIDP4/getUpdates "HTTP/1.1 200 OK"
2025-07-28 13:41:46,132 - apscheduler.executors.default - INFO - Running job "check_price_alerts (trigger: interval[0:01:00], next run at: 2025-07-28 12:42:46 UTC)" (scheduled at 2025-07-28 12:41:46.130707+00:00)
2025-07-28 13:41:46,139 - apscheduler.executors.default - INFO - Job "check_price_alerts (trigger: interval[0:01:00], next run at: 2025-07-28 12:42:46 UTC)" executed successfully
2025-07-28 13:41:49,724 - httpx - INFO - HTTP Request: POST https://api.telegram.org/bot7509807012:AAFn0026Mstf8DXx1HICJu36WhgkOWmIDP4/getUpdates "HTTP/1.1 200 OK"
2025-07-28 13:41:52,875 - httpx - INFO - HTTP Request: POST https://api.telegram.org/bot7509807012:AAFn0026Mstf8DXx1HICJu36WhgkOWmIDP4/getUpdates "HTTP/1.1 409 Conflict"
2025-07-28 13:41:52,877 - telegram.ext.Application - ERROR - No error handlers are registered, logging exception.
Traceback (most recent call last):
  File "C:\Users\LENOVO\Documents\CoinSeer\venv\Lib\site-packages\telegram\ext\_utils\networkloop.py", line 115, in network_retry_loop
    if not await do_action():
           ^^^^^^^^^^^^^^^^^
  File "C:\Users\LENOVO\Documents\CoinSeer\venv\Lib\site-packages\telegram\ext\_utils\networkloop.py", line 108, in do_action
    return action_cb_task.result()
           ^^^^^^^^^^^^^^^^^^^^^^^
  File "C:\Users\LENOVO\Documents\CoinSeer\venv\Lib\site-packages\telegram\ext\_updater.py", line 335, in polling_action_cb
    updates = await self.bot.get_updates(
              ^^^^^^^^^^^^^^^^^^^^^^^^^^^
  File "C:\Users\LENOVO\Documents\CoinSeer\venv\Lib\site-packages\telegram\ext\_extbot.py", line 669, in get_updates
    updates = await super().get_updates(
              ^^^^^^^^^^^^^^^^^^^^^^^^^^
  File "C:\Users\LENOVO\Documents\CoinSeer\venv\Lib\site-packages\telegram\_bot.py", line 4601, in get_updates
    await self._post(
  File "C:\Users\LENOVO\Documents\CoinSeer\venv\Lib\site-packages\telegram\_bot.py", line 697, in _post
    return await self._do_post(
           ^^^^^^^^^^^^^^^^^^^^
  File "C:\Users\LENOVO\Documents\CoinSeer\venv\Lib\site-packages\telegram\ext\_extbot.py", line 369, in _do_post
    return await super()._do_post(
           ^^^^^^^^^^^^^^^^^^^^^^^
  File "C:\Users\LENOVO\Documents\CoinSeer\venv\Lib\site-packages\telegram\_bot.py", line 726, in _do_post
    result = await request.post(
             ^^^^^^^^^^^^^^^^^^^
  File "C:\Users\LENOVO\Documents\CoinSeer\venv\Lib\site-packages\telegram\request\_baserequest.py", line 197, in post
    result = await self._request_wrapper(
             ^^^^^^^^^^^^^^^^^^^^^^^^^^^^
  File "C:\Users\LENOVO\Documents\CoinSeer\venv\Lib\site-packages\telegram\request\_baserequest.py", line 355, in _request_wrapper
    raise Conflict(message)
telegram.error.Conflict: Conflict: terminated by other getUpdates request; make sure that only one bot instance is running
2025-07-28 13:41:57,062 - httpx - INFO - HTTP Request: POST https://api.telegram.org/bot7509807012:AAFn0026Mstf8DXx1HICJu36WhgkOWmIDP4/getUpdates "HTTP/1.1 409 Conflict"
2025-07-28 13:41:57,070 - telegram.ext.Application - ERROR - No error handlers are registered, logging exception.
Traceback (most recent call last):
  File "C:\Users\LENOVO\Documents\CoinSeer\venv\Lib\site-packages\telegram\ext\_utils\networkloop.py", line 115, in network_retry_loop
    if not await do_action():
           ^^^^^^^^^^^^^^^^^
  File "C:\Users\LENOVO\Documents\CoinSeer\venv\Lib\site-packages\telegram\ext\_utils\networkloop.py", line 108, in do_action
    return action_cb_task.result()
           ^^^^^^^^^^^^^^^^^^^^^^^
  File "C:\Users\LENOVO\Documents\CoinSeer\venv\Lib\site-packages\telegram\ext\_updater.py", line 335, in polling_action_cb
    updates = await self.bot.get_updates(
              ^^^^^^^^^^^^^^^^^^^^^^^^^^^
  File "C:\Users\LENOVO\Documents\CoinSeer\venv\Lib\site-packages\telegram\ext\_extbot.py", line 669, in get_updates
    updates = await super().get_updates(
              ^^^^^^^^^^^^^^^^^^^^^^^^^^
  File "C:\Users\LENOVO\Documents\CoinSeer\venv\Lib\site-packages\telegram\_bot.py", line 4601, in get_updates
    await self._post(
  File "C:\Users\LENOVO\Documents\CoinSeer\venv\Lib\site-packages\telegram\_bot.py", line 697, in _post
    return await self._do_post(
           ^^^^^^^^^^^^^^^^^^^^
  File "C:\Users\LENOVO\Documents\CoinSeer\venv\Lib\site-packages\telegram\ext\_extbot.py", line 369, in _do_post
    return await super()._do_post(
           ^^^^^^^^^^^^^^^^^^^^^^^
  File "C:\Users\LENOVO\Documents\CoinSeer\venv\Lib\site-packages\telegram\_bot.py", line 726, in _do_post
    result = await request.post(
             ^^^^^^^^^^^^^^^^^^^
  File "C:\Users\LENOVO\Documents\CoinSeer\venv\Lib\site-packages\telegram\request\_baserequest.py", line 197, in post
    result = await self._request_wrapper(
             ^^^^^^^^^^^^^^^^^^^^^^^^^^^^
  File "C:\Users\LENOVO\Documents\CoinSeer\venv\Lib\site-packages\telegram\request\_baserequest.py", line 355, in _request_wrapper
    raise Conflict(message)
telegram.error.Conflict: Conflict: terminated by other getUpdates request; make sure that only one bot instance is running
2025-07-28 13:42:04,104 - httpx - INFO - HTTP Request: POST https://api.telegram.org/bot7509807012:AAFn0026Mstf8DXx1HICJu36WhgkOWmIDP4/getUpdates "HTTP/1.1 200 OK"
2025-07-28 13:42:14,339 - httpx - INFO - HTTP Request: POST https://api.telegram.org/bot7509807012:AAFn0026Mstf8DXx1HICJu36WhgkOWmIDP4/getUpdates "HTTP/1.1 200 OK"
2025-07-28 13:42:24,546 - httpx - INFO - HTTP Request: POST https://api.telegram.org/bot7509807012:AAFn0026Mstf8DXx1HICJu36WhgkOWmIDP4/getUpdates "HTTP/1.1 200 OK"
2025-07-28 13:42:28,324 - apscheduler.executors.default - INFO - Running job "check_price_alerts (trigger: interval[0:01:00], next run at: 2025-07-28 12:43:28 UTC)" (scheduled at 2025-07-28 12:42:28.305486+00:00)
2025-07-28 13:42:28,332 - apscheduler.executors.default - INFO - Job "check_price_alerts (trigger: interval[0:01:00], next run at: 2025-07-28 12:43:28 UTC)" executed successfully
2025-07-28 13:42:28,429 - httpx - INFO - HTTP Request: POST https://api.telegram.org/bot7509807012:AAFn0026Mstf8DXx1HICJu36WhgkOWmIDP4/getUpdates "HTTP/1.1 409 Conflict"
2025-07-28 13:42:28,441 - telegram.ext.Application - ERROR - No error handlers are registered, logging exception.
Traceback (most recent call last):
  File "C:\Users\LENOVO\Documents\CoinSeer\venv\Lib\site-packages\telegram\ext\_utils\networkloop.py", line 115, in network_retry_loop
    if not await do_action():
           ^^^^^^^^^^^^^^^^^
  File "C:\Users\LENOVO\Documents\CoinSeer\venv\Lib\site-packages\telegram\ext\_utils\networkloop.py", line 108, in do_action
    return action_cb_task.result()
           ^^^^^^^^^^^^^^^^^^^^^^^
  File "C:\Users\LENOVO\Documents\CoinSeer\venv\Lib\site-packages\telegram\ext\_updater.py", line 335, in polling_action_cb
    updates = await self.bot.get_updates(
              ^^^^^^^^^^^^^^^^^^^^^^^^^^^
  File "C:\Users\LENOVO\Documents\CoinSeer\venv\Lib\site-packages\telegram\ext\_extbot.py", line 669, in get_updates
    updates = await super().get_updates(
              ^^^^^^^^^^^^^^^^^^^^^^^^^^
  File "C:\Users\LENOVO\Documents\CoinSeer\venv\Lib\site-packages\telegram\_bot.py", line 4601, in get_updates
    await self._post(
  File "C:\Users\LENOVO\Documents\CoinSeer\venv\Lib\site-packages\telegram\_bot.py", line 697, in _post
    return await self._do_post(
           ^^^^^^^^^^^^^^^^^^^^
  File "C:\Users\LENOVO\Documents\CoinSeer\venv\Lib\site-packages\telegram\ext\_extbot.py", line 369, in _do_post
    return await super()._do_post(
           ^^^^^^^^^^^^^^^^^^^^^^^
  File "C:\Users\LENOVO\Documents\CoinSeer\venv\Lib\site-packages\telegram\_bot.py", line 726, in _do_post
    result = await request.post(
             ^^^^^^^^^^^^^^^^^^^
  File "C:\Users\LENOVO\Documents\CoinSeer\venv\Lib\site-packages\telegram\request\_baserequest.py", line 197, in post
    result = await self._request_wrapper(
             ^^^^^^^^^^^^^^^^^^^^^^^^^^^^
  File "C:\Users\LENOVO\Documents\CoinSeer\venv\Lib\site-packages\telegram\request\_baserequest.py", line 355, in _request_wrapper
    raise Conflict(message)
telegram.error.Conflict: Conflict: terminated by other getUpdates request; make sure that only one bot instance is running
2025-07-28 13:42:32,819 - httpx - INFO - HTTP Request: POST https://api.telegram.org/bot7509807012:AAFn0026Mstf8DXx1HICJu36WhgkOWmIDP4/getUpdates "HTTP/1.1 409 Conflict"
2025-07-28 13:42:32,830 - telegram.ext.Application - ERROR - No error handlers are registered, logging exception.
Traceback (most recent call last):
  File "C:\Users\LENOVO\Documents\CoinSeer\venv\Lib\site-packages\telegram\ext\_utils\networkloop.py", line 115, in network_retry_loop
    if not await do_action():
           ^^^^^^^^^^^^^^^^^
  File "C:\Users\LENOVO\Documents\CoinSeer\venv\Lib\site-packages\telegram\ext\_utils\networkloop.py", line 108, in do_action
    return action_cb_task.result()
           ^^^^^^^^^^^^^^^^^^^^^^^
  File "C:\Users\LENOVO\Documents\CoinSeer\venv\Lib\site-packages\telegram\ext\_updater.py", line 335, in polling_action_cb
    updates = await self.bot.get_updates(
              ^^^^^^^^^^^^^^^^^^^^^^^^^^^
  File "C:\Users\LENOVO\Documents\CoinSeer\venv\Lib\site-packages\telegram\ext\_extbot.py", line 669, in get_updates
    updates = await super().get_updates(
              ^^^^^^^^^^^^^^^^^^^^^^^^^^
  File "C:\Users\LENOVO\Documents\CoinSeer\venv\Lib\site-packages\telegram\_bot.py", line 4601, in get_updates
    await self._post(
  File "C:\Users\LENOVO\Documents\CoinSeer\venv\Lib\site-packages\telegram\_bot.py", line 697, in _post
    return await self._do_post(
           ^^^^^^^^^^^^^^^^^^^^
  File "C:\Users\LENOVO\Documents\CoinSeer\venv\Lib\site-packages\telegram\ext\_extbot.py", line 369, in _do_post
    return await super()._do_post(
           ^^^^^^^^^^^^^^^^^^^^^^^
  File "C:\Users\LENOVO\Documents\CoinSeer\venv\Lib\site-packages\telegram\_bot.py", line 726, in _do_post
    result = await request.post(
             ^^^^^^^^^^^^^^^^^^^
  File "C:\Users\LENOVO\Documents\CoinSeer\venv\Lib\site-packages\telegram\request\_baserequest.py", line 197, in post
    result = await self._request_wrapper(
             ^^^^^^^^^^^^^^^^^^^^^^^^^^^^
  File "C:\Users\LENOVO\Documents\CoinSeer\venv\Lib\site-packages\telegram\request\_baserequest.py", line 355, in _request_wrapper
    raise Conflict(message)
telegram.error.Conflict: Conflict: terminated by other getUpdates request; make sure that only one bot instance is running
2025-07-28 13:42:40,339 - httpx - INFO - HTTP Request: POST https://api.telegram.org/bot7509807012:AAFn0026Mstf8DXx1HICJu36WhgkOWmIDP4/getUpdates "HTTP/1.1 200 OK"
2025-07-28 13:42:46,135 - apscheduler.executors.default - INFO - Running job "check_price_alerts (trigger: interval[0:01:00], next run at: 2025-07-28 12:43:46 UTC)" (scheduled at 2025-07-28 12:42:46.130707+00:00)
2025-07-28 13:42:46,140 - apscheduler.executors.default - INFO - Job "check_price_alerts (trigger: interval[0:01:00], next run at: 2025-07-28 12:43:46 UTC)" executed successfully
2025-07-28 13:42:50,957 - httpx - INFO - HTTP Request: POST https://api.telegram.org/bot7509807012:AAFn0026Mstf8DXx1HICJu36WhgkOWmIDP4/getUpdates "HTTP/1.1 200 OK"
2025-07-28 13:43:01,758 - httpx - INFO - HTTP Request: POST https://api.telegram.org/bot7509807012:AAFn0026Mstf8DXx1HICJu36WhgkOWmIDP4/getUpdates "HTTP/1.1 200 OK"
2025-07-28 13:43:07,952 - httpx - INFO - HTTP Request: POST https://api.telegram.org/bot7509807012:AAFn0026Mstf8DXx1HICJu36WhgkOWmIDP4/getUpdates "HTTP/1.1 409 Conflict"
2025-07-28 13:43:07,955 - telegram.ext.Application - ERROR - No error handlers are registered, logging exception.
Traceback (most recent call last):
  File "C:\Users\LENOVO\Documents\CoinSeer\venv\Lib\site-packages\telegram\ext\_utils\networkloop.py", line 115, in network_retry_loop
    if not await do_action():
           ^^^^^^^^^^^^^^^^^
  File "C:\Users\LENOVO\Documents\CoinSeer\venv\Lib\site-packages\telegram\ext\_utils\networkloop.py", line 108, in do_action
    return action_cb_task.result()
           ^^^^^^^^^^^^^^^^^^^^^^^
  File "C:\Users\LENOVO\Documents\CoinSeer\venv\Lib\site-packages\telegram\ext\_updater.py", line 335, in polling_action_cb
    updates = await self.bot.get_updates(
              ^^^^^^^^^^^^^^^^^^^^^^^^^^^
  File "C:\Users\LENOVO\Documents\CoinSeer\venv\Lib\site-packages\telegram\ext\_extbot.py", line 669, in get_updates
    updates = await super().get_updates(
              ^^^^^^^^^^^^^^^^^^^^^^^^^^
  File "C:\Users\LENOVO\Documents\CoinSeer\venv\Lib\site-packages\telegram\_bot.py", line 4601, in get_updates
    await self._post(
  File "C:\Users\LENOVO\Documents\CoinSeer\venv\Lib\site-packages\telegram\_bot.py", line 697, in _post
    return await self._do_post(
           ^^^^^^^^^^^^^^^^^^^^
  File "C:\Users\LENOVO\Documents\CoinSeer\venv\Lib\site-packages\telegram\ext\_extbot.py", line 369, in _do_post
    return await super()._do_post(
           ^^^^^^^^^^^^^^^^^^^^^^^
  File "C:\Users\LENOVO\Documents\CoinSeer\venv\Lib\site-packages\telegram\_bot.py", line 726, in _do_post
    result = await request.post(
             ^^^^^^^^^^^^^^^^^^^
  File "C:\Users\LENOVO\Documents\CoinSeer\venv\Lib\site-packages\telegram\request\_baserequest.py", line 197, in post
    result = await self._request_wrapper(
             ^^^^^^^^^^^^^^^^^^^^^^^^^^^^
  File "C:\Users\LENOVO\Documents\CoinSeer\venv\Lib\site-packages\telegram\request\_baserequest.py", line 355, in _request_wrapper
    raise Conflict(message)
telegram.error.Conflict: Conflict: terminated by other getUpdates request; make sure that only one bot instance is running
2025-07-28 13:43:12,254 - httpx - INFO - HTTP Request: POST https://api.telegram.org/bot7509807012:AAFn0026Mstf8DXx1HICJu36WhgkOWmIDP4/getUpdates "HTTP/1.1 409 Conflict"
2025-07-28 13:43:12,256 - telegram.ext.Application - ERROR - No error handlers are registered, logging exception.
Traceback (most recent call last):
  File "C:\Users\LENOVO\Documents\CoinSeer\venv\Lib\site-packages\telegram\ext\_utils\networkloop.py", line 115, in network_retry_loop
    if not await do_action():
           ^^^^^^^^^^^^^^^^^
  File "C:\Users\LENOVO\Documents\CoinSeer\venv\Lib\site-packages\telegram\ext\_utils\networkloop.py", line 108, in do_action
    return action_cb_task.result()
           ^^^^^^^^^^^^^^^^^^^^^^^
  File "C:\Users\LENOVO\Documents\CoinSeer\venv\Lib\site-packages\telegram\ext\_updater.py", line 335, in polling_action_cb
    updates = await self.bot.get_updates(
              ^^^^^^^^^^^^^^^^^^^^^^^^^^^
  File "C:\Users\LENOVO\Documents\CoinSeer\venv\Lib\site-packages\telegram\ext\_extbot.py", line 669, in get_updates
    updates = await super().get_updates(
              ^^^^^^^^^^^^^^^^^^^^^^^^^^
  File "C:\Users\LENOVO\Documents\CoinSeer\venv\Lib\site-packages\telegram\_bot.py", line 4601, in get_updates
    await self._post(
  File "C:\Users\LENOVO\Documents\CoinSeer\venv\Lib\site-packages\telegram\_bot.py", line 697, in _post
    return await self._do_post(
           ^^^^^^^^^^^^^^^^^^^^
  File "C:\Users\LENOVO\Documents\CoinSeer\venv\Lib\site-packages\telegram\ext\_extbot.py", line 369, in _do_post
    return await super()._do_post(
           ^^^^^^^^^^^^^^^^^^^^^^^
  File "C:\Users\LENOVO\Documents\CoinSeer\venv\Lib\site-packages\telegram\_bot.py", line 726, in _do_post
    result = await request.post(
             ^^^^^^^^^^^^^^^^^^^
  File "C:\Users\LENOVO\Documents\CoinSeer\venv\Lib\site-packages\telegram\request\_baserequest.py", line 197, in post
    result = await self._request_wrapper(
             ^^^^^^^^^^^^^^^^^^^^^^^^^^^^
  File "C:\Users\LENOVO\Documents\CoinSeer\venv\Lib\site-packages\telegram\request\_baserequest.py", line 355, in _request_wrapper
    raise Conflict(message)
telegram.error.Conflict: Conflict: terminated by other getUpdates request; make sure that only one bot instance is running
2025-07-28 13:43:19,228 - httpx - INFO - HTTP Request: POST https://api.telegram.org/bot7509807012:AAFn0026Mstf8DXx1HICJu36WhgkOWmIDP4/getUpdates "HTTP/1.1 200 OK"
2025-07-28 13:43:28,332 - apscheduler.executors.default - INFO - Running job "check_price_alerts (trigger: interval[0:01:00], next run at: 2025-07-28 12:44:28 UTC)" (scheduled at 2025-07-28 12:43:28.305486+00:00)
2025-07-28 13:43:28,342 - apscheduler.executors.default - INFO - Job "check_price_alerts (trigger: interval[0:01:00], next run at: 2025-07-28 12:44:28 UTC)" executed successfully
2025-07-28 13:43:28,345 - apscheduler.executors.default - INFO - Running job "check_volume_alerts (trigger: interval[0:05:00], next run at: 2025-07-28 12:48:28 UTC)" (scheduled at 2025-07-28 12:43:28.306482+00:00)
2025-07-28 13:43:28,352 - apscheduler.executors.default - INFO - Job "check_volume_alerts (trigger: interval[0:05:00], next run at: 2025-07-28 12:48:28 UTC)" executed successfully
2025-07-28 13:43:29,524 - httpx - INFO - HTTP Request: POST https://api.telegram.org/bot7509807012:AAFn0026Mstf8DXx1HICJu36WhgkOWmIDP4/getUpdates "HTTP/1.1 200 OK"
2025-07-28 13:43:39,735 - httpx - INFO - HTTP Request: POST https://api.telegram.org/bot7509807012:AAFn0026Mstf8DXx1HICJu36WhgkOWmIDP4/getUpdates "HTTP/1.1 200 OK"
2025-07-28 13:43:42,992 - httpx - INFO - HTTP Request: POST https://api.telegram.org/bot7509807012:AAFn0026Mstf8DXx1HICJu36WhgkOWmIDP4/getUpdates "HTTP/1.1 409 Conflict"
2025-07-28 13:43:42,997 - telegram.ext.Application - ERROR - No error handlers are registered, logging exception.
Traceback (most recent call last):
  File "C:\Users\LENOVO\Documents\CoinSeer\venv\Lib\site-packages\telegram\ext\_utils\networkloop.py", line 115, in network_retry_loop
    if not await do_action():
           ^^^^^^^^^^^^^^^^^
  File "C:\Users\LENOVO\Documents\CoinSeer\venv\Lib\site-packages\telegram\ext\_utils\networkloop.py", line 108, in do_action
    return action_cb_task.result()
           ^^^^^^^^^^^^^^^^^^^^^^^
  File "C:\Users\LENOVO\Documents\CoinSeer\venv\Lib\site-packages\telegram\ext\_updater.py", line 335, in polling_action_cb
    updates = await self.bot.get_updates(
              ^^^^^^^^^^^^^^^^^^^^^^^^^^^
  File "C:\Users\LENOVO\Documents\CoinSeer\venv\Lib\site-packages\telegram\ext\_extbot.py", line 669, in get_updates
    updates = await super().get_updates(
              ^^^^^^^^^^^^^^^^^^^^^^^^^^
  File "C:\Users\LENOVO\Documents\CoinSeer\venv\Lib\site-packages\telegram\_bot.py", line 4601, in get_updates
    await self._post(
  File "C:\Users\LENOVO\Documents\CoinSeer\venv\Lib\site-packages\telegram\_bot.py", line 697, in _post
    return await self._do_post(
           ^^^^^^^^^^^^^^^^^^^^
  File "C:\Users\LENOVO\Documents\CoinSeer\venv\Lib\site-packages\telegram\ext\_extbot.py", line 369, in _do_post
    return await super()._do_post(
           ^^^^^^^^^^^^^^^^^^^^^^^
  File "C:\Users\LENOVO\Documents\CoinSeer\venv\Lib\site-packages\telegram\_bot.py", line 726, in _do_post
    result = await request.post(
             ^^^^^^^^^^^^^^^^^^^
  File "C:\Users\LENOVO\Documents\CoinSeer\venv\Lib\site-packages\telegram\request\_baserequest.py", line 197, in post
    result = await self._request_wrapper(
             ^^^^^^^^^^^^^^^^^^^^^^^^^^^^
  File "C:\Users\LENOVO\Documents\CoinSeer\venv\Lib\site-packages\telegram\request\_baserequest.py", line 355, in _request_wrapper
    raise Conflict(message)
telegram.error.Conflict: Conflict: terminated by other getUpdates request; make sure that only one bot instance is running
2025-07-28 13:43:46,138 - apscheduler.executors.default - INFO - Running job "check_price_alerts (trigger: interval[0:01:00], next run at: 2025-07-28 12:44:46 UTC)" (scheduled at 2025-07-28 12:43:46.130707+00:00)
2025-07-28 13:43:46,141 - apscheduler.executors.default - INFO - Job "check_price_alerts (trigger: interval[0:01:00], next run at: 2025-07-28 12:44:46 UTC)" executed successfully
2025-07-28 13:43:47,205 - httpx - INFO - HTTP Request: POST https://api.telegram.org/bot7509807012:AAFn0026Mstf8DXx1HICJu36WhgkOWmIDP4/getUpdates "HTTP/1.1 409 Conflict"
2025-07-28 13:43:47,206 - telegram.ext.Application - ERROR - No error handlers are registered, logging exception.
Traceback (most recent call last):
  File "C:\Users\LENOVO\Documents\CoinSeer\venv\Lib\site-packages\telegram\ext\_utils\networkloop.py", line 115, in network_retry_loop
    if not await do_action():
           ^^^^^^^^^^^^^^^^^
  File "C:\Users\LENOVO\Documents\CoinSeer\venv\Lib\site-packages\telegram\ext\_utils\networkloop.py", line 108, in do_action
    return action_cb_task.result()
           ^^^^^^^^^^^^^^^^^^^^^^^
  File "C:\Users\LENOVO\Documents\CoinSeer\venv\Lib\site-packages\telegram\ext\_updater.py", line 335, in polling_action_cb
    updates = await self.bot.get_updates(
              ^^^^^^^^^^^^^^^^^^^^^^^^^^^
  File "C:\Users\LENOVO\Documents\CoinSeer\venv\Lib\site-packages\telegram\ext\_extbot.py", line 669, in get_updates
    updates = await super().get_updates(
              ^^^^^^^^^^^^^^^^^^^^^^^^^^
  File "C:\Users\LENOVO\Documents\CoinSeer\venv\Lib\site-packages\telegram\_bot.py", line 4601, in get_updates
    await self._post(
  File "C:\Users\LENOVO\Documents\CoinSeer\venv\Lib\site-packages\telegram\_bot.py", line 697, in _post
    return await self._do_post(
           ^^^^^^^^^^^^^^^^^^^^
  File "C:\Users\LENOVO\Documents\CoinSeer\venv\Lib\site-packages\telegram\ext\_extbot.py", line 369, in _do_post
    return await super()._do_post(
           ^^^^^^^^^^^^^^^^^^^^^^^
  File "C:\Users\LENOVO\Documents\CoinSeer\venv\Lib\site-packages\telegram\_bot.py", line 726, in _do_post
    result = await request.post(
             ^^^^^^^^^^^^^^^^^^^
  File "C:\Users\LENOVO\Documents\CoinSeer\venv\Lib\site-packages\telegram\request\_baserequest.py", line 197, in post
    result = await self._request_wrapper(
             ^^^^^^^^^^^^^^^^^^^^^^^^^^^^
  File "C:\Users\LENOVO\Documents\CoinSeer\venv\Lib\site-packages\telegram\request\_baserequest.py", line 355, in _request_wrapper
    raise Conflict(message)
telegram.error.Conflict: Conflict: terminated by other getUpdates request; make sure that only one bot instance is running
2025-07-28 13:43:54,320 - httpx - INFO - HTTP Request: POST https://api.telegram.org/bot7509807012:AAFn0026Mstf8DXx1HICJu36WhgkOWmIDP4/getUpdates "HTTP/1.1 200 OK"
2025-07-28 13:44:04,578 - httpx - INFO - HTTP Request: POST https://api.telegram.org/bot7509807012:AAFn0026Mstf8DXx1HICJu36WhgkOWmIDP4/getUpdates "HTTP/1.1 200 OK"
2025-07-28 13:44:14,793 - httpx - INFO - HTTP Request: POST https://api.telegram.org/bot7509807012:AAFn0026Mstf8DXx1HICJu36WhgkOWmIDP4/getUpdates "HTTP/1.1 200 OK"
2025-07-28 13:44:18,135 - httpx - INFO - HTTP Request: POST https://api.telegram.org/bot7509807012:AAFn0026Mstf8DXx1HICJu36WhgkOWmIDP4/getUpdates "HTTP/1.1 409 Conflict"
2025-07-28 13:44:18,139 - telegram.ext.Application - ERROR - No error handlers are registered, logging exception.
Traceback (most recent call last):
  File "C:\Users\LENOVO\Documents\CoinSeer\venv\Lib\site-packages\telegram\ext\_utils\networkloop.py", line 115, in network_retry_loop
    if not await do_action():
           ^^^^^^^^^^^^^^^^^
  File "C:\Users\LENOVO\Documents\CoinSeer\venv\Lib\site-packages\telegram\ext\_utils\networkloop.py", line 108, in do_action
    return action_cb_task.result()
           ^^^^^^^^^^^^^^^^^^^^^^^
  File "C:\Users\LENOVO\Documents\CoinSeer\venv\Lib\site-packages\telegram\ext\_updater.py", line 335, in polling_action_cb
    updates = await self.bot.get_updates(
              ^^^^^^^^^^^^^^^^^^^^^^^^^^^
  File "C:\Users\LENOVO\Documents\CoinSeer\venv\Lib\site-packages\telegram\ext\_extbot.py", line 669, in get_updates
    updates = await super().get_updates(
              ^^^^^^^^^^^^^^^^^^^^^^^^^^
  File "C:\Users\LENOVO\Documents\CoinSeer\venv\Lib\site-packages\telegram\_bot.py", line 4601, in get_updates
    await self._post(
  File "C:\Users\LENOVO\Documents\CoinSeer\venv\Lib\site-packages\telegram\_bot.py", line 697, in _post
    return await self._do_post(
           ^^^^^^^^^^^^^^^^^^^^
  File "C:\Users\LENOVO\Documents\CoinSeer\venv\Lib\site-packages\telegram\ext\_extbot.py", line 369, in _do_post
    return await super()._do_post(
           ^^^^^^^^^^^^^^^^^^^^^^^
  File "C:\Users\LENOVO\Documents\CoinSeer\venv\Lib\site-packages\telegram\_bot.py", line 726, in _do_post
    result = await request.post(
             ^^^^^^^^^^^^^^^^^^^
  File "C:\Users\LENOVO\Documents\CoinSeer\venv\Lib\site-packages\telegram\request\_baserequest.py", line 197, in post
    result = await self._request_wrapper(
             ^^^^^^^^^^^^^^^^^^^^^^^^^^^^
  File "C:\Users\LENOVO\Documents\CoinSeer\venv\Lib\site-packages\telegram\request\_baserequest.py", line 355, in _request_wrapper
    raise Conflict(message)
telegram.error.Conflict: Conflict: terminated by other getUpdates request; make sure that only one bot instance is running
2025-07-28 13:44:22,322 - httpx - INFO - HTTP Request: POST https://api.telegram.org/bot7509807012:AAFn0026Mstf8DXx1HICJu36WhgkOWmIDP4/getUpdates "HTTP/1.1 409 Conflict"
2025-07-28 13:44:22,324 - telegram.ext.Application - ERROR - No error handlers are registered, logging exception.
Traceback (most recent call last):
  File "C:\Users\LENOVO\Documents\CoinSeer\venv\Lib\site-packages\telegram\ext\_utils\networkloop.py", line 115, in network_retry_loop
    if not await do_action():
           ^^^^^^^^^^^^^^^^^
  File "C:\Users\LENOVO\Documents\CoinSeer\venv\Lib\site-packages\telegram\ext\_utils\networkloop.py", line 108, in do_action
    return action_cb_task.result()
           ^^^^^^^^^^^^^^^^^^^^^^^
  File "C:\Users\LENOVO\Documents\CoinSeer\venv\Lib\site-packages\telegram\ext\_updater.py", line 335, in polling_action_cb
    updates = await self.bot.get_updates(
              ^^^^^^^^^^^^^^^^^^^^^^^^^^^
  File "C:\Users\LENOVO\Documents\CoinSeer\venv\Lib\site-packages\telegram\ext\_extbot.py", line 669, in get_updates
    updates = await super().get_updates(
              ^^^^^^^^^^^^^^^^^^^^^^^^^^
  File "C:\Users\LENOVO\Documents\CoinSeer\venv\Lib\site-packages\telegram\_bot.py", line 4601, in get_updates
    await self._post(
  File "C:\Users\LENOVO\Documents\CoinSeer\venv\Lib\site-packages\telegram\_bot.py", line 697, in _post
    return await self._do_post(
           ^^^^^^^^^^^^^^^^^^^^
  File "C:\Users\LENOVO\Documents\CoinSeer\venv\Lib\site-packages\telegram\ext\_extbot.py", line 369, in _do_post
    return await super()._do_post(
           ^^^^^^^^^^^^^^^^^^^^^^^
  File "C:\Users\LENOVO\Documents\CoinSeer\venv\Lib\site-packages\telegram\_bot.py", line 726, in _do_post
    result = await request.post(
             ^^^^^^^^^^^^^^^^^^^
  File "C:\Users\LENOVO\Documents\CoinSeer\venv\Lib\site-packages\telegram\request\_baserequest.py", line 197, in post
    result = await self._request_wrapper(
             ^^^^^^^^^^^^^^^^^^^^^^^^^^^^
  File "C:\Users\LENOVO\Documents\CoinSeer\venv\Lib\site-packages\telegram\request\_baserequest.py", line 355, in _request_wrapper
    raise Conflict(message)
telegram.error.Conflict: Conflict: terminated by other getUpdates request; make sure that only one bot instance is running
2025-07-28 13:44:28,317 - apscheduler.executors.default - INFO - Running job "check_price_alerts (trigger: interval[0:01:00], next run at: 2025-07-28 12:45:28 UTC)" (scheduled at 2025-07-28 12:44:28.305486+00:00)
2025-07-28 13:44:28,323 - apscheduler.executors.default - INFO - Job "check_price_alerts (trigger: interval[0:01:00], next run at: 2025-07-28 12:45:28 UTC)" executed successfully
2025-07-28 13:44:29,468 - httpx - INFO - HTTP Request: POST https://api.telegram.org/bot7509807012:AAFn0026Mstf8DXx1HICJu36WhgkOWmIDP4/getUpdates "HTTP/1.1 200 OK"
2025-07-28 13:44:39,709 - httpx - INFO - HTTP Request: POST https://api.telegram.org/bot7509807012:AAFn0026Mstf8DXx1HICJu36WhgkOWmIDP4/getUpdates "HTTP/1.1 200 OK"
2025-07-28 13:44:46,150 - apscheduler.executors.default - INFO - Running job "check_price_alerts (trigger: interval[0:01:00], next run at: 2025-07-28 12:45:46 UTC)" (scheduled at 2025-07-28 12:44:46.130707+00:00)
2025-07-28 13:44:46,162 - apscheduler.executors.default - INFO - Job "check_price_alerts (trigger: interval[0:01:00], next run at: 2025-07-28 12:45:46 UTC)" executed successfully
2025-07-28 13:44:49,926 - httpx - INFO - HTTP Request: POST https://api.telegram.org/bot7509807012:AAFn0026Mstf8DXx1HICJu36WhgkOWmIDP4/getUpdates "HTTP/1.1 200 OK"
2025-07-28 13:44:53,007 - httpx - INFO - HTTP Request: POST https://api.telegram.org/bot7509807012:AAFn0026Mstf8DXx1HICJu36WhgkOWmIDP4/getUpdates "HTTP/1.1 409 Conflict"
2025-07-28 13:44:53,010 - telegram.ext.Application - ERROR - No error handlers are registered, logging exception.
Traceback (most recent call last):
  File "C:\Users\LENOVO\Documents\CoinSeer\venv\Lib\site-packages\telegram\ext\_utils\networkloop.py", line 115, in network_retry_loop
    if not await do_action():
           ^^^^^^^^^^^^^^^^^
  File "C:\Users\LENOVO\Documents\CoinSeer\venv\Lib\site-packages\telegram\ext\_utils\networkloop.py", line 108, in do_action
    return action_cb_task.result()
           ^^^^^^^^^^^^^^^^^^^^^^^
  File "C:\Users\LENOVO\Documents\CoinSeer\venv\Lib\site-packages\telegram\ext\_updater.py", line 335, in polling_action_cb
    updates = await self.bot.get_updates(
              ^^^^^^^^^^^^^^^^^^^^^^^^^^^
  File "C:\Users\LENOVO\Documents\CoinSeer\venv\Lib\site-packages\telegram\ext\_extbot.py", line 669, in get_updates
    updates = await super().get_updates(
              ^^^^^^^^^^^^^^^^^^^^^^^^^^
  File "C:\Users\LENOVO\Documents\CoinSeer\venv\Lib\site-packages\telegram\_bot.py", line 4601, in get_updates
    await self._post(
  File "C:\Users\LENOVO\Documents\CoinSeer\venv\Lib\site-packages\telegram\_bot.py", line 697, in _post
    return await self._do_post(
           ^^^^^^^^^^^^^^^^^^^^
  File "C:\Users\LENOVO\Documents\CoinSeer\venv\Lib\site-packages\telegram\ext\_extbot.py", line 369, in _do_post
    return await super()._do_post(
           ^^^^^^^^^^^^^^^^^^^^^^^
  File "C:\Users\LENOVO\Documents\CoinSeer\venv\Lib\site-packages\telegram\_bot.py", line 726, in _do_post
    result = await request.post(
             ^^^^^^^^^^^^^^^^^^^
  File "C:\Users\LENOVO\Documents\CoinSeer\venv\Lib\site-packages\telegram\request\_baserequest.py", line 197, in post
    result = await self._request_wrapper(
             ^^^^^^^^^^^^^^^^^^^^^^^^^^^^
  File "C:\Users\LENOVO\Documents\CoinSeer\venv\Lib\site-packages\telegram\request\_baserequest.py", line 355, in _request_wrapper
    raise Conflict(message)
telegram.error.Conflict: Conflict: terminated by other getUpdates request; make sure that only one bot instance is running
2025-07-28 13:44:57,281 - httpx - INFO - HTTP Request: POST https://api.telegram.org/bot7509807012:AAFn0026Mstf8DXx1HICJu36WhgkOWmIDP4/getUpdates "HTTP/1.1 409 Conflict"
2025-07-28 13:44:57,285 - telegram.ext.Application - ERROR - No error handlers are registered, logging exception.
Traceback (most recent call last):
  File "C:\Users\LENOVO\Documents\CoinSeer\venv\Lib\site-packages\telegram\ext\_utils\networkloop.py", line 115, in network_retry_loop
    if not await do_action():
           ^^^^^^^^^^^^^^^^^
  File "C:\Users\LENOVO\Documents\CoinSeer\venv\Lib\site-packages\telegram\ext\_utils\networkloop.py", line 108, in do_action
    return action_cb_task.result()
           ^^^^^^^^^^^^^^^^^^^^^^^
  File "C:\Users\LENOVO\Documents\CoinSeer\venv\Lib\site-packages\telegram\ext\_updater.py", line 335, in polling_action_cb
    updates = await self.bot.get_updates(
              ^^^^^^^^^^^^^^^^^^^^^^^^^^^
  File "C:\Users\LENOVO\Documents\CoinSeer\venv\Lib\site-packages\telegram\ext\_extbot.py", line 669, in get_updates
    updates = await super().get_updates(
              ^^^^^^^^^^^^^^^^^^^^^^^^^^
  File "C:\Users\LENOVO\Documents\CoinSeer\venv\Lib\site-packages\telegram\_bot.py", line 4601, in get_updates
    await self._post(
  File "C:\Users\LENOVO\Documents\CoinSeer\venv\Lib\site-packages\telegram\_bot.py", line 697, in _post
    return await self._do_post(
           ^^^^^^^^^^^^^^^^^^^^
  File "C:\Users\LENOVO\Documents\CoinSeer\venv\Lib\site-packages\telegram\ext\_extbot.py", line 369, in _do_post
    return await super()._do_post(
           ^^^^^^^^^^^^^^^^^^^^^^^
  File "C:\Users\LENOVO\Documents\CoinSeer\venv\Lib\site-packages\telegram\_bot.py", line 726, in _do_post
    result = await request.post(
             ^^^^^^^^^^^^^^^^^^^
  File "C:\Users\LENOVO\Documents\CoinSeer\venv\Lib\site-packages\telegram\request\_baserequest.py", line 197, in post
    result = await self._request_wrapper(
             ^^^^^^^^^^^^^^^^^^^^^^^^^^^^
  File "C:\Users\LENOVO\Documents\CoinSeer\venv\Lib\site-packages\telegram\request\_baserequest.py", line 355, in _request_wrapper
    raise Conflict(message)
telegram.error.Conflict: Conflict: terminated by other getUpdates request; make sure that only one bot instance is running
2025-07-28 13:45:04,336 - httpx - INFO - HTTP Request: POST https://api.telegram.org/bot7509807012:AAFn0026Mstf8DXx1HICJu36WhgkOWmIDP4/getUpdates "HTTP/1.1 200 OK"
2025-07-28 13:45:14,680 - httpx - INFO - HTTP Request: POST https://api.telegram.org/bot7509807012:AAFn0026Mstf8DXx1HICJu36WhgkOWmIDP4/getUpdates "HTTP/1.1 200 OK"
2025-07-28 13:45:24,873 - httpx - INFO - HTTP Request: POST https://api.telegram.org/bot7509807012:AAFn0026Mstf8DXx1HICJu36WhgkOWmIDP4/getUpdates "HTTP/1.1 200 OK"
2025-07-28 13:45:28,317 - apscheduler.executors.default - INFO - Running job "check_price_alerts (trigger: interval[0:01:00], next run at: 2025-07-28 12:46:28 UTC)" (scheduled at 2025-07-28 12:45:28.305486+00:00)
2025-07-28 13:45:28,324 - apscheduler.executors.default - INFO - Job "check_price_alerts (trigger: interval[0:01:00], next run at: 2025-07-28 12:46:28 UTC)" executed successfully
2025-07-28 13:45:28,451 - httpx - INFO - HTTP Request: POST https://api.telegram.org/bot7509807012:AAFn0026Mstf8DXx1HICJu36WhgkOWmIDP4/getUpdates "HTTP/1.1 409 Conflict"
2025-07-28 13:45:28,455 - telegram.ext.Application - ERROR - No error handlers are registered, logging exception.
Traceback (most recent call last):
  File "C:\Users\LENOVO\Documents\CoinSeer\venv\Lib\site-packages\telegram\ext\_utils\networkloop.py", line 115, in network_retry_loop
    if not await do_action():
           ^^^^^^^^^^^^^^^^^
  File "C:\Users\LENOVO\Documents\CoinSeer\venv\Lib\site-packages\telegram\ext\_utils\networkloop.py", line 108, in do_action
    return action_cb_task.result()
           ^^^^^^^^^^^^^^^^^^^^^^^
  File "C:\Users\LENOVO\Documents\CoinSeer\venv\Lib\site-packages\telegram\ext\_updater.py", line 335, in polling_action_cb
    updates = await self.bot.get_updates(
              ^^^^^^^^^^^^^^^^^^^^^^^^^^^
  File "C:\Users\LENOVO\Documents\CoinSeer\venv\Lib\site-packages\telegram\ext\_extbot.py", line 669, in get_updates
    updates = await super().get_updates(
              ^^^^^^^^^^^^^^^^^^^^^^^^^^
  File "C:\Users\LENOVO\Documents\CoinSeer\venv\Lib\site-packages\telegram\_bot.py", line 4601, in get_updates
    await self._post(
  File "C:\Users\LENOVO\Documents\CoinSeer\venv\Lib\site-packages\telegram\_bot.py", line 697, in _post
    return await self._do_post(
           ^^^^^^^^^^^^^^^^^^^^
  File "C:\Users\LENOVO\Documents\CoinSeer\venv\Lib\site-packages\telegram\ext\_extbot.py", line 369, in _do_post
    return await super()._do_post(
           ^^^^^^^^^^^^^^^^^^^^^^^
  File "C:\Users\LENOVO\Documents\CoinSeer\venv\Lib\site-packages\telegram\_bot.py", line 726, in _do_post
    result = await request.post(
             ^^^^^^^^^^^^^^^^^^^
  File "C:\Users\LENOVO\Documents\CoinSeer\venv\Lib\site-packages\telegram\request\_baserequest.py", line 197, in post
    result = await self._request_wrapper(
             ^^^^^^^^^^^^^^^^^^^^^^^^^^^^
  File "C:\Users\LENOVO\Documents\CoinSeer\venv\Lib\site-packages\telegram\request\_baserequest.py", line 355, in _request_wrapper
    raise Conflict(message)
telegram.error.Conflict: Conflict: terminated by other getUpdates request; make sure that only one bot instance is running
2025-07-28 13:45:32,647 - httpx - INFO - HTTP Request: POST https://api.telegram.org/bot7509807012:AAFn0026Mstf8DXx1HICJu36WhgkOWmIDP4/getUpdates "HTTP/1.1 409 Conflict"
2025-07-28 13:45:32,649 - telegram.ext.Application - ERROR - No error handlers are registered, logging exception.
Traceback (most recent call last):
  File "C:\Users\LENOVO\Documents\CoinSeer\venv\Lib\site-packages\telegram\ext\_utils\networkloop.py", line 115, in network_retry_loop
    if not await do_action():
           ^^^^^^^^^^^^^^^^^
  File "C:\Users\LENOVO\Documents\CoinSeer\venv\Lib\site-packages\telegram\ext\_utils\networkloop.py", line 108, in do_action
    return action_cb_task.result()
           ^^^^^^^^^^^^^^^^^^^^^^^
  File "C:\Users\LENOVO\Documents\CoinSeer\venv\Lib\site-packages\telegram\ext\_updater.py", line 335, in polling_action_cb
    updates = await self.bot.get_updates(
              ^^^^^^^^^^^^^^^^^^^^^^^^^^^
  File "C:\Users\LENOVO\Documents\CoinSeer\venv\Lib\site-packages\telegram\ext\_extbot.py", line 669, in get_updates
    updates = await super().get_updates(
              ^^^^^^^^^^^^^^^^^^^^^^^^^^
  File "C:\Users\LENOVO\Documents\CoinSeer\venv\Lib\site-packages\telegram\_bot.py", line 4601, in get_updates
    await self._post(
  File "C:\Users\LENOVO\Documents\CoinSeer\venv\Lib\site-packages\telegram\_bot.py", line 697, in _post
    return await self._do_post(
           ^^^^^^^^^^^^^^^^^^^^
  File "C:\Users\LENOVO\Documents\CoinSeer\venv\Lib\site-packages\telegram\ext\_extbot.py", line 369, in _do_post
    return await super()._do_post(
           ^^^^^^^^^^^^^^^^^^^^^^^
  File "C:\Users\LENOVO\Documents\CoinSeer\venv\Lib\site-packages\telegram\_bot.py", line 726, in _do_post
    result = await request.post(
             ^^^^^^^^^^^^^^^^^^^
  File "C:\Users\LENOVO\Documents\CoinSeer\venv\Lib\site-packages\telegram\request\_baserequest.py", line 197, in post
    result = await self._request_wrapper(
             ^^^^^^^^^^^^^^^^^^^^^^^^^^^^
  File "C:\Users\LENOVO\Documents\CoinSeer\venv\Lib\site-packages\telegram\request\_baserequest.py", line 355, in _request_wrapper
    raise Conflict(message)
telegram.error.Conflict: Conflict: terminated by other getUpdates request; make sure that only one bot instance is running
2025-07-28 13:45:39,646 - httpx - INFO - HTTP Request: POST https://api.telegram.org/bot7509807012:AAFn0026Mstf8DXx1HICJu36WhgkOWmIDP4/getUpdates "HTTP/1.1 200 OK"
2025-07-28 13:45:46,156 - apscheduler.executors.default - INFO - Running job "check_price_alerts (trigger: interval[0:01:00], next run at: 2025-07-28 12:46:46 UTC)" (scheduled at 2025-07-28 12:45:46.130707+00:00)
2025-07-28 13:45:46,164 - apscheduler.executors.default - INFO - Job "check_price_alerts (trigger: interval[0:01:00], next run at: 2025-07-28 12:46:46 UTC)" executed successfully
2025-07-28 13:45:46,166 - apscheduler.executors.default - INFO - Running job "check_volume_alerts (trigger: interval[0:05:00], next run at: 2025-07-28 12:50:46 UTC)" (scheduled at 2025-07-28 12:45:46.153148+00:00)
2025-07-28 13:45:46,175 - apscheduler.executors.default - INFO - Job "check_volume_alerts (trigger: interval[0:05:00], next run at: 2025-07-28 12:50:46 UTC)" executed successfully
2025-07-28 13:45:49,838 - httpx - INFO - HTTP Request: POST https://api.telegram.org/bot7509807012:AAFn0026Mstf8DXx1HICJu36WhgkOWmIDP4/getUpdates "HTTP/1.1 200 OK"
2025-07-28 13:46:00,188 - httpx - INFO - HTTP Request: POST https://api.telegram.org/bot7509807012:AAFn0026Mstf8DXx1HICJu36WhgkOWmIDP4/getUpdates "HTTP/1.1 200 OK"
2025-07-28 13:46:03,264 - httpx - INFO - HTTP Request: POST https://api.telegram.org/bot7509807012:AAFn0026Mstf8DXx1HICJu36WhgkOWmIDP4/getUpdates "HTTP/1.1 409 Conflict"
2025-07-28 13:46:03,268 - telegram.ext.Application - ERROR - No error handlers are registered, logging exception.
Traceback (most recent call last):
  File "C:\Users\LENOVO\Documents\CoinSeer\venv\Lib\site-packages\telegram\ext\_utils\networkloop.py", line 115, in network_retry_loop
    if not await do_action():
           ^^^^^^^^^^^^^^^^^
  File "C:\Users\LENOVO\Documents\CoinSeer\venv\Lib\site-packages\telegram\ext\_utils\networkloop.py", line 108, in do_action
    return action_cb_task.result()
           ^^^^^^^^^^^^^^^^^^^^^^^
  File "C:\Users\LENOVO\Documents\CoinSeer\venv\Lib\site-packages\telegram\ext\_updater.py", line 335, in polling_action_cb
    updates = await self.bot.get_updates(
              ^^^^^^^^^^^^^^^^^^^^^^^^^^^
  File "C:\Users\LENOVO\Documents\CoinSeer\venv\Lib\site-packages\telegram\ext\_extbot.py", line 669, in get_updates
    updates = await super().get_updates(
              ^^^^^^^^^^^^^^^^^^^^^^^^^^
  File "C:\Users\LENOVO\Documents\CoinSeer\venv\Lib\site-packages\telegram\_bot.py", line 4601, in get_updates
    await self._post(
  File "C:\Users\LENOVO\Documents\CoinSeer\venv\Lib\site-packages\telegram\_bot.py", line 697, in _post
    return await self._do_post(
           ^^^^^^^^^^^^^^^^^^^^
  File "C:\Users\LENOVO\Documents\CoinSeer\venv\Lib\site-packages\telegram\ext\_extbot.py", line 369, in _do_post
    return await super()._do_post(
           ^^^^^^^^^^^^^^^^^^^^^^^
  File "C:\Users\LENOVO\Documents\CoinSeer\venv\Lib\site-packages\telegram\_bot.py", line 726, in _do_post
    result = await request.post(
             ^^^^^^^^^^^^^^^^^^^
  File "C:\Users\LENOVO\Documents\CoinSeer\venv\Lib\site-packages\telegram\request\_baserequest.py", line 197, in post
    result = await self._request_wrapper(
             ^^^^^^^^^^^^^^^^^^^^^^^^^^^^
  File "C:\Users\LENOVO\Documents\CoinSeer\venv\Lib\site-packages\telegram\request\_baserequest.py", line 355, in _request_wrapper
    raise Conflict(message)
telegram.error.Conflict: Conflict: terminated by other getUpdates request; make sure that only one bot instance is running
2025-07-28 13:46:07,574 - httpx - INFO - HTTP Request: POST https://api.telegram.org/bot7509807012:AAFn0026Mstf8DXx1HICJu36WhgkOWmIDP4/getUpdates "HTTP/1.1 409 Conflict"
2025-07-28 13:46:07,614 - telegram.ext.Application - ERROR - No error handlers are registered, logging exception.
Traceback (most recent call last):
  File "C:\Users\LENOVO\Documents\CoinSeer\venv\Lib\site-packages\telegram\ext\_utils\networkloop.py", line 115, in network_retry_loop
    if not await do_action():
           ^^^^^^^^^^^^^^^^^
  File "C:\Users\LENOVO\Documents\CoinSeer\venv\Lib\site-packages\telegram\ext\_utils\networkloop.py", line 108, in do_action
    return action_cb_task.result()
           ^^^^^^^^^^^^^^^^^^^^^^^
  File "C:\Users\LENOVO\Documents\CoinSeer\venv\Lib\site-packages\telegram\ext\_updater.py", line 335, in polling_action_cb
    updates = await self.bot.get_updates(
              ^^^^^^^^^^^^^^^^^^^^^^^^^^^
  File "C:\Users\LENOVO\Documents\CoinSeer\venv\Lib\site-packages\telegram\ext\_extbot.py", line 669, in get_updates
    updates = await super().get_updates(
              ^^^^^^^^^^^^^^^^^^^^^^^^^^
  File "C:\Users\LENOVO\Documents\CoinSeer\venv\Lib\site-packages\telegram\_bot.py", line 4601, in get_updates
    await self._post(
  File "C:\Users\LENOVO\Documents\CoinSeer\venv\Lib\site-packages\telegram\_bot.py", line 697, in _post
    return await self._do_post(
           ^^^^^^^^^^^^^^^^^^^^
  File "C:\Users\LENOVO\Documents\CoinSeer\venv\Lib\site-packages\telegram\ext\_extbot.py", line 369, in _do_post
    return await super()._do_post(
           ^^^^^^^^^^^^^^^^^^^^^^^
  File "C:\Users\LENOVO\Documents\CoinSeer\venv\Lib\site-packages\telegram\_bot.py", line 726, in _do_post
    result = await request.post(
             ^^^^^^^^^^^^^^^^^^^
  File "C:\Users\LENOVO\Documents\CoinSeer\venv\Lib\site-packages\telegram\request\_baserequest.py", line 197, in post
    result = await self._request_wrapper(
             ^^^^^^^^^^^^^^^^^^^^^^^^^^^^
  File "C:\Users\LENOVO\Documents\CoinSeer\venv\Lib\site-packages\telegram\request\_baserequest.py", line 355, in _request_wrapper
    raise Conflict(message)
telegram.error.Conflict: Conflict: terminated by other getUpdates request; make sure that only one bot instance is running
2025-07-28 13:46:14,525 - httpx - INFO - HTTP Request: POST https://api.telegram.org/bot7509807012:AAFn0026Mstf8DXx1HICJu36WhgkOWmIDP4/getUpdates "HTTP/1.1 200 OK"
2025-07-28 13:46:24,741 - httpx - INFO - HTTP Request: POST https://api.telegram.org/bot7509807012:AAFn0026Mstf8DXx1HICJu36WhgkOWmIDP4/getUpdates "HTTP/1.1 200 OK"
2025-07-28 13:46:28,312 - apscheduler.executors.default - INFO - Running job "check_price_alerts (trigger: interval[0:01:00], next run at: 2025-07-28 12:47:28 UTC)" (scheduled at 2025-07-28 12:46:28.305486+00:00)
2025-07-28 13:46:28,317 - apscheduler.executors.default - INFO - Job "check_price_alerts (trigger: interval[0:01:00], next run at: 2025-07-28 12:47:28 UTC)" executed successfully
2025-07-28 13:46:35,004 - httpx - INFO - HTTP Request: POST https://api.telegram.org/bot7509807012:AAFn0026Mstf8DXx1HICJu36WhgkOWmIDP4/getUpdates "HTTP/1.1 200 OK"
2025-07-28 13:46:38,282 - httpx - INFO - HTTP Request: POST https://api.telegram.org/bot7509807012:AAFn0026Mstf8DXx1HICJu36WhgkOWmIDP4/getUpdates "HTTP/1.1 409 Conflict"
2025-07-28 13:46:38,288 - telegram.ext.Application - ERROR - No error handlers are registered, logging exception.
Traceback (most recent call last):
  File "C:\Users\LENOVO\Documents\CoinSeer\venv\Lib\site-packages\telegram\ext\_utils\networkloop.py", line 115, in network_retry_loop
    if not await do_action():
           ^^^^^^^^^^^^^^^^^
  File "C:\Users\LENOVO\Documents\CoinSeer\venv\Lib\site-packages\telegram\ext\_utils\networkloop.py", line 108, in do_action
    return action_cb_task.result()
           ^^^^^^^^^^^^^^^^^^^^^^^
  File "C:\Users\LENOVO\Documents\CoinSeer\venv\Lib\site-packages\telegram\ext\_updater.py", line 335, in polling_action_cb
    updates = await self.bot.get_updates(
              ^^^^^^^^^^^^^^^^^^^^^^^^^^^
  File "C:\Users\LENOVO\Documents\CoinSeer\venv\Lib\site-packages\telegram\ext\_extbot.py", line 669, in get_updates
    updates = await super().get_updates(
              ^^^^^^^^^^^^^^^^^^^^^^^^^^
  File "C:\Users\LENOVO\Documents\CoinSeer\venv\Lib\site-packages\telegram\_bot.py", line 4601, in get_updates
    await self._post(
  File "C:\Users\LENOVO\Documents\CoinSeer\venv\Lib\site-packages\telegram\_bot.py", line 697, in _post
    return await self._do_post(
           ^^^^^^^^^^^^^^^^^^^^
  File "C:\Users\LENOVO\Documents\CoinSeer\venv\Lib\site-packages\telegram\ext\_extbot.py", line 369, in _do_post
    return await super()._do_post(
           ^^^^^^^^^^^^^^^^^^^^^^^
  File "C:\Users\LENOVO\Documents\CoinSeer\venv\Lib\site-packages\telegram\_bot.py", line 726, in _do_post
    result = await request.post(
             ^^^^^^^^^^^^^^^^^^^
  File "C:\Users\LENOVO\Documents\CoinSeer\venv\Lib\site-packages\telegram\request\_baserequest.py", line 197, in post
    result = await self._request_wrapper(
             ^^^^^^^^^^^^^^^^^^^^^^^^^^^^
  File "C:\Users\LENOVO\Documents\CoinSeer\venv\Lib\site-packages\telegram\request\_baserequest.py", line 355, in _request_wrapper
    raise Conflict(message)
telegram.error.Conflict: Conflict: terminated by other getUpdates request; make sure that only one bot instance is running
2025-07-28 13:46:42,481 - httpx - INFO - HTTP Request: POST https://api.telegram.org/bot7509807012:AAFn0026Mstf8DXx1HICJu36WhgkOWmIDP4/getUpdates "HTTP/1.1 409 Conflict"
2025-07-28 13:46:42,486 - telegram.ext.Application - ERROR - No error handlers are registered, logging exception.
Traceback (most recent call last):
  File "C:\Users\LENOVO\Documents\CoinSeer\venv\Lib\site-packages\telegram\ext\_utils\networkloop.py", line 115, in network_retry_loop
    if not await do_action():
           ^^^^^^^^^^^^^^^^^
  File "C:\Users\LENOVO\Documents\CoinSeer\venv\Lib\site-packages\telegram\ext\_utils\networkloop.py", line 108, in do_action
    return action_cb_task.result()
           ^^^^^^^^^^^^^^^^^^^^^^^
  File "C:\Users\LENOVO\Documents\CoinSeer\venv\Lib\site-packages\telegram\ext\_updater.py", line 335, in polling_action_cb
    updates = await self.bot.get_updates(
              ^^^^^^^^^^^^^^^^^^^^^^^^^^^
  File "C:\Users\LENOVO\Documents\CoinSeer\venv\Lib\site-packages\telegram\ext\_extbot.py", line 669, in get_updates
    updates = await super().get_updates(
              ^^^^^^^^^^^^^^^^^^^^^^^^^^
  File "C:\Users\LENOVO\Documents\CoinSeer\venv\Lib\site-packages\telegram\_bot.py", line 4601, in get_updates
    await self._post(
  File "C:\Users\LENOVO\Documents\CoinSeer\venv\Lib\site-packages\telegram\_bot.py", line 697, in _post
    return await self._do_post(
           ^^^^^^^^^^^^^^^^^^^^
  File "C:\Users\LENOVO\Documents\CoinSeer\venv\Lib\site-packages\telegram\ext\_extbot.py", line 369, in _do_post
    return await super()._do_post(
           ^^^^^^^^^^^^^^^^^^^^^^^
  File "C:\Users\LENOVO\Documents\CoinSeer\venv\Lib\site-packages\telegram\_bot.py", line 726, in _do_post
    result = await request.post(
             ^^^^^^^^^^^^^^^^^^^
  File "C:\Users\LENOVO\Documents\CoinSeer\venv\Lib\site-packages\telegram\request\_baserequest.py", line 197, in post
    result = await self._request_wrapper(
             ^^^^^^^^^^^^^^^^^^^^^^^^^^^^
  File "C:\Users\LENOVO\Documents\CoinSeer\venv\Lib\site-packages\telegram\request\_baserequest.py", line 355, in _request_wrapper
    raise Conflict(message)
telegram.error.Conflict: Conflict: terminated by other getUpdates request; make sure that only one bot instance is running
2025-07-28 13:46:46,146 - apscheduler.executors.default - INFO - Running job "check_price_alerts (trigger: interval[0:01:00], next run at: 2025-07-28 12:47:46 UTC)" (scheduled at 2025-07-28 12:46:46.130707+00:00)
2025-07-28 13:46:46,153 - apscheduler.executors.default - INFO - Job "check_price_alerts (trigger: interval[0:01:00], next run at: 2025-07-28 12:47:46 UTC)" executed successfully
2025-07-28 13:46:49,545 - httpx - INFO - HTTP Request: POST https://api.telegram.org/bot7509807012:AAFn0026Mstf8DXx1HICJu36WhgkOWmIDP4/getUpdates "HTTP/1.1 200 OK"
2025-07-28 13:46:59,772 - httpx - INFO - HTTP Request: POST https://api.telegram.org/bot7509807012:AAFn0026Mstf8DXx1HICJu36WhgkOWmIDP4/getUpdates "HTTP/1.1 200 OK"
2025-07-28 13:47:10,127 - httpx - INFO - HTTP Request: POST https://api.telegram.org/bot7509807012:AAFn0026Mstf8DXx1HICJu36WhgkOWmIDP4/getUpdates "HTTP/1.1 200 OK"
2025-07-28 13:47:13,610 - httpx - INFO - HTTP Request: POST https://api.telegram.org/bot7509807012:AAFn0026Mstf8DXx1HICJu36WhgkOWmIDP4/getUpdates "HTTP/1.1 409 Conflict"
2025-07-28 13:47:13,614 - telegram.ext.Application - ERROR - No error handlers are registered, logging exception.
Traceback (most recent call last):
  File "C:\Users\LENOVO\Documents\CoinSeer\venv\Lib\site-packages\telegram\ext\_utils\networkloop.py", line 115, in network_retry_loop
    if not await do_action():
           ^^^^^^^^^^^^^^^^^
  File "C:\Users\LENOVO\Documents\CoinSeer\venv\Lib\site-packages\telegram\ext\_utils\networkloop.py", line 108, in do_action
    return action_cb_task.result()
           ^^^^^^^^^^^^^^^^^^^^^^^
  File "C:\Users\LENOVO\Documents\CoinSeer\venv\Lib\site-packages\telegram\ext\_updater.py", line 335, in polling_action_cb
    updates = await self.bot.get_updates(
              ^^^^^^^^^^^^^^^^^^^^^^^^^^^
  File "C:\Users\LENOVO\Documents\CoinSeer\venv\Lib\site-packages\telegram\ext\_extbot.py", line 669, in get_updates
    updates = await super().get_updates(
              ^^^^^^^^^^^^^^^^^^^^^^^^^^
  File "C:\Users\LENOVO\Documents\CoinSeer\venv\Lib\site-packages\telegram\_bot.py", line 4601, in get_updates
    await self._post(
  File "C:\Users\LENOVO\Documents\CoinSeer\venv\Lib\site-packages\telegram\_bot.py", line 697, in _post
    return await self._do_post(
           ^^^^^^^^^^^^^^^^^^^^
  File "C:\Users\LENOVO\Documents\CoinSeer\venv\Lib\site-packages\telegram\ext\_extbot.py", line 369, in _do_post
    return await super()._do_post(
           ^^^^^^^^^^^^^^^^^^^^^^^
  File "C:\Users\LENOVO\Documents\CoinSeer\venv\Lib\site-packages\telegram\_bot.py", line 726, in _do_post
    result = await request.post(
             ^^^^^^^^^^^^^^^^^^^
  File "C:\Users\LENOVO\Documents\CoinSeer\venv\Lib\site-packages\telegram\request\_baserequest.py", line 197, in post
    result = await self._request_wrapper(
             ^^^^^^^^^^^^^^^^^^^^^^^^^^^^
  File "C:\Users\LENOVO\Documents\CoinSeer\venv\Lib\site-packages\telegram\request\_baserequest.py", line 355, in _request_wrapper
    raise Conflict(message)
telegram.error.Conflict: Conflict: terminated by other getUpdates request; make sure that only one bot instance is running
2025-07-28 13:47:17,777 - httpx - INFO - HTTP Request: POST https://api.telegram.org/bot7509807012:AAFn0026Mstf8DXx1HICJu36WhgkOWmIDP4/getUpdates "HTTP/1.1 409 Conflict"
2025-07-28 13:47:17,779 - telegram.ext.Application - ERROR - No error handlers are registered, logging exception.
Traceback (most recent call last):
  File "C:\Users\LENOVO\Documents\CoinSeer\venv\Lib\site-packages\telegram\ext\_utils\networkloop.py", line 115, in network_retry_loop
    if not await do_action():
           ^^^^^^^^^^^^^^^^^
  File "C:\Users\LENOVO\Documents\CoinSeer\venv\Lib\site-packages\telegram\ext\_utils\networkloop.py", line 108, in do_action
    return action_cb_task.result()
           ^^^^^^^^^^^^^^^^^^^^^^^
  File "C:\Users\LENOVO\Documents\CoinSeer\venv\Lib\site-packages\telegram\ext\_updater.py", line 335, in polling_action_cb
    updates = await self.bot.get_updates(
              ^^^^^^^^^^^^^^^^^^^^^^^^^^^
  File "C:\Users\LENOVO\Documents\CoinSeer\venv\Lib\site-packages\telegram\ext\_extbot.py", line 669, in get_updates
    updates = await super().get_updates(
              ^^^^^^^^^^^^^^^^^^^^^^^^^^
  File "C:\Users\LENOVO\Documents\CoinSeer\venv\Lib\site-packages\telegram\_bot.py", line 4601, in get_updates
    await self._post(
  File "C:\Users\LENOVO\Documents\CoinSeer\venv\Lib\site-packages\telegram\_bot.py", line 697, in _post
    return await self._do_post(
           ^^^^^^^^^^^^^^^^^^^^
  File "C:\Users\LENOVO\Documents\CoinSeer\venv\Lib\site-packages\telegram\ext\_extbot.py", line 369, in _do_post
    return await super()._do_post(
           ^^^^^^^^^^^^^^^^^^^^^^^
  File "C:\Users\LENOVO\Documents\CoinSeer\venv\Lib\site-packages\telegram\_bot.py", line 726, in _do_post
    result = await request.post(
             ^^^^^^^^^^^^^^^^^^^
  File "C:\Users\LENOVO\Documents\CoinSeer\venv\Lib\site-packages\telegram\request\_baserequest.py", line 197, in post
    result = await self._request_wrapper(
             ^^^^^^^^^^^^^^^^^^^^^^^^^^^^
  File "C:\Users\LENOVO\Documents\CoinSeer\venv\Lib\site-packages\telegram\request\_baserequest.py", line 355, in _request_wrapper
    raise Conflict(message)
telegram.error.Conflict: Conflict: terminated by other getUpdates request; make sure that only one bot instance is running
2025-07-28 13:47:24,831 - httpx - INFO - HTTP Request: POST https://api.telegram.org/bot7509807012:AAFn0026Mstf8DXx1HICJu36WhgkOWmIDP4/getUpdates "HTTP/1.1 200 OK"
2025-07-28 13:47:28,308 - apscheduler.executors.default - INFO - Running job "check_price_alerts (trigger: interval[0:01:00], next run at: 2025-07-28 12:48:28 UTC)" (scheduled at 2025-07-28 12:47:28.305486+00:00)
2025-07-28 13:47:28,311 - apscheduler.executors.default - INFO - Job "check_price_alerts (trigger: interval[0:01:00], next run at: 2025-07-28 12:48:28 UTC)" executed successfully
2025-07-28 13:47:32,602 - httpx - INFO - HTTP Request: POST https://api.telegram.org/bot7509807012:AAFn0026Mstf8DXx1HICJu36WhgkOWmIDP4/getUpdates "HTTP/1.1 200 OK"
2025-07-28 13:47:33,279 - httpx - INFO - HTTP Request: POST https://api.telegram.org/bot7509807012:AAFn0026Mstf8DXx1HICJu36WhgkOWmIDP4/answerCallbackQuery "HTTP/1.1 200 OK"
2025-07-28 13:47:34,010 - telegram.ext.Application - ERROR - No error handlers are registered, logging exception.
Traceback (most recent call last):
  File "C:\Users\LENOVO\Documents\CoinSeer\venv\Lib\site-packages\telegram\ext\_application.py", line 1298, in process_update
    await coroutine
  File "C:\Users\LENOVO\Documents\CoinSeer\venv\Lib\site-packages\telegram\ext\_handlers\conversationhandler.py", line 842, in handle_update
    new_state: object = await handler.handle_update(
                        ^^^^^^^^^^^^^^^^^^^^^^^^^^^^
  File "C:\Users\LENOVO\Documents\CoinSeer\venv\Lib\site-packages\telegram\ext\_handlers\basehandler.py", line 158, in handle_update
    return await self.callback(update, context)
           ^^^^^^^^^^^^^^^^^^^^^^^^^^^^^^^^^^^^
  File "C:\Users\LENOVO\Documents\CoinSeer\bot_handlers.py", line 523, in alert_coin_received
    await update.message.reply_text(message, parse_mode=ParseMode.MARKDOWN)
          ^^^^^^^^^^^^^^^^^^^^^^^^^
AttributeError: 'NoneType' object has no attribute 'reply_text'
2025-07-28 13:47:42,836 - httpx - INFO - HTTP Request: POST https://api.telegram.org/bot7509807012:AAFn0026Mstf8DXx1HICJu36WhgkOWmIDP4/getUpdates "HTTP/1.1 200 OK"
2025-07-28 13:47:46,150 - apscheduler.executors.default - INFO - Running job "check_price_alerts (trigger: interval[0:01:00], next run at: 2025-07-28 12:48:46 UTC)" (scheduled at 2025-07-28 12:47:46.130707+00:00)
2025-07-28 13:47:46,153 - apscheduler.executors.default - INFO - Job "check_price_alerts (trigger: interval[0:01:00], next run at: 2025-07-28 12:48:46 UTC)" executed successfully
2025-07-28 13:47:46,713 - httpx - INFO - HTTP Request: POST https://api.telegram.org/bot7509807012:AAFn0026Mstf8DXx1HICJu36WhgkOWmIDP4/getUpdates "HTTP/1.1 200 OK"
2025-07-28 13:47:48,370 - httpx - INFO - HTTP Request: POST https://api.telegram.org/bot7509807012:AAFn0026Mstf8DXx1HICJu36WhgkOWmIDP4/getUpdates "HTTP/1.1 409 Conflict"
2025-07-28 13:47:48,374 - telegram.ext.Application - ERROR - No error handlers are registered, logging exception.
Traceback (most recent call last):
  File "C:\Users\LENOVO\Documents\CoinSeer\venv\Lib\site-packages\telegram\ext\_utils\networkloop.py", line 115, in network_retry_loop
    if not await do_action():
           ^^^^^^^^^^^^^^^^^
  File "C:\Users\LENOVO\Documents\CoinSeer\venv\Lib\site-packages\telegram\ext\_utils\networkloop.py", line 108, in do_action
    return action_cb_task.result()
           ^^^^^^^^^^^^^^^^^^^^^^^
  File "C:\Users\LENOVO\Documents\CoinSeer\venv\Lib\site-packages\telegram\ext\_updater.py", line 335, in polling_action_cb
    updates = await self.bot.get_updates(
              ^^^^^^^^^^^^^^^^^^^^^^^^^^^
  File "C:\Users\LENOVO\Documents\CoinSeer\venv\Lib\site-packages\telegram\ext\_extbot.py", line 669, in get_updates
    updates = await super().get_updates(
              ^^^^^^^^^^^^^^^^^^^^^^^^^^
  File "C:\Users\LENOVO\Documents\CoinSeer\venv\Lib\site-packages\telegram\_bot.py", line 4601, in get_updates
    await self._post(
  File "C:\Users\LENOVO\Documents\CoinSeer\venv\Lib\site-packages\telegram\_bot.py", line 697, in _post
    return await self._do_post(
           ^^^^^^^^^^^^^^^^^^^^
  File "C:\Users\LENOVO\Documents\CoinSeer\venv\Lib\site-packages\telegram\ext\_extbot.py", line 369, in _do_post
    return await super()._do_post(
           ^^^^^^^^^^^^^^^^^^^^^^^
  File "C:\Users\LENOVO\Documents\CoinSeer\venv\Lib\site-packages\telegram\_bot.py", line 726, in _do_post
    result = await request.post(
             ^^^^^^^^^^^^^^^^^^^
  File "C:\Users\LENOVO\Documents\CoinSeer\venv\Lib\site-packages\telegram\request\_baserequest.py", line 197, in post
    result = await self._request_wrapper(
             ^^^^^^^^^^^^^^^^^^^^^^^^^^^^
  File "C:\Users\LENOVO\Documents\CoinSeer\venv\Lib\site-packages\telegram\request\_baserequest.py", line 355, in _request_wrapper
    raise Conflict(message)
telegram.error.Conflict: Conflict: terminated by other getUpdates request; make sure that only one bot instance is running
2025-07-28 13:47:48,713 - httpx - INFO - HTTP Request: POST https://api.telegram.org/bot7509807012:AAFn0026Mstf8DXx1HICJu36WhgkOWmIDP4/answerCallbackQuery "HTTP/1.1 200 OK"
2025-07-28 13:47:48,936 - telegram.ext.Application - ERROR - No error handlers are registered, logging exception.
Traceback (most recent call last):
  File "C:\Users\LENOVO\Documents\CoinSeer\venv\Lib\site-packages\telegram\ext\_application.py", line 1298, in process_update
    await coroutine
  File "C:\Users\LENOVO\Documents\CoinSeer\venv\Lib\site-packages\telegram\ext\_handlers\conversationhandler.py", line 842, in handle_update
    new_state: object = await handler.handle_update(
                        ^^^^^^^^^^^^^^^^^^^^^^^^^^^^
  File "C:\Users\LENOVO\Documents\CoinSeer\venv\Lib\site-packages\telegram\ext\_handlers\basehandler.py", line 158, in handle_update
    return await self.callback(update, context)
           ^^^^^^^^^^^^^^^^^^^^^^^^^^^^^^^^^^^^
  File "C:\Users\LENOVO\Documents\CoinSeer\bot_handlers.py", line 523, in alert_coin_received
    await update.message.reply_text(message, parse_mode=ParseMode.MARKDOWN)
          ^^^^^^^^^^^^^^^^^^^^^^^^^
AttributeError: 'NoneType' object has no attribute 'reply_text'
2025-07-28 13:47:52,623 - httpx - INFO - HTTP Request: POST https://api.telegram.org/bot7509807012:AAFn0026Mstf8DXx1HICJu36WhgkOWmIDP4/getUpdates "HTTP/1.1 409 Conflict"
2025-07-28 13:47:52,626 - telegram.ext.Application - ERROR - No error handlers are registered, logging exception.
Traceback (most recent call last):
  File "C:\Users\LENOVO\Documents\CoinSeer\venv\Lib\site-packages\telegram\ext\_utils\networkloop.py", line 115, in network_retry_loop
    if not await do_action():
           ^^^^^^^^^^^^^^^^^
  File "C:\Users\LENOVO\Documents\CoinSeer\venv\Lib\site-packages\telegram\ext\_utils\networkloop.py", line 108, in do_action
    return action_cb_task.result()
           ^^^^^^^^^^^^^^^^^^^^^^^
  File "C:\Users\LENOVO\Documents\CoinSeer\venv\Lib\site-packages\telegram\ext\_updater.py", line 335, in polling_action_cb
    updates = await self.bot.get_updates(
              ^^^^^^^^^^^^^^^^^^^^^^^^^^^
  File "C:\Users\LENOVO\Documents\CoinSeer\venv\Lib\site-packages\telegram\ext\_extbot.py", line 669, in get_updates
    updates = await super().get_updates(
              ^^^^^^^^^^^^^^^^^^^^^^^^^^
  File "C:\Users\LENOVO\Documents\CoinSeer\venv\Lib\site-packages\telegram\_bot.py", line 4601, in get_updates
    await self._post(
  File "C:\Users\LENOVO\Documents\CoinSeer\venv\Lib\site-packages\telegram\_bot.py", line 697, in _post
    return await self._do_post(
           ^^^^^^^^^^^^^^^^^^^^
  File "C:\Users\LENOVO\Documents\CoinSeer\venv\Lib\site-packages\telegram\ext\_extbot.py", line 369, in _do_post
    return await super()._do_post(
           ^^^^^^^^^^^^^^^^^^^^^^^
  File "C:\Users\LENOVO\Documents\CoinSeer\venv\Lib\site-packages\telegram\_bot.py", line 726, in _do_post
    result = await request.post(
             ^^^^^^^^^^^^^^^^^^^
  File "C:\Users\LENOVO\Documents\CoinSeer\venv\Lib\site-packages\telegram\request\_baserequest.py", line 197, in post
    result = await self._request_wrapper(
             ^^^^^^^^^^^^^^^^^^^^^^^^^^^^
  File "C:\Users\LENOVO\Documents\CoinSeer\venv\Lib\site-packages\telegram\request\_baserequest.py", line 355, in _request_wrapper
    raise Conflict(message)
telegram.error.Conflict: Conflict: terminated by other getUpdates request; make sure that only one bot instance is running
2025-07-28 13:47:59,567 - httpx - INFO - HTTP Request: POST https://api.telegram.org/bot7509807012:AAFn0026Mstf8DXx1HICJu36WhgkOWmIDP4/getUpdates "HTTP/1.1 200 OK"
2025-07-28 13:48:09,767 - httpx - INFO - HTTP Request: POST https://api.telegram.org/bot7509807012:AAFn0026Mstf8DXx1HICJu36WhgkOWmIDP4/getUpdates "HTTP/1.1 200 OK"
2025-07-28 13:48:19,993 - httpx - INFO - HTTP Request: POST https://api.telegram.org/bot7509807012:AAFn0026Mstf8DXx1HICJu36WhgkOWmIDP4/getUpdates "HTTP/1.1 200 OK"
2025-07-28 13:48:23,341 - httpx - INFO - HTTP Request: POST https://api.telegram.org/bot7509807012:AAFn0026Mstf8DXx1HICJu36WhgkOWmIDP4/getUpdates "HTTP/1.1 409 Conflict"
2025-07-28 13:48:23,343 - telegram.ext.Application - ERROR - No error handlers are registered, logging exception.
Traceback (most recent call last):
  File "C:\Users\LENOVO\Documents\CoinSeer\venv\Lib\site-packages\telegram\ext\_utils\networkloop.py", line 115, in network_retry_loop
    if not await do_action():
           ^^^^^^^^^^^^^^^^^
  File "C:\Users\LENOVO\Documents\CoinSeer\venv\Lib\site-packages\telegram\ext\_utils\networkloop.py", line 108, in do_action
    return action_cb_task.result()
           ^^^^^^^^^^^^^^^^^^^^^^^
  File "C:\Users\LENOVO\Documents\CoinSeer\venv\Lib\site-packages\telegram\ext\_updater.py", line 335, in polling_action_cb
    updates = await self.bot.get_updates(
              ^^^^^^^^^^^^^^^^^^^^^^^^^^^
  File "C:\Users\LENOVO\Documents\CoinSeer\venv\Lib\site-packages\telegram\ext\_extbot.py", line 669, in get_updates
    updates = await super().get_updates(
              ^^^^^^^^^^^^^^^^^^^^^^^^^^
  File "C:\Users\LENOVO\Documents\CoinSeer\venv\Lib\site-packages\telegram\_bot.py", line 4601, in get_updates
    await self._post(
  File "C:\Users\LENOVO\Documents\CoinSeer\venv\Lib\site-packages\telegram\_bot.py", line 697, in _post
    return await self._do_post(
           ^^^^^^^^^^^^^^^^^^^^
  File "C:\Users\LENOVO\Documents\CoinSeer\venv\Lib\site-packages\telegram\ext\_extbot.py", line 369, in _do_post
    return await super()._do_post(
           ^^^^^^^^^^^^^^^^^^^^^^^
  File "C:\Users\LENOVO\Documents\CoinSeer\venv\Lib\site-packages\telegram\_bot.py", line 726, in _do_post
    result = await request.post(
             ^^^^^^^^^^^^^^^^^^^
  File "C:\Users\LENOVO\Documents\CoinSeer\venv\Lib\site-packages\telegram\request\_baserequest.py", line 197, in post
    result = await self._request_wrapper(
             ^^^^^^^^^^^^^^^^^^^^^^^^^^^^
  File "C:\Users\LENOVO\Documents\CoinSeer\venv\Lib\site-packages\telegram\request\_baserequest.py", line 355, in _request_wrapper
    raise Conflict(message)
telegram.error.Conflict: Conflict: terminated by other getUpdates request; make sure that only one bot instance is running
2025-07-28 13:48:27,642 - httpx - INFO - HTTP Request: POST https://api.telegram.org/bot7509807012:AAFn0026Mstf8DXx1HICJu36WhgkOWmIDP4/getUpdates "HTTP/1.1 409 Conflict"
2025-07-28 13:48:27,643 - telegram.ext.Application - ERROR - No error handlers are registered, logging exception.
Traceback (most recent call last):
  File "C:\Users\LENOVO\Documents\CoinSeer\venv\Lib\site-packages\telegram\ext\_utils\networkloop.py", line 115, in network_retry_loop
    if not await do_action():
           ^^^^^^^^^^^^^^^^^
  File "C:\Users\LENOVO\Documents\CoinSeer\venv\Lib\site-packages\telegram\ext\_utils\networkloop.py", line 108, in do_action
    return action_cb_task.result()
           ^^^^^^^^^^^^^^^^^^^^^^^
  File "C:\Users\LENOVO\Documents\CoinSeer\venv\Lib\site-packages\telegram\ext\_updater.py", line 335, in polling_action_cb
    updates = await self.bot.get_updates(
              ^^^^^^^^^^^^^^^^^^^^^^^^^^^
  File "C:\Users\LENOVO\Documents\CoinSeer\venv\Lib\site-packages\telegram\ext\_extbot.py", line 669, in get_updates
    updates = await super().get_updates(
              ^^^^^^^^^^^^^^^^^^^^^^^^^^
  File "C:\Users\LENOVO\Documents\CoinSeer\venv\Lib\site-packages\telegram\_bot.py", line 4601, in get_updates
    await self._post(
  File "C:\Users\LENOVO\Documents\CoinSeer\venv\Lib\site-packages\telegram\_bot.py", line 697, in _post
    return await self._do_post(
           ^^^^^^^^^^^^^^^^^^^^
  File "C:\Users\LENOVO\Documents\CoinSeer\venv\Lib\site-packages\telegram\ext\_extbot.py", line 369, in _do_post
    return await super()._do_post(
           ^^^^^^^^^^^^^^^^^^^^^^^
  File "C:\Users\LENOVO\Documents\CoinSeer\venv\Lib\site-packages\telegram\_bot.py", line 726, in _do_post
    result = await request.post(
             ^^^^^^^^^^^^^^^^^^^
  File "C:\Users\LENOVO\Documents\CoinSeer\venv\Lib\site-packages\telegram\request\_baserequest.py", line 197, in post
    result = await self._request_wrapper(
             ^^^^^^^^^^^^^^^^^^^^^^^^^^^^
  File "C:\Users\LENOVO\Documents\CoinSeer\venv\Lib\site-packages\telegram\request\_baserequest.py", line 355, in _request_wrapper
    raise Conflict(message)
telegram.error.Conflict: Conflict: terminated by other getUpdates request; make sure that only one bot instance is running
2025-07-28 13:48:28,328 - apscheduler.executors.default - INFO - Running job "check_price_alerts (trigger: interval[0:01:00], next run at: 2025-07-28 12:49:28 UTC)" (scheduled at 2025-07-28 12:48:28.305486+00:00)
2025-07-28 13:48:28,331 - apscheduler.executors.default - INFO - Job "check_price_alerts (trigger: interval[0:01:00], next run at: 2025-07-28 12:49:28 UTC)" executed successfully
2025-07-28 13:48:28,332 - apscheduler.executors.default - INFO - Running job "check_volume_alerts (trigger: interval[0:05:00], next run at: 2025-07-28 12:53:28 UTC)" (scheduled at 2025-07-28 12:48:28.306482+00:00)
2025-07-28 13:48:28,334 - apscheduler.executors.default - INFO - Job "check_volume_alerts (trigger: interval[0:05:00], next run at: 2025-07-28 12:53:28 UTC)" executed successfully
2025-07-28 13:48:34,611 - httpx - INFO - HTTP Request: POST https://api.telegram.org/bot7509807012:AAFn0026Mstf8DXx1HICJu36WhgkOWmIDP4/getUpdates "HTTP/1.1 200 OK"
2025-07-28 13:48:45,319 - httpx - INFO - HTTP Request: POST https://api.telegram.org/bot7509807012:AAFn0026Mstf8DXx1HICJu36WhgkOWmIDP4/getUpdates "HTTP/1.1 200 OK"
2025-07-28 13:48:46,146 - apscheduler.executors.default - INFO - Running job "check_price_alerts (trigger: interval[0:01:00], next run at: 2025-07-28 12:49:46 UTC)" (scheduled at 2025-07-28 12:48:46.130707+00:00)
2025-07-28 13:48:46,149 - apscheduler.executors.default - INFO - Job "check_price_alerts (trigger: interval[0:01:00], next run at: 2025-07-28 12:49:46 UTC)" executed successfully
2025-07-28 13:48:55,666 - httpx - INFO - HTTP Request: POST https://api.telegram.org/bot7509807012:AAFn0026Mstf8DXx1HICJu36WhgkOWmIDP4/getUpdates "HTTP/1.1 200 OK"
2025-07-28 13:48:58,252 - httpx - INFO - HTTP Request: POST https://api.telegram.org/bot7509807012:AAFn0026Mstf8DXx1HICJu36WhgkOWmIDP4/getUpdates "HTTP/1.1 409 Conflict"
2025-07-28 13:48:58,255 - telegram.ext.Application - ERROR - No error handlers are registered, logging exception.
Traceback (most recent call last):
  File "C:\Users\LENOVO\Documents\CoinSeer\venv\Lib\site-packages\telegram\ext\_utils\networkloop.py", line 115, in network_retry_loop
    if not await do_action():
           ^^^^^^^^^^^^^^^^^
  File "C:\Users\LENOVO\Documents\CoinSeer\venv\Lib\site-packages\telegram\ext\_utils\networkloop.py", line 108, in do_action
    return action_cb_task.result()
           ^^^^^^^^^^^^^^^^^^^^^^^
  File "C:\Users\LENOVO\Documents\CoinSeer\venv\Lib\site-packages\telegram\ext\_updater.py", line 335, in polling_action_cb
    updates = await self.bot.get_updates(
              ^^^^^^^^^^^^^^^^^^^^^^^^^^^
  File "C:\Users\LENOVO\Documents\CoinSeer\venv\Lib\site-packages\telegram\ext\_extbot.py", line 669, in get_updates
    updates = await super().get_updates(
              ^^^^^^^^^^^^^^^^^^^^^^^^^^
  File "C:\Users\LENOVO\Documents\CoinSeer\venv\Lib\site-packages\telegram\_bot.py", line 4601, in get_updates
    await self._post(
  File "C:\Users\LENOVO\Documents\CoinSeer\venv\Lib\site-packages\telegram\_bot.py", line 697, in _post
    return await self._do_post(
           ^^^^^^^^^^^^^^^^^^^^
  File "C:\Users\LENOVO\Documents\CoinSeer\venv\Lib\site-packages\telegram\ext\_extbot.py", line 369, in _do_post
    return await super()._do_post(
           ^^^^^^^^^^^^^^^^^^^^^^^
  File "C:\Users\LENOVO\Documents\CoinSeer\venv\Lib\site-packages\telegram\_bot.py", line 726, in _do_post
    result = await request.post(
             ^^^^^^^^^^^^^^^^^^^
  File "C:\Users\LENOVO\Documents\CoinSeer\venv\Lib\site-packages\telegram\request\_baserequest.py", line 197, in post
    result = await self._request_wrapper(
             ^^^^^^^^^^^^^^^^^^^^^^^^^^^^
  File "C:\Users\LENOVO\Documents\CoinSeer\venv\Lib\site-packages\telegram\request\_baserequest.py", line 355, in _request_wrapper
    raise Conflict(message)
telegram.error.Conflict: Conflict: terminated by other getUpdates request; make sure that only one bot instance is running
2025-07-28 13:49:02,424 - httpx - INFO - HTTP Request: POST https://api.telegram.org/bot7509807012:AAFn0026Mstf8DXx1HICJu36WhgkOWmIDP4/getUpdates "HTTP/1.1 409 Conflict"
2025-07-28 13:49:02,428 - telegram.ext.Application - ERROR - No error handlers are registered, logging exception.
Traceback (most recent call last):
  File "C:\Users\LENOVO\Documents\CoinSeer\venv\Lib\site-packages\telegram\ext\_utils\networkloop.py", line 115, in network_retry_loop
    if not await do_action():
           ^^^^^^^^^^^^^^^^^
  File "C:\Users\LENOVO\Documents\CoinSeer\venv\Lib\site-packages\telegram\ext\_utils\networkloop.py", line 108, in do_action
    return action_cb_task.result()
           ^^^^^^^^^^^^^^^^^^^^^^^
  File "C:\Users\LENOVO\Documents\CoinSeer\venv\Lib\site-packages\telegram\ext\_updater.py", line 335, in polling_action_cb
    updates = await self.bot.get_updates(
              ^^^^^^^^^^^^^^^^^^^^^^^^^^^
  File "C:\Users\LENOVO\Documents\CoinSeer\venv\Lib\site-packages\telegram\ext\_extbot.py", line 669, in get_updates
    updates = await super().get_updates(
              ^^^^^^^^^^^^^^^^^^^^^^^^^^
  File "C:\Users\LENOVO\Documents\CoinSeer\venv\Lib\site-packages\telegram\_bot.py", line 4601, in get_updates
    await self._post(
  File "C:\Users\LENOVO\Documents\CoinSeer\venv\Lib\site-packages\telegram\_bot.py", line 697, in _post
    return await self._do_post(
           ^^^^^^^^^^^^^^^^^^^^
  File "C:\Users\LENOVO\Documents\CoinSeer\venv\Lib\site-packages\telegram\ext\_extbot.py", line 369, in _do_post
    return await super()._do_post(
           ^^^^^^^^^^^^^^^^^^^^^^^
  File "C:\Users\LENOVO\Documents\CoinSeer\venv\Lib\site-packages\telegram\_bot.py", line 726, in _do_post
    result = await request.post(
             ^^^^^^^^^^^^^^^^^^^
  File "C:\Users\LENOVO\Documents\CoinSeer\venv\Lib\site-packages\telegram\request\_baserequest.py", line 197, in post
    result = await self._request_wrapper(
             ^^^^^^^^^^^^^^^^^^^^^^^^^^^^
  File "C:\Users\LENOVO\Documents\CoinSeer\venv\Lib\site-packages\telegram\request\_baserequest.py", line 355, in _request_wrapper
    raise Conflict(message)
telegram.error.Conflict: Conflict: terminated by other getUpdates request; make sure that only one bot instance is running
2025-07-28 13:49:09,421 - httpx - INFO - HTTP Request: POST https://api.telegram.org/bot7509807012:AAFn0026Mstf8DXx1HICJu36WhgkOWmIDP4/getUpdates "HTTP/1.1 200 OK"
2025-07-28 13:49:28,337 - apscheduler.executors.default - INFO - Running job "check_price_alerts (trigger: interval[0:01:00], next run at: 2025-07-28 12:50:28 UTC)" (scheduled at 2025-07-28 12:49:28.305486+00:00)
2025-07-28 13:49:28,372 - apscheduler.executors.default - INFO - Job "check_price_alerts (trigger: interval[0:01:00], next run at: 2025-07-28 12:50:28 UTC)" executed successfully
2025-07-28 13:49:32,629 - telegram.ext.Application - ERROR - No error handlers are registered, logging exception.
Traceback (most recent call last):
  File "C:\Users\LENOVO\Documents\CoinSeer\venv\Lib\site-packages\httpx\_transports\default.py", line 101, in map_httpcore_exceptions
    yield
  File "C:\Users\LENOVO\Documents\CoinSeer\venv\Lib\site-packages\httpx\_transports\default.py", line 394, in handle_async_request
    resp = await self._pool.handle_async_request(req)
           ^^^^^^^^^^^^^^^^^^^^^^^^^^^^^^^^^^^^^^^^^^
  File "C:\Users\LENOVO\Documents\CoinSeer\venv\Lib\site-packages\httpcore\_async\connection_pool.py", line 256, in handle_async_request
    raise exc from None
  File "C:\Users\LENOVO\Documents\CoinSeer\venv\Lib\site-packages\httpcore\_async\connection_pool.py", line 236, in handle_async_request
    response = await connection.handle_async_request(
               ^^^^^^^^^^^^^^^^^^^^^^^^^^^^^^^^^^^^^^
  File "C:\Users\LENOVO\Documents\CoinSeer\venv\Lib\site-packages\httpcore\_async\connection.py", line 101, in handle_async_request
    raise exc
  File "C:\Users\LENOVO\Documents\CoinSeer\venv\Lib\site-packages\httpcore\_async\connection.py", line 78, in handle_async_request
    stream = await self._connect(request)
             ^^^^^^^^^^^^^^^^^^^^^^^^^^^^
  File "C:\Users\LENOVO\Documents\CoinSeer\venv\Lib\site-packages\httpcore\_async\connection.py", line 124, in _connect
    stream = await self._network_backend.connect_tcp(**kwargs)
             ^^^^^^^^^^^^^^^^^^^^^^^^^^^^^^^^^^^^^^^^^^^^^^^^^
  File "C:\Users\LENOVO\Documents\CoinSeer\venv\Lib\site-packages\httpcore\_backends\auto.py", line 31, in connect_tcp
    return await self._backend.connect_tcp(
           ^^^^^^^^^^^^^^^^^^^^^^^^^^^^^^^^
  File "C:\Users\LENOVO\Documents\CoinSeer\venv\Lib\site-packages\httpcore\_backends\anyio.py", line 113, in connect_tcp
    with map_exceptions(exc_map):
         ^^^^^^^^^^^^^^^^^^^^^^^
  File "C:\Program Files\WindowsApps\PythonSoftwareFoundation.Python.3.12_3.12.2800.0_x64__qbz5n2kfra8p0\Lib\contextlib.py", line 158, in __exit__
    self.gen.throw(value)
  File "C:\Users\LENOVO\Documents\CoinSeer\venv\Lib\site-packages\httpcore\_exceptions.py", line 14, in map_exceptions
    raise to_exc(exc) from exc
httpcore.ConnectError: [Errno 11001] getaddrinfo failed

The above exception was the direct cause of the following exception:

Traceback (most recent call last):
  File "C:\Users\LENOVO\Documents\CoinSeer\venv\Lib\site-packages\telegram\request\_httpxrequest.py", line 273, in do_request
    res = await self._client.request(
          ^^^^^^^^^^^^^^^^^^^^^^^^^^^
  File "C:\Users\LENOVO\Documents\CoinSeer\venv\Lib\site-packages\httpx\_client.py", line 1540, in request
    return await self.send(request, auth=auth, follow_redirects=follow_redirects)
           ^^^^^^^^^^^^^^^^^^^^^^^^^^^^^^^^^^^^^^^^^^^^^^^^^^^^^^^^^^^^^^^^^^^^^^
  File "C:\Users\LENOVO\Documents\CoinSeer\venv\Lib\site-packages\httpx\_client.py", line 1629, in send
    response = await self._send_handling_auth(
               ^^^^^^^^^^^^^^^^^^^^^^^^^^^^^^^
  File "C:\Users\LENOVO\Documents\CoinSeer\venv\Lib\site-packages\httpx\_client.py", line 1657, in _send_handling_auth
    response = await self._send_handling_redirects(
               ^^^^^^^^^^^^^^^^^^^^^^^^^^^^^^^^^^^^
  File "C:\Users\LENOVO\Documents\CoinSeer\venv\Lib\site-packages\httpx\_client.py", line 1694, in _send_handling_redirects
    response = await self._send_single_request(request)
               ^^^^^^^^^^^^^^^^^^^^^^^^^^^^^^^^^^^^^^^^
  File "C:\Users\LENOVO\Documents\CoinSeer\venv\Lib\site-packages\httpx\_client.py", line 1730, in _send_single_request
    response = await transport.handle_async_request(request)
               ^^^^^^^^^^^^^^^^^^^^^^^^^^^^^^^^^^^^^^^^^^^^^
  File "C:\Users\LENOVO\Documents\CoinSeer\venv\Lib\site-packages\httpx\_transports\default.py", line 393, in handle_async_request
    with map_httpcore_exceptions():
         ^^^^^^^^^^^^^^^^^^^^^^^^^
  File "C:\Program Files\WindowsApps\PythonSoftwareFoundation.Python.3.12_3.12.2800.0_x64__qbz5n2kfra8p0\Lib\contextlib.py", line 158, in __exit__
    self.gen.throw(value)
  File "C:\Users\LENOVO\Documents\CoinSeer\venv\Lib\site-packages\httpx\_transports\default.py", line 118, in map_httpcore_exceptions
    raise mapped_exc(message) from exc
httpx.ConnectError: [Errno 11001] getaddrinfo failed

The above exception was the direct cause of the following exception:

Traceback (most recent call last):
  File "C:\Users\LENOVO\Documents\CoinSeer\venv\Lib\site-packages\telegram\ext\_utils\networkloop.py", line 115, in network_retry_loop
    if not await do_action():
           ^^^^^^^^^^^^^^^^^
  File "C:\Users\LENOVO\Documents\CoinSeer\venv\Lib\site-packages\telegram\ext\_utils\networkloop.py", line 108, in do_action
    return action_cb_task.result()
           ^^^^^^^^^^^^^^^^^^^^^^^
  File "C:\Users\LENOVO\Documents\CoinSeer\venv\Lib\site-packages\telegram\ext\_updater.py", line 335, in polling_action_cb
    updates = await self.bot.get_updates(
              ^^^^^^^^^^^^^^^^^^^^^^^^^^^
  File "C:\Users\LENOVO\Documents\CoinSeer\venv\Lib\site-packages\telegram\ext\_extbot.py", line 669, in get_updates
    updates = await super().get_updates(
              ^^^^^^^^^^^^^^^^^^^^^^^^^^
  File "C:\Users\LENOVO\Documents\CoinSeer\venv\Lib\site-packages\telegram\_bot.py", line 4601, in get_updates
    await self._post(
  File "C:\Users\LENOVO\Documents\CoinSeer\venv\Lib\site-packages\telegram\_bot.py", line 697, in _post
    return await self._do_post(
           ^^^^^^^^^^^^^^^^^^^^
  File "C:\Users\LENOVO\Documents\CoinSeer\venv\Lib\site-packages\telegram\ext\_extbot.py", line 369, in _do_post
    return await super()._do_post(
           ^^^^^^^^^^^^^^^^^^^^^^^
  File "C:\Users\LENOVO\Documents\CoinSeer\venv\Lib\site-packages\telegram\_bot.py", line 726, in _do_post
    result = await request.post(
             ^^^^^^^^^^^^^^^^^^^
  File "C:\Users\LENOVO\Documents\CoinSeer\venv\Lib\site-packages\telegram\request\_baserequest.py", line 197, in post
    result = await self._request_wrapper(
             ^^^^^^^^^^^^^^^^^^^^^^^^^^^^
  File "C:\Users\LENOVO\Documents\CoinSeer\venv\Lib\site-packages\telegram\request\_baserequest.py", line 304, in _request_wrapper
    code, payload = await self.do_request(
                    ^^^^^^^^^^^^^^^^^^^^^^
  File "C:\Users\LENOVO\Documents\CoinSeer\venv\Lib\site-packages\telegram\request\_httpxrequest.py", line 297, in do_request
    raise NetworkError(f"httpx.{err.__class__.__name__}: {err}") from err
telegram.error.NetworkError: httpx.ConnectError: [Errno 11001] getaddrinfo failed
2025-07-28 13:49:34,771 - telegram.ext.Application - ERROR - No error handlers are registered, logging exception.
Traceback (most recent call last):
  File "C:\Users\LENOVO\Documents\CoinSeer\venv\Lib\site-packages\httpx\_transports\default.py", line 101, in map_httpcore_exceptions
    yield
  File "C:\Users\LENOVO\Documents\CoinSeer\venv\Lib\site-packages\httpx\_transports\default.py", line 394, in handle_async_request
    resp = await self._pool.handle_async_request(req)
           ^^^^^^^^^^^^^^^^^^^^^^^^^^^^^^^^^^^^^^^^^^
  File "C:\Users\LENOVO\Documents\CoinSeer\venv\Lib\site-packages\httpcore\_async\connection_pool.py", line 256, in handle_async_request
    raise exc from None
  File "C:\Users\LENOVO\Documents\CoinSeer\venv\Lib\site-packages\httpcore\_async\connection_pool.py", line 236, in handle_async_request
    response = await connection.handle_async_request(
               ^^^^^^^^^^^^^^^^^^^^^^^^^^^^^^^^^^^^^^
  File "C:\Users\LENOVO\Documents\CoinSeer\venv\Lib\site-packages\httpcore\_async\connection.py", line 101, in handle_async_request
    raise exc
  File "C:\Users\LENOVO\Documents\CoinSeer\venv\Lib\site-packages\httpcore\_async\connection.py", line 78, in handle_async_request
    stream = await self._connect(request)
             ^^^^^^^^^^^^^^^^^^^^^^^^^^^^
  File "C:\Users\LENOVO\Documents\CoinSeer\venv\Lib\site-packages\httpcore\_async\connection.py", line 124, in _connect
    stream = await self._network_backend.connect_tcp(**kwargs)
             ^^^^^^^^^^^^^^^^^^^^^^^^^^^^^^^^^^^^^^^^^^^^^^^^^
  File "C:\Users\LENOVO\Documents\CoinSeer\venv\Lib\site-packages\httpcore\_backends\auto.py", line 31, in connect_tcp
    return await self._backend.connect_tcp(
           ^^^^^^^^^^^^^^^^^^^^^^^^^^^^^^^^
  File "C:\Users\LENOVO\Documents\CoinSeer\venv\Lib\site-packages\httpcore\_backends\anyio.py", line 113, in connect_tcp
    with map_exceptions(exc_map):
         ^^^^^^^^^^^^^^^^^^^^^^^
  File "C:\Program Files\WindowsApps\PythonSoftwareFoundation.Python.3.12_3.12.2800.0_x64__qbz5n2kfra8p0\Lib\contextlib.py", line 158, in __exit__
    self.gen.throw(value)
  File "C:\Users\LENOVO\Documents\CoinSeer\venv\Lib\site-packages\httpcore\_exceptions.py", line 14, in map_exceptions
    raise to_exc(exc) from exc
httpcore.ConnectError: [Errno 11001] getaddrinfo failed

The above exception was the direct cause of the following exception:

Traceback (most recent call last):
  File "C:\Users\LENOVO\Documents\CoinSeer\venv\Lib\site-packages\telegram\request\_httpxrequest.py", line 273, in do_request
    res = await self._client.request(
          ^^^^^^^^^^^^^^^^^^^^^^^^^^^
  File "C:\Users\LENOVO\Documents\CoinSeer\venv\Lib\site-packages\httpx\_client.py", line 1540, in request
    return await self.send(request, auth=auth, follow_redirects=follow_redirects)
           ^^^^^^^^^^^^^^^^^^^^^^^^^^^^^^^^^^^^^^^^^^^^^^^^^^^^^^^^^^^^^^^^^^^^^^
  File "C:\Users\LENOVO\Documents\CoinSeer\venv\Lib\site-packages\httpx\_client.py", line 1629, in send
    response = await self._send_handling_auth(
               ^^^^^^^^^^^^^^^^^^^^^^^^^^^^^^^
  File "C:\Users\LENOVO\Documents\CoinSeer\venv\Lib\site-packages\httpx\_client.py", line 1657, in _send_handling_auth
    response = await self._send_handling_redirects(
               ^^^^^^^^^^^^^^^^^^^^^^^^^^^^^^^^^^^^
  File "C:\Users\LENOVO\Documents\CoinSeer\venv\Lib\site-packages\httpx\_client.py", line 1694, in _send_handling_redirects
    response = await self._send_single_request(request)
               ^^^^^^^^^^^^^^^^^^^^^^^^^^^^^^^^^^^^^^^^
  File "C:\Users\LENOVO\Documents\CoinSeer\venv\Lib\site-packages\httpx\_client.py", line 1730, in _send_single_request
    response = await transport.handle_async_request(request)
               ^^^^^^^^^^^^^^^^^^^^^^^^^^^^^^^^^^^^^^^^^^^^^
  File "C:\Users\LENOVO\Documents\CoinSeer\venv\Lib\site-packages\httpx\_transports\default.py", line 393, in handle_async_request
    with map_httpcore_exceptions():
         ^^^^^^^^^^^^^^^^^^^^^^^^^
  File "C:\Program Files\WindowsApps\PythonSoftwareFoundation.Python.3.12_3.12.2800.0_x64__qbz5n2kfra8p0\Lib\contextlib.py", line 158, in __exit__
    self.gen.throw(value)
  File "C:\Users\LENOVO\Documents\CoinSeer\venv\Lib\site-packages\httpx\_transports\default.py", line 118, in map_httpcore_exceptions
    raise mapped_exc(message) from exc
httpx.ConnectError: [Errno 11001] getaddrinfo failed

The above exception was the direct cause of the following exception:

Traceback (most recent call last):
  File "C:\Users\LENOVO\Documents\CoinSeer\venv\Lib\site-packages\telegram\ext\_utils\networkloop.py", line 115, in network_retry_loop
    if not await do_action():
           ^^^^^^^^^^^^^^^^^
  File "C:\Users\LENOVO\Documents\CoinSeer\venv\Lib\site-packages\telegram\ext\_utils\networkloop.py", line 108, in do_action
    return action_cb_task.result()
           ^^^^^^^^^^^^^^^^^^^^^^^
  File "C:\Users\LENOVO\Documents\CoinSeer\venv\Lib\site-packages\telegram\ext\_updater.py", line 335, in polling_action_cb
    updates = await self.bot.get_updates(
              ^^^^^^^^^^^^^^^^^^^^^^^^^^^
  File "C:\Users\LENOVO\Documents\CoinSeer\venv\Lib\site-packages\telegram\ext\_extbot.py", line 669, in get_updates
    updates = await super().get_updates(
              ^^^^^^^^^^^^^^^^^^^^^^^^^^
  File "C:\Users\LENOVO\Documents\CoinSeer\venv\Lib\site-packages\telegram\_bot.py", line 4601, in get_updates
    await self._post(
  File "C:\Users\LENOVO\Documents\CoinSeer\venv\Lib\site-packages\telegram\_bot.py", line 697, in _post
    return await self._do_post(
           ^^^^^^^^^^^^^^^^^^^^
  File "C:\Users\LENOVO\Documents\CoinSeer\venv\Lib\site-packages\telegram\ext\_extbot.py", line 369, in _do_post
    return await super()._do_post(
           ^^^^^^^^^^^^^^^^^^^^^^^
  File "C:\Users\LENOVO\Documents\CoinSeer\venv\Lib\site-packages\telegram\_bot.py", line 726, in _do_post
    result = await request.post(
             ^^^^^^^^^^^^^^^^^^^
  File "C:\Users\LENOVO\Documents\CoinSeer\venv\Lib\site-packages\telegram\request\_baserequest.py", line 197, in post
    result = await self._request_wrapper(
             ^^^^^^^^^^^^^^^^^^^^^^^^^^^^
  File "C:\Users\LENOVO\Documents\CoinSeer\venv\Lib\site-packages\telegram\request\_baserequest.py", line 304, in _request_wrapper
    code, payload = await self.do_request(
                    ^^^^^^^^^^^^^^^^^^^^^^
  File "C:\Users\LENOVO\Documents\CoinSeer\venv\Lib\site-packages\telegram\request\_httpxrequest.py", line 297, in do_request
    raise NetworkError(f"httpx.{err.__class__.__name__}: {err}") from err
telegram.error.NetworkError: httpx.ConnectError: [Errno 11001] getaddrinfo failed
2025-07-28 13:49:35,873 - telegram.ext.Application - ERROR - No error handlers are registered, logging exception.
Traceback (most recent call last):
  File "C:\Users\LENOVO\Documents\CoinSeer\venv\Lib\site-packages\httpx\_transports\default.py", line 101, in map_httpcore_exceptions
    yield
  File "C:\Users\LENOVO\Documents\CoinSeer\venv\Lib\site-packages\httpx\_transports\default.py", line 394, in handle_async_request
    resp = await self._pool.handle_async_request(req)
           ^^^^^^^^^^^^^^^^^^^^^^^^^^^^^^^^^^^^^^^^^^
  File "C:\Users\LENOVO\Documents\CoinSeer\venv\Lib\site-packages\httpcore\_async\connection_pool.py", line 256, in handle_async_request
    raise exc from None
  File "C:\Users\LENOVO\Documents\CoinSeer\venv\Lib\site-packages\httpcore\_async\connection_pool.py", line 236, in handle_async_request
    response = await connection.handle_async_request(
               ^^^^^^^^^^^^^^^^^^^^^^^^^^^^^^^^^^^^^^
  File "C:\Users\LENOVO\Documents\CoinSeer\venv\Lib\site-packages\httpcore\_async\connection.py", line 101, in handle_async_request
    raise exc
  File "C:\Users\LENOVO\Documents\CoinSeer\venv\Lib\site-packages\httpcore\_async\connection.py", line 78, in handle_async_request
    stream = await self._connect(request)
             ^^^^^^^^^^^^^^^^^^^^^^^^^^^^
  File "C:\Users\LENOVO\Documents\CoinSeer\venv\Lib\site-packages\httpcore\_async\connection.py", line 124, in _connect
    stream = await self._network_backend.connect_tcp(**kwargs)
             ^^^^^^^^^^^^^^^^^^^^^^^^^^^^^^^^^^^^^^^^^^^^^^^^^
  File "C:\Users\LENOVO\Documents\CoinSeer\venv\Lib\site-packages\httpcore\_backends\auto.py", line 31, in connect_tcp
    return await self._backend.connect_tcp(
           ^^^^^^^^^^^^^^^^^^^^^^^^^^^^^^^^
  File "C:\Users\LENOVO\Documents\CoinSeer\venv\Lib\site-packages\httpcore\_backends\anyio.py", line 113, in connect_tcp
    with map_exceptions(exc_map):
         ^^^^^^^^^^^^^^^^^^^^^^^
  File "C:\Program Files\WindowsApps\PythonSoftwareFoundation.Python.3.12_3.12.2800.0_x64__qbz5n2kfra8p0\Lib\contextlib.py", line 158, in __exit__
    self.gen.throw(value)
  File "C:\Users\LENOVO\Documents\CoinSeer\venv\Lib\site-packages\httpcore\_exceptions.py", line 14, in map_exceptions
    raise to_exc(exc) from exc
httpcore.ConnectError: [Errno 11001] getaddrinfo failed

The above exception was the direct cause of the following exception:

Traceback (most recent call last):
  File "C:\Users\LENOVO\Documents\CoinSeer\venv\Lib\site-packages\telegram\request\_httpxrequest.py", line 273, in do_request
    res = await self._client.request(
          ^^^^^^^^^^^^^^^^^^^^^^^^^^^
  File "C:\Users\LENOVO\Documents\CoinSeer\venv\Lib\site-packages\httpx\_client.py", line 1540, in request
    return await self.send(request, auth=auth, follow_redirects=follow_redirects)
           ^^^^^^^^^^^^^^^^^^^^^^^^^^^^^^^^^^^^^^^^^^^^^^^^^^^^^^^^^^^^^^^^^^^^^^
  File "C:\Users\LENOVO\Documents\CoinSeer\venv\Lib\site-packages\httpx\_client.py", line 1629, in send
    response = await self._send_handling_auth(
               ^^^^^^^^^^^^^^^^^^^^^^^^^^^^^^^
  File "C:\Users\LENOVO\Documents\CoinSeer\venv\Lib\site-packages\httpx\_client.py", line 1657, in _send_handling_auth
    response = await self._send_handling_redirects(
               ^^^^^^^^^^^^^^^^^^^^^^^^^^^^^^^^^^^^
  File "C:\Users\LENOVO\Documents\CoinSeer\venv\Lib\site-packages\httpx\_client.py", line 1694, in _send_handling_redirects
    response = await self._send_single_request(request)
               ^^^^^^^^^^^^^^^^^^^^^^^^^^^^^^^^^^^^^^^^
  File "C:\Users\LENOVO\Documents\CoinSeer\venv\Lib\site-packages\httpx\_client.py", line 1730, in _send_single_request
    response = await transport.handle_async_request(request)
               ^^^^^^^^^^^^^^^^^^^^^^^^^^^^^^^^^^^^^^^^^^^^^
  File "C:\Users\LENOVO\Documents\CoinSeer\venv\Lib\site-packages\httpx\_transports\default.py", line 393, in handle_async_request
    with map_httpcore_exceptions():
         ^^^^^^^^^^^^^^^^^^^^^^^^^
  File "C:\Program Files\WindowsApps\PythonSoftwareFoundation.Python.3.12_3.12.2800.0_x64__qbz5n2kfra8p0\Lib\contextlib.py", line 158, in __exit__
    self.gen.throw(value)
  File "C:\Users\LENOVO\Documents\CoinSeer\venv\Lib\site-packages\httpx\_transports\default.py", line 118, in map_httpcore_exceptions
    raise mapped_exc(message) from exc
httpx.ConnectError: [Errno 11001] getaddrinfo failed

The above exception was the direct cause of the following exception:

Traceback (most recent call last):
  File "C:\Users\LENOVO\Documents\CoinSeer\venv\Lib\site-packages\telegram\ext\_utils\networkloop.py", line 115, in network_retry_loop
    if not await do_action():
           ^^^^^^^^^^^^^^^^^
  File "C:\Users\LENOVO\Documents\CoinSeer\venv\Lib\site-packages\telegram\ext\_utils\networkloop.py", line 108, in do_action
    return action_cb_task.result()
           ^^^^^^^^^^^^^^^^^^^^^^^
  File "C:\Users\LENOVO\Documents\CoinSeer\venv\Lib\site-packages\telegram\ext\_updater.py", line 335, in polling_action_cb
    updates = await self.bot.get_updates(
              ^^^^^^^^^^^^^^^^^^^^^^^^^^^
  File "C:\Users\LENOVO\Documents\CoinSeer\venv\Lib\site-packages\telegram\ext\_extbot.py", line 669, in get_updates
    updates = await super().get_updates(
              ^^^^^^^^^^^^^^^^^^^^^^^^^^
  File "C:\Users\LENOVO\Documents\CoinSeer\venv\Lib\site-packages\telegram\_bot.py", line 4601, in get_updates
    await self._post(
  File "C:\Users\LENOVO\Documents\CoinSeer\venv\Lib\site-packages\telegram\_bot.py", line 697, in _post
    return await self._do_post(
           ^^^^^^^^^^^^^^^^^^^^
  File "C:\Users\LENOVO\Documents\CoinSeer\venv\Lib\site-packages\telegram\ext\_extbot.py", line 369, in _do_post
    return await super()._do_post(
           ^^^^^^^^^^^^^^^^^^^^^^^
  File "C:\Users\LENOVO\Documents\CoinSeer\venv\Lib\site-packages\telegram\_bot.py", line 726, in _do_post
    result = await request.post(
             ^^^^^^^^^^^^^^^^^^^
  File "C:\Users\LENOVO\Documents\CoinSeer\venv\Lib\site-packages\telegram\request\_baserequest.py", line 197, in post
    result = await self._request_wrapper(
             ^^^^^^^^^^^^^^^^^^^^^^^^^^^^
  File "C:\Users\LENOVO\Documents\CoinSeer\venv\Lib\site-packages\telegram\request\_baserequest.py", line 304, in _request_wrapper
    code, payload = await self.do_request(
                    ^^^^^^^^^^^^^^^^^^^^^^
  File "C:\Users\LENOVO\Documents\CoinSeer\venv\Lib\site-packages\telegram\request\_httpxrequest.py", line 297, in do_request
    raise NetworkError(f"httpx.{err.__class__.__name__}: {err}") from err
telegram.error.NetworkError: httpx.ConnectError: [Errno 11001] getaddrinfo failed
2025-07-28 13:49:37,447 - telegram.ext.Application - ERROR - No error handlers are registered, logging exception.
Traceback (most recent call last):
  File "C:\Users\LENOVO\Documents\CoinSeer\venv\Lib\site-packages\httpx\_transports\default.py", line 101, in map_httpcore_exceptions
    yield
  File "C:\Users\LENOVO\Documents\CoinSeer\venv\Lib\site-packages\httpx\_transports\default.py", line 394, in handle_async_request
    resp = await self._pool.handle_async_request(req)
           ^^^^^^^^^^^^^^^^^^^^^^^^^^^^^^^^^^^^^^^^^^
  File "C:\Users\LENOVO\Documents\CoinSeer\venv\Lib\site-packages\httpcore\_async\connection_pool.py", line 256, in handle_async_request
    raise exc from None
  File "C:\Users\LENOVO\Documents\CoinSeer\venv\Lib\site-packages\httpcore\_async\connection_pool.py", line 236, in handle_async_request
    response = await connection.handle_async_request(
               ^^^^^^^^^^^^^^^^^^^^^^^^^^^^^^^^^^^^^^
  File "C:\Users\LENOVO\Documents\CoinSeer\venv\Lib\site-packages\httpcore\_async\connection.py", line 101, in handle_async_request
    raise exc
  File "C:\Users\LENOVO\Documents\CoinSeer\venv\Lib\site-packages\httpcore\_async\connection.py", line 78, in handle_async_request
    stream = await self._connect(request)
             ^^^^^^^^^^^^^^^^^^^^^^^^^^^^
  File "C:\Users\LENOVO\Documents\CoinSeer\venv\Lib\site-packages\httpcore\_async\connection.py", line 124, in _connect
    stream = await self._network_backend.connect_tcp(**kwargs)
             ^^^^^^^^^^^^^^^^^^^^^^^^^^^^^^^^^^^^^^^^^^^^^^^^^
  File "C:\Users\LENOVO\Documents\CoinSeer\venv\Lib\site-packages\httpcore\_backends\auto.py", line 31, in connect_tcp
    return await self._backend.connect_tcp(
           ^^^^^^^^^^^^^^^^^^^^^^^^^^^^^^^^
  File "C:\Users\LENOVO\Documents\CoinSeer\venv\Lib\site-packages\httpcore\_backends\anyio.py", line 113, in connect_tcp
    with map_exceptions(exc_map):
         ^^^^^^^^^^^^^^^^^^^^^^^
  File "C:\Program Files\WindowsApps\PythonSoftwareFoundation.Python.3.12_3.12.2800.0_x64__qbz5n2kfra8p0\Lib\contextlib.py", line 158, in __exit__
    self.gen.throw(value)
  File "C:\Users\LENOVO\Documents\CoinSeer\venv\Lib\site-packages\httpcore\_exceptions.py", line 14, in map_exceptions
    raise to_exc(exc) from exc
httpcore.ConnectError: [Errno 11001] getaddrinfo failed

The above exception was the direct cause of the following exception:

Traceback (most recent call last):
  File "C:\Users\LENOVO\Documents\CoinSeer\venv\Lib\site-packages\telegram\request\_httpxrequest.py", line 273, in do_request
    res = await self._client.request(
          ^^^^^^^^^^^^^^^^^^^^^^^^^^^
  File "C:\Users\LENOVO\Documents\CoinSeer\venv\Lib\site-packages\httpx\_client.py", line 1540, in request
    return await self.send(request, auth=auth, follow_redirects=follow_redirects)
           ^^^^^^^^^^^^^^^^^^^^^^^^^^^^^^^^^^^^^^^^^^^^^^^^^^^^^^^^^^^^^^^^^^^^^^
  File "C:\Users\LENOVO\Documents\CoinSeer\venv\Lib\site-packages\httpx\_client.py", line 1629, in send
    response = await self._send_handling_auth(
               ^^^^^^^^^^^^^^^^^^^^^^^^^^^^^^^
  File "C:\Users\LENOVO\Documents\CoinSeer\venv\Lib\site-packages\httpx\_client.py", line 1657, in _send_handling_auth
    response = await self._send_handling_redirects(
               ^^^^^^^^^^^^^^^^^^^^^^^^^^^^^^^^^^^^
  File "C:\Users\LENOVO\Documents\CoinSeer\venv\Lib\site-packages\httpx\_client.py", line 1694, in _send_handling_redirects
    response = await self._send_single_request(request)
               ^^^^^^^^^^^^^^^^^^^^^^^^^^^^^^^^^^^^^^^^
  File "C:\Users\LENOVO\Documents\CoinSeer\venv\Lib\site-packages\httpx\_client.py", line 1730, in _send_single_request
    response = await transport.handle_async_request(request)
               ^^^^^^^^^^^^^^^^^^^^^^^^^^^^^^^^^^^^^^^^^^^^^
  File "C:\Users\LENOVO\Documents\CoinSeer\venv\Lib\site-packages\httpx\_transports\default.py", line 393, in handle_async_request
    with map_httpcore_exceptions():
         ^^^^^^^^^^^^^^^^^^^^^^^^^
  File "C:\Program Files\WindowsApps\PythonSoftwareFoundation.Python.3.12_3.12.2800.0_x64__qbz5n2kfra8p0\Lib\contextlib.py", line 158, in __exit__
    self.gen.throw(value)
  File "C:\Users\LENOVO\Documents\CoinSeer\venv\Lib\site-packages\httpx\_transports\default.py", line 118, in map_httpcore_exceptions
    raise mapped_exc(message) from exc
httpx.ConnectError: [Errno 11001] getaddrinfo failed

The above exception was the direct cause of the following exception:

Traceback (most recent call last):
  File "C:\Users\LENOVO\Documents\CoinSeer\venv\Lib\site-packages\telegram\ext\_utils\networkloop.py", line 115, in network_retry_loop
    if not await do_action():
           ^^^^^^^^^^^^^^^^^
  File "C:\Users\LENOVO\Documents\CoinSeer\venv\Lib\site-packages\telegram\ext\_utils\networkloop.py", line 108, in do_action
    return action_cb_task.result()
           ^^^^^^^^^^^^^^^^^^^^^^^
  File "C:\Users\LENOVO\Documents\CoinSeer\venv\Lib\site-packages\telegram\ext\_updater.py", line 335, in polling_action_cb
    updates = await self.bot.get_updates(
              ^^^^^^^^^^^^^^^^^^^^^^^^^^^
  File "C:\Users\LENOVO\Documents\CoinSeer\venv\Lib\site-packages\telegram\ext\_extbot.py", line 669, in get_updates
    updates = await super().get_updates(
              ^^^^^^^^^^^^^^^^^^^^^^^^^^
  File "C:\Users\LENOVO\Documents\CoinSeer\venv\Lib\site-packages\telegram\_bot.py", line 4601, in get_updates
    await self._post(
  File "C:\Users\LENOVO\Documents\CoinSeer\venv\Lib\site-packages\telegram\_bot.py", line 697, in _post
    return await self._do_post(
           ^^^^^^^^^^^^^^^^^^^^
  File "C:\Users\LENOVO\Documents\CoinSeer\venv\Lib\site-packages\telegram\ext\_extbot.py", line 369, in _do_post
    return await super()._do_post(
           ^^^^^^^^^^^^^^^^^^^^^^^
  File "C:\Users\LENOVO\Documents\CoinSeer\venv\Lib\site-packages\telegram\_bot.py", line 726, in _do_post
    result = await request.post(
             ^^^^^^^^^^^^^^^^^^^
  File "C:\Users\LENOVO\Documents\CoinSeer\venv\Lib\site-packages\telegram\request\_baserequest.py", line 197, in post
    result = await self._request_wrapper(
             ^^^^^^^^^^^^^^^^^^^^^^^^^^^^
  File "C:\Users\LENOVO\Documents\CoinSeer\venv\Lib\site-packages\telegram\request\_baserequest.py", line 304, in _request_wrapper
    code, payload = await self.do_request(
                    ^^^^^^^^^^^^^^^^^^^^^^
  File "C:\Users\LENOVO\Documents\CoinSeer\venv\Lib\site-packages\telegram\request\_httpxrequest.py", line 297, in do_request
    raise NetworkError(f"httpx.{err.__class__.__name__}: {err}") from err
telegram.error.NetworkError: httpx.ConnectError: [Errno 11001] getaddrinfo failed
2025-07-28 13:49:39,715 - telegram.ext.Application - ERROR - No error handlers are registered, logging exception.
Traceback (most recent call last):
  File "C:\Users\LENOVO\Documents\CoinSeer\venv\Lib\site-packages\httpx\_transports\default.py", line 101, in map_httpcore_exceptions
    yield
  File "C:\Users\LENOVO\Documents\CoinSeer\venv\Lib\site-packages\httpx\_transports\default.py", line 394, in handle_async_request
    resp = await self._pool.handle_async_request(req)
           ^^^^^^^^^^^^^^^^^^^^^^^^^^^^^^^^^^^^^^^^^^
  File "C:\Users\LENOVO\Documents\CoinSeer\venv\Lib\site-packages\httpcore\_async\connection_pool.py", line 256, in handle_async_request
    raise exc from None
  File "C:\Users\LENOVO\Documents\CoinSeer\venv\Lib\site-packages\httpcore\_async\connection_pool.py", line 236, in handle_async_request
    response = await connection.handle_async_request(
               ^^^^^^^^^^^^^^^^^^^^^^^^^^^^^^^^^^^^^^
  File "C:\Users\LENOVO\Documents\CoinSeer\venv\Lib\site-packages\httpcore\_async\connection.py", line 101, in handle_async_request
    raise exc
  File "C:\Users\LENOVO\Documents\CoinSeer\venv\Lib\site-packages\httpcore\_async\connection.py", line 78, in handle_async_request
    stream = await self._connect(request)
             ^^^^^^^^^^^^^^^^^^^^^^^^^^^^
  File "C:\Users\LENOVO\Documents\CoinSeer\venv\Lib\site-packages\httpcore\_async\connection.py", line 124, in _connect
    stream = await self._network_backend.connect_tcp(**kwargs)
             ^^^^^^^^^^^^^^^^^^^^^^^^^^^^^^^^^^^^^^^^^^^^^^^^^
  File "C:\Users\LENOVO\Documents\CoinSeer\venv\Lib\site-packages\httpcore\_backends\auto.py", line 31, in connect_tcp
    return await self._backend.connect_tcp(
           ^^^^^^^^^^^^^^^^^^^^^^^^^^^^^^^^
  File "C:\Users\LENOVO\Documents\CoinSeer\venv\Lib\site-packages\httpcore\_backends\anyio.py", line 113, in connect_tcp
    with map_exceptions(exc_map):
         ^^^^^^^^^^^^^^^^^^^^^^^
  File "C:\Program Files\WindowsApps\PythonSoftwareFoundation.Python.3.12_3.12.2800.0_x64__qbz5n2kfra8p0\Lib\contextlib.py", line 158, in __exit__
    self.gen.throw(value)
  File "C:\Users\LENOVO\Documents\CoinSeer\venv\Lib\site-packages\httpcore\_exceptions.py", line 14, in map_exceptions
    raise to_exc(exc) from exc
httpcore.ConnectError: [Errno 11001] getaddrinfo failed

The above exception was the direct cause of the following exception:

Traceback (most recent call last):
  File "C:\Users\LENOVO\Documents\CoinSeer\venv\Lib\site-packages\telegram\request\_httpxrequest.py", line 273, in do_request
    res = await self._client.request(
          ^^^^^^^^^^^^^^^^^^^^^^^^^^^
  File "C:\Users\LENOVO\Documents\CoinSeer\venv\Lib\site-packages\httpx\_client.py", line 1540, in request
    return await self.send(request, auth=auth, follow_redirects=follow_redirects)
           ^^^^^^^^^^^^^^^^^^^^^^^^^^^^^^^^^^^^^^^^^^^^^^^^^^^^^^^^^^^^^^^^^^^^^^
  File "C:\Users\LENOVO\Documents\CoinSeer\venv\Lib\site-packages\httpx\_client.py", line 1629, in send
    response = await self._send_handling_auth(
               ^^^^^^^^^^^^^^^^^^^^^^^^^^^^^^^
  File "C:\Users\LENOVO\Documents\CoinSeer\venv\Lib\site-packages\httpx\_client.py", line 1657, in _send_handling_auth
    response = await self._send_handling_redirects(
               ^^^^^^^^^^^^^^^^^^^^^^^^^^^^^^^^^^^^
  File "C:\Users\LENOVO\Documents\CoinSeer\venv\Lib\site-packages\httpx\_client.py", line 1694, in _send_handling_redirects
    response = await self._send_single_request(request)
               ^^^^^^^^^^^^^^^^^^^^^^^^^^^^^^^^^^^^^^^^
  File "C:\Users\LENOVO\Documents\CoinSeer\venv\Lib\site-packages\httpx\_client.py", line 1730, in _send_single_request
    response = await transport.handle_async_request(request)
               ^^^^^^^^^^^^^^^^^^^^^^^^^^^^^^^^^^^^^^^^^^^^^
  File "C:\Users\LENOVO\Documents\CoinSeer\venv\Lib\site-packages\httpx\_transports\default.py", line 393, in handle_async_request
    with map_httpcore_exceptions():
         ^^^^^^^^^^^^^^^^^^^^^^^^^
  File "C:\Program Files\WindowsApps\PythonSoftwareFoundation.Python.3.12_3.12.2800.0_x64__qbz5n2kfra8p0\Lib\contextlib.py", line 158, in __exit__
    self.gen.throw(value)
  File "C:\Users\LENOVO\Documents\CoinSeer\venv\Lib\site-packages\httpx\_transports\default.py", line 118, in map_httpcore_exceptions
    raise mapped_exc(message) from exc
httpx.ConnectError: [Errno 11001] getaddrinfo failed

The above exception was the direct cause of the following exception:

Traceback (most recent call last):
  File "C:\Users\LENOVO\Documents\CoinSeer\venv\Lib\site-packages\telegram\ext\_utils\networkloop.py", line 115, in network_retry_loop
    if not await do_action():
           ^^^^^^^^^^^^^^^^^
  File "C:\Users\LENOVO\Documents\CoinSeer\venv\Lib\site-packages\telegram\ext\_utils\networkloop.py", line 108, in do_action
    return action_cb_task.result()
           ^^^^^^^^^^^^^^^^^^^^^^^
  File "C:\Users\LENOVO\Documents\CoinSeer\venv\Lib\site-packages\telegram\ext\_updater.py", line 335, in polling_action_cb
    updates = await self.bot.get_updates(
              ^^^^^^^^^^^^^^^^^^^^^^^^^^^
  File "C:\Users\LENOVO\Documents\CoinSeer\venv\Lib\site-packages\telegram\ext\_extbot.py", line 669, in get_updates
    updates = await super().get_updates(
              ^^^^^^^^^^^^^^^^^^^^^^^^^^
  File "C:\Users\LENOVO\Documents\CoinSeer\venv\Lib\site-packages\telegram\_bot.py", line 4601, in get_updates
    await self._post(
  File "C:\Users\LENOVO\Documents\CoinSeer\venv\Lib\site-packages\telegram\_bot.py", line 697, in _post
    return await self._do_post(
           ^^^^^^^^^^^^^^^^^^^^
  File "C:\Users\LENOVO\Documents\CoinSeer\venv\Lib\site-packages\telegram\ext\_extbot.py", line 369, in _do_post
    return await super()._do_post(
           ^^^^^^^^^^^^^^^^^^^^^^^
  File "C:\Users\LENOVO\Documents\CoinSeer\venv\Lib\site-packages\telegram\_bot.py", line 726, in _do_post
    result = await request.post(
             ^^^^^^^^^^^^^^^^^^^
  File "C:\Users\LENOVO\Documents\CoinSeer\venv\Lib\site-packages\telegram\request\_baserequest.py", line 197, in post
    result = await self._request_wrapper(
             ^^^^^^^^^^^^^^^^^^^^^^^^^^^^
  File "C:\Users\LENOVO\Documents\CoinSeer\venv\Lib\site-packages\telegram\request\_baserequest.py", line 304, in _request_wrapper
    code, payload = await self.do_request(
                    ^^^^^^^^^^^^^^^^^^^^^^
  File "C:\Users\LENOVO\Documents\CoinSeer\venv\Lib\site-packages\telegram\request\_httpxrequest.py", line 297, in do_request
    raise NetworkError(f"httpx.{err.__class__.__name__}: {err}") from err
telegram.error.NetworkError: httpx.ConnectError: [Errno 11001] getaddrinfo failed
2025-07-28 13:49:43,115 - telegram.ext.Application - ERROR - No error handlers are registered, logging exception.
Traceback (most recent call last):
  File "C:\Users\LENOVO\Documents\CoinSeer\venv\Lib\site-packages\httpx\_transports\default.py", line 101, in map_httpcore_exceptions
    yield
  File "C:\Users\LENOVO\Documents\CoinSeer\venv\Lib\site-packages\httpx\_transports\default.py", line 394, in handle_async_request
    resp = await self._pool.handle_async_request(req)
           ^^^^^^^^^^^^^^^^^^^^^^^^^^^^^^^^^^^^^^^^^^
  File "C:\Users\LENOVO\Documents\CoinSeer\venv\Lib\site-packages\httpcore\_async\connection_pool.py", line 256, in handle_async_request
    raise exc from None
  File "C:\Users\LENOVO\Documents\CoinSeer\venv\Lib\site-packages\httpcore\_async\connection_pool.py", line 236, in handle_async_request
    response = await connection.handle_async_request(
               ^^^^^^^^^^^^^^^^^^^^^^^^^^^^^^^^^^^^^^
  File "C:\Users\LENOVO\Documents\CoinSeer\venv\Lib\site-packages\httpcore\_async\connection.py", line 101, in handle_async_request
    raise exc
  File "C:\Users\LENOVO\Documents\CoinSeer\venv\Lib\site-packages\httpcore\_async\connection.py", line 78, in handle_async_request
    stream = await self._connect(request)
             ^^^^^^^^^^^^^^^^^^^^^^^^^^^^
  File "C:\Users\LENOVO\Documents\CoinSeer\venv\Lib\site-packages\httpcore\_async\connection.py", line 124, in _connect
    stream = await self._network_backend.connect_tcp(**kwargs)
             ^^^^^^^^^^^^^^^^^^^^^^^^^^^^^^^^^^^^^^^^^^^^^^^^^
  File "C:\Users\LENOVO\Documents\CoinSeer\venv\Lib\site-packages\httpcore\_backends\auto.py", line 31, in connect_tcp
    return await self._backend.connect_tcp(
           ^^^^^^^^^^^^^^^^^^^^^^^^^^^^^^^^
  File "C:\Users\LENOVO\Documents\CoinSeer\venv\Lib\site-packages\httpcore\_backends\anyio.py", line 113, in connect_tcp
    with map_exceptions(exc_map):
         ^^^^^^^^^^^^^^^^^^^^^^^
  File "C:\Program Files\WindowsApps\PythonSoftwareFoundation.Python.3.12_3.12.2800.0_x64__qbz5n2kfra8p0\Lib\contextlib.py", line 158, in __exit__
    self.gen.throw(value)
  File "C:\Users\LENOVO\Documents\CoinSeer\venv\Lib\site-packages\httpcore\_exceptions.py", line 14, in map_exceptions
    raise to_exc(exc) from exc
httpcore.ConnectError: [Errno 11001] getaddrinfo failed

The above exception was the direct cause of the following exception:

Traceback (most recent call last):
  File "C:\Users\LENOVO\Documents\CoinSeer\venv\Lib\site-packages\telegram\request\_httpxrequest.py", line 273, in do_request
    res = await self._client.request(
          ^^^^^^^^^^^^^^^^^^^^^^^^^^^
  File "C:\Users\LENOVO\Documents\CoinSeer\venv\Lib\site-packages\httpx\_client.py", line 1540, in request
    return await self.send(request, auth=auth, follow_redirects=follow_redirects)
           ^^^^^^^^^^^^^^^^^^^^^^^^^^^^^^^^^^^^^^^^^^^^^^^^^^^^^^^^^^^^^^^^^^^^^^
  File "C:\Users\LENOVO\Documents\CoinSeer\venv\Lib\site-packages\httpx\_client.py", line 1629, in send
    response = await self._send_handling_auth(
               ^^^^^^^^^^^^^^^^^^^^^^^^^^^^^^^
  File "C:\Users\LENOVO\Documents\CoinSeer\venv\Lib\site-packages\httpx\_client.py", line 1657, in _send_handling_auth
    response = await self._send_handling_redirects(
               ^^^^^^^^^^^^^^^^^^^^^^^^^^^^^^^^^^^^
  File "C:\Users\LENOVO\Documents\CoinSeer\venv\Lib\site-packages\httpx\_client.py", line 1694, in _send_handling_redirects
    response = await self._send_single_request(request)
               ^^^^^^^^^^^^^^^^^^^^^^^^^^^^^^^^^^^^^^^^
  File "C:\Users\LENOVO\Documents\CoinSeer\venv\Lib\site-packages\httpx\_client.py", line 1730, in _send_single_request
    response = await transport.handle_async_request(request)
               ^^^^^^^^^^^^^^^^^^^^^^^^^^^^^^^^^^^^^^^^^^^^^
  File "C:\Users\LENOVO\Documents\CoinSeer\venv\Lib\site-packages\httpx\_transports\default.py", line 393, in handle_async_request
    with map_httpcore_exceptions():
         ^^^^^^^^^^^^^^^^^^^^^^^^^
  File "C:\Program Files\WindowsApps\PythonSoftwareFoundation.Python.3.12_3.12.2800.0_x64__qbz5n2kfra8p0\Lib\contextlib.py", line 158, in __exit__
    self.gen.throw(value)
  File "C:\Users\LENOVO\Documents\CoinSeer\venv\Lib\site-packages\httpx\_transports\default.py", line 118, in map_httpcore_exceptions
    raise mapped_exc(message) from exc
httpx.ConnectError: [Errno 11001] getaddrinfo failed

The above exception was the direct cause of the following exception:

Traceback (most recent call last):
  File "C:\Users\LENOVO\Documents\CoinSeer\venv\Lib\site-packages\telegram\ext\_utils\networkloop.py", line 115, in network_retry_loop
    if not await do_action():
           ^^^^^^^^^^^^^^^^^
  File "C:\Users\LENOVO\Documents\CoinSeer\venv\Lib\site-packages\telegram\ext\_utils\networkloop.py", line 108, in do_action
    return action_cb_task.result()
           ^^^^^^^^^^^^^^^^^^^^^^^
  File "C:\Users\LENOVO\Documents\CoinSeer\venv\Lib\site-packages\telegram\ext\_updater.py", line 335, in polling_action_cb
    updates = await self.bot.get_updates(
              ^^^^^^^^^^^^^^^^^^^^^^^^^^^
  File "C:\Users\LENOVO\Documents\CoinSeer\venv\Lib\site-packages\telegram\ext\_extbot.py", line 669, in get_updates
    updates = await super().get_updates(
              ^^^^^^^^^^^^^^^^^^^^^^^^^^
  File "C:\Users\LENOVO\Documents\CoinSeer\venv\Lib\site-packages\telegram\_bot.py", line 4601, in get_updates
    await self._post(
  File "C:\Users\LENOVO\Documents\CoinSeer\venv\Lib\site-packages\telegram\_bot.py", line 697, in _post
    return await self._do_post(
           ^^^^^^^^^^^^^^^^^^^^
  File "C:\Users\LENOVO\Documents\CoinSeer\venv\Lib\site-packages\telegram\ext\_extbot.py", line 369, in _do_post
    return await super()._do_post(
           ^^^^^^^^^^^^^^^^^^^^^^^
  File "C:\Users\LENOVO\Documents\CoinSeer\venv\Lib\site-packages\telegram\_bot.py", line 726, in _do_post
    result = await request.post(
             ^^^^^^^^^^^^^^^^^^^
  File "C:\Users\LENOVO\Documents\CoinSeer\venv\Lib\site-packages\telegram\request\_baserequest.py", line 197, in post
    result = await self._request_wrapper(
             ^^^^^^^^^^^^^^^^^^^^^^^^^^^^
  File "C:\Users\LENOVO\Documents\CoinSeer\venv\Lib\site-packages\telegram\request\_baserequest.py", line 304, in _request_wrapper
    code, payload = await self.do_request(
                    ^^^^^^^^^^^^^^^^^^^^^^
  File "C:\Users\LENOVO\Documents\CoinSeer\venv\Lib\site-packages\telegram\request\_httpxrequest.py", line 297, in do_request
    raise NetworkError(f"httpx.{err.__class__.__name__}: {err}") from err
telegram.error.NetworkError: httpx.ConnectError: [Errno 11001] getaddrinfo failed
2025-07-28 13:49:46,142 - apscheduler.executors.default - INFO - Running job "check_price_alerts (trigger: interval[0:01:00], next run at: 2025-07-28 12:50:46 UTC)" (scheduled at 2025-07-28 12:49:46.130707+00:00)
2025-07-28 13:49:46,147 - apscheduler.executors.default - INFO - Job "check_price_alerts (trigger: interval[0:01:00], next run at: 2025-07-28 12:50:46 UTC)" executed successfully
2025-07-28 13:49:48,204 - telegram.ext.Application - ERROR - No error handlers are registered, logging exception.
Traceback (most recent call last):
  File "C:\Users\LENOVO\Documents\CoinSeer\venv\Lib\site-packages\httpx\_transports\default.py", line 101, in map_httpcore_exceptions
    yield
  File "C:\Users\LENOVO\Documents\CoinSeer\venv\Lib\site-packages\httpx\_transports\default.py", line 394, in handle_async_request
    resp = await self._pool.handle_async_request(req)
           ^^^^^^^^^^^^^^^^^^^^^^^^^^^^^^^^^^^^^^^^^^
  File "C:\Users\LENOVO\Documents\CoinSeer\venv\Lib\site-packages\httpcore\_async\connection_pool.py", line 256, in handle_async_request
    raise exc from None
  File "C:\Users\LENOVO\Documents\CoinSeer\venv\Lib\site-packages\httpcore\_async\connection_pool.py", line 236, in handle_async_request
    response = await connection.handle_async_request(
               ^^^^^^^^^^^^^^^^^^^^^^^^^^^^^^^^^^^^^^
  File "C:\Users\LENOVO\Documents\CoinSeer\venv\Lib\site-packages\httpcore\_async\connection.py", line 101, in handle_async_request
    raise exc
  File "C:\Users\LENOVO\Documents\CoinSeer\venv\Lib\site-packages\httpcore\_async\connection.py", line 78, in handle_async_request
    stream = await self._connect(request)
             ^^^^^^^^^^^^^^^^^^^^^^^^^^^^
  File "C:\Users\LENOVO\Documents\CoinSeer\venv\Lib\site-packages\httpcore\_async\connection.py", line 124, in _connect
    stream = await self._network_backend.connect_tcp(**kwargs)
             ^^^^^^^^^^^^^^^^^^^^^^^^^^^^^^^^^^^^^^^^^^^^^^^^^
  File "C:\Users\LENOVO\Documents\CoinSeer\venv\Lib\site-packages\httpcore\_backends\auto.py", line 31, in connect_tcp
    return await self._backend.connect_tcp(
           ^^^^^^^^^^^^^^^^^^^^^^^^^^^^^^^^
  File "C:\Users\LENOVO\Documents\CoinSeer\venv\Lib\site-packages\httpcore\_backends\anyio.py", line 113, in connect_tcp
    with map_exceptions(exc_map):
         ^^^^^^^^^^^^^^^^^^^^^^^
  File "C:\Program Files\WindowsApps\PythonSoftwareFoundation.Python.3.12_3.12.2800.0_x64__qbz5n2kfra8p0\Lib\contextlib.py", line 158, in __exit__
    self.gen.throw(value)
  File "C:\Users\LENOVO\Documents\CoinSeer\venv\Lib\site-packages\httpcore\_exceptions.py", line 14, in map_exceptions
    raise to_exc(exc) from exc
httpcore.ConnectError: [Errno 11001] getaddrinfo failed

The above exception was the direct cause of the following exception:

Traceback (most recent call last):
  File "C:\Users\LENOVO\Documents\CoinSeer\venv\Lib\site-packages\telegram\request\_httpxrequest.py", line 273, in do_request
    res = await self._client.request(
          ^^^^^^^^^^^^^^^^^^^^^^^^^^^
  File "C:\Users\LENOVO\Documents\CoinSeer\venv\Lib\site-packages\httpx\_client.py", line 1540, in request
    return await self.send(request, auth=auth, follow_redirects=follow_redirects)
           ^^^^^^^^^^^^^^^^^^^^^^^^^^^^^^^^^^^^^^^^^^^^^^^^^^^^^^^^^^^^^^^^^^^^^^
  File "C:\Users\LENOVO\Documents\CoinSeer\venv\Lib\site-packages\httpx\_client.py", line 1629, in send
    response = await self._send_handling_auth(
               ^^^^^^^^^^^^^^^^^^^^^^^^^^^^^^^
  File "C:\Users\LENOVO\Documents\CoinSeer\venv\Lib\site-packages\httpx\_client.py", line 1657, in _send_handling_auth
    response = await self._send_handling_redirects(
               ^^^^^^^^^^^^^^^^^^^^^^^^^^^^^^^^^^^^
  File "C:\Users\LENOVO\Documents\CoinSeer\venv\Lib\site-packages\httpx\_client.py", line 1694, in _send_handling_redirects
    response = await self._send_single_request(request)
               ^^^^^^^^^^^^^^^^^^^^^^^^^^^^^^^^^^^^^^^^
  File "C:\Users\LENOVO\Documents\CoinSeer\venv\Lib\site-packages\httpx\_client.py", line 1730, in _send_single_request
    response = await transport.handle_async_request(request)
               ^^^^^^^^^^^^^^^^^^^^^^^^^^^^^^^^^^^^^^^^^^^^^
  File "C:\Users\LENOVO\Documents\CoinSeer\venv\Lib\site-packages\httpx\_transports\default.py", line 393, in handle_async_request
    with map_httpcore_exceptions():
         ^^^^^^^^^^^^^^^^^^^^^^^^^
  File "C:\Program Files\WindowsApps\PythonSoftwareFoundation.Python.3.12_3.12.2800.0_x64__qbz5n2kfra8p0\Lib\contextlib.py", line 158, in __exit__
    self.gen.throw(value)
  File "C:\Users\LENOVO\Documents\CoinSeer\venv\Lib\site-packages\httpx\_transports\default.py", line 118, in map_httpcore_exceptions
    raise mapped_exc(message) from exc
httpx.ConnectError: [Errno 11001] getaddrinfo failed

The above exception was the direct cause of the following exception:

Traceback (most recent call last):
  File "C:\Users\LENOVO\Documents\CoinSeer\venv\Lib\site-packages\telegram\ext\_utils\networkloop.py", line 115, in network_retry_loop
    if not await do_action():
           ^^^^^^^^^^^^^^^^^
  File "C:\Users\LENOVO\Documents\CoinSeer\venv\Lib\site-packages\telegram\ext\_utils\networkloop.py", line 108, in do_action
    return action_cb_task.result()
           ^^^^^^^^^^^^^^^^^^^^^^^
  File "C:\Users\LENOVO\Documents\CoinSeer\venv\Lib\site-packages\telegram\ext\_updater.py", line 335, in polling_action_cb
    updates = await self.bot.get_updates(
              ^^^^^^^^^^^^^^^^^^^^^^^^^^^
  File "C:\Users\LENOVO\Documents\CoinSeer\venv\Lib\site-packages\telegram\ext\_extbot.py", line 669, in get_updates
    updates = await super().get_updates(
              ^^^^^^^^^^^^^^^^^^^^^^^^^^
  File "C:\Users\LENOVO\Documents\CoinSeer\venv\Lib\site-packages\telegram\_bot.py", line 4601, in get_updates
    await self._post(
  File "C:\Users\LENOVO\Documents\CoinSeer\venv\Lib\site-packages\telegram\_bot.py", line 697, in _post
    return await self._do_post(
           ^^^^^^^^^^^^^^^^^^^^
  File "C:\Users\LENOVO\Documents\CoinSeer\venv\Lib\site-packages\telegram\ext\_extbot.py", line 369, in _do_post
    return await super()._do_post(
           ^^^^^^^^^^^^^^^^^^^^^^^
  File "C:\Users\LENOVO\Documents\CoinSeer\venv\Lib\site-packages\telegram\_bot.py", line 726, in _do_post
    result = await request.post(
             ^^^^^^^^^^^^^^^^^^^
  File "C:\Users\LENOVO\Documents\CoinSeer\venv\Lib\site-packages\telegram\request\_baserequest.py", line 197, in post
    result = await self._request_wrapper(
             ^^^^^^^^^^^^^^^^^^^^^^^^^^^^
  File "C:\Users\LENOVO\Documents\CoinSeer\venv\Lib\site-packages\telegram\request\_baserequest.py", line 304, in _request_wrapper
    code, payload = await self.do_request(
                    ^^^^^^^^^^^^^^^^^^^^^^
  File "C:\Users\LENOVO\Documents\CoinSeer\venv\Lib\site-packages\telegram\request\_httpxrequest.py", line 297, in do_request
    raise NetworkError(f"httpx.{err.__class__.__name__}: {err}") from err
telegram.error.NetworkError: httpx.ConnectError: [Errno 11001] getaddrinfo failed
2025-07-28 13:49:55,810 - telegram.ext.Application - ERROR - No error handlers are registered, logging exception.
Traceback (most recent call last):
  File "C:\Users\LENOVO\Documents\CoinSeer\venv\Lib\site-packages\httpx\_transports\default.py", line 101, in map_httpcore_exceptions
    yield
  File "C:\Users\LENOVO\Documents\CoinSeer\venv\Lib\site-packages\httpx\_transports\default.py", line 394, in handle_async_request
    resp = await self._pool.handle_async_request(req)
           ^^^^^^^^^^^^^^^^^^^^^^^^^^^^^^^^^^^^^^^^^^
  File "C:\Users\LENOVO\Documents\CoinSeer\venv\Lib\site-packages\httpcore\_async\connection_pool.py", line 256, in handle_async_request
    raise exc from None
  File "C:\Users\LENOVO\Documents\CoinSeer\venv\Lib\site-packages\httpcore\_async\connection_pool.py", line 236, in handle_async_request
    response = await connection.handle_async_request(
               ^^^^^^^^^^^^^^^^^^^^^^^^^^^^^^^^^^^^^^
  File "C:\Users\LENOVO\Documents\CoinSeer\venv\Lib\site-packages\httpcore\_async\connection.py", line 101, in handle_async_request
    raise exc
  File "C:\Users\LENOVO\Documents\CoinSeer\venv\Lib\site-packages\httpcore\_async\connection.py", line 78, in handle_async_request
    stream = await self._connect(request)
             ^^^^^^^^^^^^^^^^^^^^^^^^^^^^
  File "C:\Users\LENOVO\Documents\CoinSeer\venv\Lib\site-packages\httpcore\_async\connection.py", line 124, in _connect
    stream = await self._network_backend.connect_tcp(**kwargs)
             ^^^^^^^^^^^^^^^^^^^^^^^^^^^^^^^^^^^^^^^^^^^^^^^^^
  File "C:\Users\LENOVO\Documents\CoinSeer\venv\Lib\site-packages\httpcore\_backends\auto.py", line 31, in connect_tcp
    return await self._backend.connect_tcp(
           ^^^^^^^^^^^^^^^^^^^^^^^^^^^^^^^^
  File "C:\Users\LENOVO\Documents\CoinSeer\venv\Lib\site-packages\httpcore\_backends\anyio.py", line 113, in connect_tcp
    with map_exceptions(exc_map):
         ^^^^^^^^^^^^^^^^^^^^^^^
  File "C:\Program Files\WindowsApps\PythonSoftwareFoundation.Python.3.12_3.12.2800.0_x64__qbz5n2kfra8p0\Lib\contextlib.py", line 158, in __exit__
    self.gen.throw(value)
  File "C:\Users\LENOVO\Documents\CoinSeer\venv\Lib\site-packages\httpcore\_exceptions.py", line 14, in map_exceptions
    raise to_exc(exc) from exc
httpcore.ConnectError: [Errno 11001] getaddrinfo failed

The above exception was the direct cause of the following exception:

Traceback (most recent call last):
  File "C:\Users\LENOVO\Documents\CoinSeer\venv\Lib\site-packages\telegram\request\_httpxrequest.py", line 273, in do_request
    res = await self._client.request(
          ^^^^^^^^^^^^^^^^^^^^^^^^^^^
  File "C:\Users\LENOVO\Documents\CoinSeer\venv\Lib\site-packages\httpx\_client.py", line 1540, in request
    return await self.send(request, auth=auth, follow_redirects=follow_redirects)
           ^^^^^^^^^^^^^^^^^^^^^^^^^^^^^^^^^^^^^^^^^^^^^^^^^^^^^^^^^^^^^^^^^^^^^^
  File "C:\Users\LENOVO\Documents\CoinSeer\venv\Lib\site-packages\httpx\_client.py", line 1629, in send
    response = await self._send_handling_auth(
               ^^^^^^^^^^^^^^^^^^^^^^^^^^^^^^^
  File "C:\Users\LENOVO\Documents\CoinSeer\venv\Lib\site-packages\httpx\_client.py", line 1657, in _send_handling_auth
    response = await self._send_handling_redirects(
               ^^^^^^^^^^^^^^^^^^^^^^^^^^^^^^^^^^^^
  File "C:\Users\LENOVO\Documents\CoinSeer\venv\Lib\site-packages\httpx\_client.py", line 1694, in _send_handling_redirects
    response = await self._send_single_request(request)
               ^^^^^^^^^^^^^^^^^^^^^^^^^^^^^^^^^^^^^^^^
  File "C:\Users\LENOVO\Documents\CoinSeer\venv\Lib\site-packages\httpx\_client.py", line 1730, in _send_single_request
    response = await transport.handle_async_request(request)
               ^^^^^^^^^^^^^^^^^^^^^^^^^^^^^^^^^^^^^^^^^^^^^
  File "C:\Users\LENOVO\Documents\CoinSeer\venv\Lib\site-packages\httpx\_transports\default.py", line 393, in handle_async_request
    with map_httpcore_exceptions():
         ^^^^^^^^^^^^^^^^^^^^^^^^^
  File "C:\Program Files\WindowsApps\PythonSoftwareFoundation.Python.3.12_3.12.2800.0_x64__qbz5n2kfra8p0\Lib\contextlib.py", line 158, in __exit__
    self.gen.throw(value)
  File "C:\Users\LENOVO\Documents\CoinSeer\venv\Lib\site-packages\httpx\_transports\default.py", line 118, in map_httpcore_exceptions
    raise mapped_exc(message) from exc
httpx.ConnectError: [Errno 11001] getaddrinfo failed

The above exception was the direct cause of the following exception:

Traceback (most recent call last):
  File "C:\Users\LENOVO\Documents\CoinSeer\venv\Lib\site-packages\telegram\ext\_utils\networkloop.py", line 115, in network_retry_loop
    if not await do_action():
           ^^^^^^^^^^^^^^^^^
  File "C:\Users\LENOVO\Documents\CoinSeer\venv\Lib\site-packages\telegram\ext\_utils\networkloop.py", line 108, in do_action
    return action_cb_task.result()
           ^^^^^^^^^^^^^^^^^^^^^^^
  File "C:\Users\LENOVO\Documents\CoinSeer\venv\Lib\site-packages\telegram\ext\_updater.py", line 335, in polling_action_cb
    updates = await self.bot.get_updates(
              ^^^^^^^^^^^^^^^^^^^^^^^^^^^
  File "C:\Users\LENOVO\Documents\CoinSeer\venv\Lib\site-packages\telegram\ext\_extbot.py", line 669, in get_updates
    updates = await super().get_updates(
              ^^^^^^^^^^^^^^^^^^^^^^^^^^
  File "C:\Users\LENOVO\Documents\CoinSeer\venv\Lib\site-packages\telegram\_bot.py", line 4601, in get_updates
    await self._post(
  File "C:\Users\LENOVO\Documents\CoinSeer\venv\Lib\site-packages\telegram\_bot.py", line 697, in _post
    return await self._do_post(
           ^^^^^^^^^^^^^^^^^^^^
  File "C:\Users\LENOVO\Documents\CoinSeer\venv\Lib\site-packages\telegram\ext\_extbot.py", line 369, in _do_post
    return await super()._do_post(
           ^^^^^^^^^^^^^^^^^^^^^^^
  File "C:\Users\LENOVO\Documents\CoinSeer\venv\Lib\site-packages\telegram\_bot.py", line 726, in _do_post
    result = await request.post(
             ^^^^^^^^^^^^^^^^^^^
  File "C:\Users\LENOVO\Documents\CoinSeer\venv\Lib\site-packages\telegram\request\_baserequest.py", line 197, in post
    result = await self._request_wrapper(
             ^^^^^^^^^^^^^^^^^^^^^^^^^^^^
  File "C:\Users\LENOVO\Documents\CoinSeer\venv\Lib\site-packages\telegram\request\_baserequest.py", line 304, in _request_wrapper
    code, payload = await self.do_request(
                    ^^^^^^^^^^^^^^^^^^^^^^
  File "C:\Users\LENOVO\Documents\CoinSeer\venv\Lib\site-packages\telegram\request\_httpxrequest.py", line 297, in do_request
    raise NetworkError(f"httpx.{err.__class__.__name__}: {err}") from err
telegram.error.NetworkError: httpx.ConnectError: [Errno 11001] getaddrinfo failed
2025-07-28 13:50:02,646 - telegram.ext.Application - ERROR - No error handlers are registered, logging exception.
Traceback (most recent call last):
  File "C:\Users\LENOVO\Documents\CoinSeer\venv\Lib\site-packages\httpx\_transports\default.py", line 101, in map_httpcore_exceptions
    yield
  File "C:\Users\LENOVO\Documents\CoinSeer\venv\Lib\site-packages\httpx\_transports\default.py", line 394, in handle_async_request
    resp = await self._pool.handle_async_request(req)
           ^^^^^^^^^^^^^^^^^^^^^^^^^^^^^^^^^^^^^^^^^^
  File "C:\Users\LENOVO\Documents\CoinSeer\venv\Lib\site-packages\httpcore\_async\connection_pool.py", line 256, in handle_async_request
    raise exc from None
  File "C:\Users\LENOVO\Documents\CoinSeer\venv\Lib\site-packages\httpcore\_async\connection_pool.py", line 236, in handle_async_request
    response = await connection.handle_async_request(
               ^^^^^^^^^^^^^^^^^^^^^^^^^^^^^^^^^^^^^^
  File "C:\Users\LENOVO\Documents\CoinSeer\venv\Lib\site-packages\httpcore\_async\connection.py", line 101, in handle_async_request
    raise exc
  File "C:\Users\LENOVO\Documents\CoinSeer\venv\Lib\site-packages\httpcore\_async\connection.py", line 78, in handle_async_request
    stream = await self._connect(request)
             ^^^^^^^^^^^^^^^^^^^^^^^^^^^^
  File "C:\Users\LENOVO\Documents\CoinSeer\venv\Lib\site-packages\httpcore\_async\connection.py", line 124, in _connect
    stream = await self._network_backend.connect_tcp(**kwargs)
             ^^^^^^^^^^^^^^^^^^^^^^^^^^^^^^^^^^^^^^^^^^^^^^^^^
  File "C:\Users\LENOVO\Documents\CoinSeer\venv\Lib\site-packages\httpcore\_backends\auto.py", line 31, in connect_tcp
    return await self._backend.connect_tcp(
           ^^^^^^^^^^^^^^^^^^^^^^^^^^^^^^^^
  File "C:\Users\LENOVO\Documents\CoinSeer\venv\Lib\site-packages\httpcore\_backends\anyio.py", line 113, in connect_tcp
    with map_exceptions(exc_map):
         ^^^^^^^^^^^^^^^^^^^^^^^
  File "C:\Program Files\WindowsApps\PythonSoftwareFoundation.Python.3.12_3.12.2800.0_x64__qbz5n2kfra8p0\Lib\contextlib.py", line 158, in __exit__
    self.gen.throw(value)
  File "C:\Users\LENOVO\Documents\CoinSeer\venv\Lib\site-packages\httpcore\_exceptions.py", line 14, in map_exceptions
    raise to_exc(exc) from exc
httpcore.ConnectError: [Errno 11001] getaddrinfo failed

The above exception was the direct cause of the following exception:

Traceback (most recent call last):
  File "C:\Users\LENOVO\Documents\CoinSeer\venv\Lib\site-packages\telegram\request\_httpxrequest.py", line 273, in do_request
    res = await self._client.request(
          ^^^^^^^^^^^^^^^^^^^^^^^^^^^
  File "C:\Users\LENOVO\Documents\CoinSeer\venv\Lib\site-packages\httpx\_client.py", line 1540, in request
    return await self.send(request, auth=auth, follow_redirects=follow_redirects)
           ^^^^^^^^^^^^^^^^^^^^^^^^^^^^^^^^^^^^^^^^^^^^^^^^^^^^^^^^^^^^^^^^^^^^^^
  File "C:\Users\LENOVO\Documents\CoinSeer\venv\Lib\site-packages\httpx\_client.py", line 1629, in send
    response = await self._send_handling_auth(
               ^^^^^^^^^^^^^^^^^^^^^^^^^^^^^^^
  File "C:\Users\LENOVO\Documents\CoinSeer\venv\Lib\site-packages\httpx\_client.py", line 1657, in _send_handling_auth
    response = await self._send_handling_redirects(
               ^^^^^^^^^^^^^^^^^^^^^^^^^^^^^^^^^^^^
  File "C:\Users\LENOVO\Documents\CoinSeer\venv\Lib\site-packages\httpx\_client.py", line 1694, in _send_handling_redirects
    response = await self._send_single_request(request)
               ^^^^^^^^^^^^^^^^^^^^^^^^^^^^^^^^^^^^^^^^
  File "C:\Users\LENOVO\Documents\CoinSeer\venv\Lib\site-packages\httpx\_client.py", line 1730, in _send_single_request
    response = await transport.handle_async_request(request)
               ^^^^^^^^^^^^^^^^^^^^^^^^^^^^^^^^^^^^^^^^^^^^^
  File "C:\Users\LENOVO\Documents\CoinSeer\venv\Lib\site-packages\httpx\_transports\default.py", line 393, in handle_async_request
    with map_httpcore_exceptions():
         ^^^^^^^^^^^^^^^^^^^^^^^^^
  File "C:\Program Files\WindowsApps\PythonSoftwareFoundation.Python.3.12_3.12.2800.0_x64__qbz5n2kfra8p0\Lib\contextlib.py", line 158, in __exit__
    self.gen.throw(value)
  File "C:\Users\LENOVO\Documents\CoinSeer\venv\Lib\site-packages\httpx\_transports\default.py", line 118, in map_httpcore_exceptions
    raise mapped_exc(message) from exc
httpx.ConnectError: [Errno 11001] getaddrinfo failed

The above exception was the direct cause of the following exception:

Traceback (most recent call last):
  File "C:\Users\LENOVO\Documents\CoinSeer\venv\Lib\site-packages\telegram\ext\_utils\networkloop.py", line 115, in network_retry_loop
    if not await do_action():
           ^^^^^^^^^^^^^^^^^
  File "C:\Users\LENOVO\Documents\CoinSeer\venv\Lib\site-packages\telegram\ext\_utils\networkloop.py", line 108, in do_action
    return action_cb_task.result()
           ^^^^^^^^^^^^^^^^^^^^^^^
  File "C:\Users\LENOVO\Documents\CoinSeer\venv\Lib\site-packages\telegram\ext\_updater.py", line 335, in polling_action_cb
    updates = await self.bot.get_updates(
              ^^^^^^^^^^^^^^^^^^^^^^^^^^^
  File "C:\Users\LENOVO\Documents\CoinSeer\venv\Lib\site-packages\telegram\ext\_extbot.py", line 669, in get_updates
    updates = await super().get_updates(
              ^^^^^^^^^^^^^^^^^^^^^^^^^^
  File "C:\Users\LENOVO\Documents\CoinSeer\venv\Lib\site-packages\telegram\_bot.py", line 4601, in get_updates
    await self._post(
  File "C:\Users\LENOVO\Documents\CoinSeer\venv\Lib\site-packages\telegram\_bot.py", line 697, in _post
    return await self._do_post(
           ^^^^^^^^^^^^^^^^^^^^
  File "C:\Users\LENOVO\Documents\CoinSeer\venv\Lib\site-packages\telegram\ext\_extbot.py", line 369, in _do_post
    return await super()._do_post(
           ^^^^^^^^^^^^^^^^^^^^^^^
  File "C:\Users\LENOVO\Documents\CoinSeer\venv\Lib\site-packages\telegram\_bot.py", line 726, in _do_post
    result = await request.post(
             ^^^^^^^^^^^^^^^^^^^
  File "C:\Users\LENOVO\Documents\CoinSeer\venv\Lib\site-packages\telegram\request\_baserequest.py", line 197, in post
    result = await self._request_wrapper(
             ^^^^^^^^^^^^^^^^^^^^^^^^^^^^
  File "C:\Users\LENOVO\Documents\CoinSeer\venv\Lib\site-packages\telegram\request\_baserequest.py", line 304, in _request_wrapper
    code, payload = await self.do_request(
                    ^^^^^^^^^^^^^^^^^^^^^^
  File "C:\Users\LENOVO\Documents\CoinSeer\venv\Lib\site-packages\telegram\request\_httpxrequest.py", line 297, in do_request
    raise NetworkError(f"httpx.{err.__class__.__name__}: {err}") from err
telegram.error.NetworkError: httpx.ConnectError: [Errno 11001] getaddrinfo failed
2025-07-28 13:50:07,227 - telegram.ext.Application - ERROR - No error handlers are registered, logging exception.
Traceback (most recent call last):
  File "C:\Users\LENOVO\Documents\CoinSeer\venv\Lib\site-packages\httpx\_transports\default.py", line 101, in map_httpcore_exceptions
    yield
  File "C:\Users\LENOVO\Documents\CoinSeer\venv\Lib\site-packages\httpx\_transports\default.py", line 394, in handle_async_request
    resp = await self._pool.handle_async_request(req)
           ^^^^^^^^^^^^^^^^^^^^^^^^^^^^^^^^^^^^^^^^^^
  File "C:\Users\LENOVO\Documents\CoinSeer\venv\Lib\site-packages\httpcore\_async\connection_pool.py", line 256, in handle_async_request
    raise exc from None
  File "C:\Users\LENOVO\Documents\CoinSeer\venv\Lib\site-packages\httpcore\_async\connection_pool.py", line 236, in handle_async_request
    response = await connection.handle_async_request(
               ^^^^^^^^^^^^^^^^^^^^^^^^^^^^^^^^^^^^^^
  File "C:\Users\LENOVO\Documents\CoinSeer\venv\Lib\site-packages\httpcore\_async\connection.py", line 101, in handle_async_request
    raise exc
  File "C:\Users\LENOVO\Documents\CoinSeer\venv\Lib\site-packages\httpcore\_async\connection.py", line 78, in handle_async_request
    stream = await self._connect(request)
             ^^^^^^^^^^^^^^^^^^^^^^^^^^^^
  File "C:\Users\LENOVO\Documents\CoinSeer\venv\Lib\site-packages\httpcore\_async\connection.py", line 124, in _connect
    stream = await self._network_backend.connect_tcp(**kwargs)
             ^^^^^^^^^^^^^^^^^^^^^^^^^^^^^^^^^^^^^^^^^^^^^^^^^
  File "C:\Users\LENOVO\Documents\CoinSeer\venv\Lib\site-packages\httpcore\_backends\auto.py", line 31, in connect_tcp
    return await self._backend.connect_tcp(
           ^^^^^^^^^^^^^^^^^^^^^^^^^^^^^^^^
  File "C:\Users\LENOVO\Documents\CoinSeer\venv\Lib\site-packages\httpcore\_backends\anyio.py", line 113, in connect_tcp
    with map_exceptions(exc_map):
         ^^^^^^^^^^^^^^^^^^^^^^^
  File "C:\Program Files\WindowsApps\PythonSoftwareFoundation.Python.3.12_3.12.2800.0_x64__qbz5n2kfra8p0\Lib\contextlib.py", line 158, in __exit__
    self.gen.throw(value)
  File "C:\Users\LENOVO\Documents\CoinSeer\venv\Lib\site-packages\httpcore\_exceptions.py", line 14, in map_exceptions
    raise to_exc(exc) from exc
httpcore.ConnectError: [Errno 11001] getaddrinfo failed

The above exception was the direct cause of the following exception:

Traceback (most recent call last):
  File "C:\Users\LENOVO\Documents\CoinSeer\venv\Lib\site-packages\telegram\request\_httpxrequest.py", line 273, in do_request
    res = await self._client.request(
          ^^^^^^^^^^^^^^^^^^^^^^^^^^^
  File "C:\Users\LENOVO\Documents\CoinSeer\venv\Lib\site-packages\httpx\_client.py", line 1540, in request
    return await self.send(request, auth=auth, follow_redirects=follow_redirects)
           ^^^^^^^^^^^^^^^^^^^^^^^^^^^^^^^^^^^^^^^^^^^^^^^^^^^^^^^^^^^^^^^^^^^^^^
  File "C:\Users\LENOVO\Documents\CoinSeer\venv\Lib\site-packages\httpx\_client.py", line 1629, in send
    response = await self._send_handling_auth(
               ^^^^^^^^^^^^^^^^^^^^^^^^^^^^^^^
  File "C:\Users\LENOVO\Documents\CoinSeer\venv\Lib\site-packages\httpx\_client.py", line 1657, in _send_handling_auth
    response = await self._send_handling_redirects(
               ^^^^^^^^^^^^^^^^^^^^^^^^^^^^^^^^^^^^
  File "C:\Users\LENOVO\Documents\CoinSeer\venv\Lib\site-packages\httpx\_client.py", line 1694, in _send_handling_redirects
    response = await self._send_single_request(request)
               ^^^^^^^^^^^^^^^^^^^^^^^^^^^^^^^^^^^^^^^^
  File "C:\Users\LENOVO\Documents\CoinSeer\venv\Lib\site-packages\httpx\_client.py", line 1730, in _send_single_request
    response = await transport.handle_async_request(request)
               ^^^^^^^^^^^^^^^^^^^^^^^^^^^^^^^^^^^^^^^^^^^^^
  File "C:\Users\LENOVO\Documents\CoinSeer\venv\Lib\site-packages\httpx\_transports\default.py", line 393, in handle_async_request
    with map_httpcore_exceptions():
         ^^^^^^^^^^^^^^^^^^^^^^^^^
  File "C:\Program Files\WindowsApps\PythonSoftwareFoundation.Python.3.12_3.12.2800.0_x64__qbz5n2kfra8p0\Lib\contextlib.py", line 158, in __exit__
    self.gen.throw(value)
  File "C:\Users\LENOVO\Documents\CoinSeer\venv\Lib\site-packages\httpx\_transports\default.py", line 118, in map_httpcore_exceptions
    raise mapped_exc(message) from exc
httpx.ConnectError: [Errno 11001] getaddrinfo failed

The above exception was the direct cause of the following exception:

Traceback (most recent call last):
  File "C:\Users\LENOVO\Documents\CoinSeer\venv\Lib\site-packages\telegram\ext\_utils\networkloop.py", line 115, in network_retry_loop
    if not await do_action():
           ^^^^^^^^^^^^^^^^^
  File "C:\Users\LENOVO\Documents\CoinSeer\venv\Lib\site-packages\telegram\ext\_utils\networkloop.py", line 108, in do_action
    return action_cb_task.result()
           ^^^^^^^^^^^^^^^^^^^^^^^
  File "C:\Users\LENOVO\Documents\CoinSeer\venv\Lib\site-packages\telegram\ext\_updater.py", line 335, in polling_action_cb
    updates = await self.bot.get_updates(
              ^^^^^^^^^^^^^^^^^^^^^^^^^^^
  File "C:\Users\LENOVO\Documents\CoinSeer\venv\Lib\site-packages\telegram\ext\_extbot.py", line 669, in get_updates
    updates = await super().get_updates(
              ^^^^^^^^^^^^^^^^^^^^^^^^^^
  File "C:\Users\LENOVO\Documents\CoinSeer\venv\Lib\site-packages\telegram\_bot.py", line 4601, in get_updates
    await self._post(
  File "C:\Users\LENOVO\Documents\CoinSeer\venv\Lib\site-packages\telegram\_bot.py", line 697, in _post
    return await self._do_post(
           ^^^^^^^^^^^^^^^^^^^^
  File "C:\Users\LENOVO\Documents\CoinSeer\venv\Lib\site-packages\telegram\ext\_extbot.py", line 369, in _do_post
    return await super()._do_post(
           ^^^^^^^^^^^^^^^^^^^^^^^
  File "C:\Users\LENOVO\Documents\CoinSeer\venv\Lib\site-packages\telegram\_bot.py", line 726, in _do_post
    result = await request.post(
             ^^^^^^^^^^^^^^^^^^^
  File "C:\Users\LENOVO\Documents\CoinSeer\venv\Lib\site-packages\telegram\request\_baserequest.py", line 197, in post
    result = await self._request_wrapper(
             ^^^^^^^^^^^^^^^^^^^^^^^^^^^^
  File "C:\Users\LENOVO\Documents\CoinSeer\venv\Lib\site-packages\telegram\request\_baserequest.py", line 304, in _request_wrapper
    code, payload = await self.do_request(
                    ^^^^^^^^^^^^^^^^^^^^^^
  File "C:\Users\LENOVO\Documents\CoinSeer\venv\Lib\site-packages\telegram\request\_httpxrequest.py", line 297, in do_request
    raise NetworkError(f"httpx.{err.__class__.__name__}: {err}") from err
telegram.error.NetworkError: httpx.ConnectError: [Errno 11001] getaddrinfo failed
2025-07-28 13:50:24,350 - telegram.ext.Application - ERROR - No error handlers are registered, logging exception.
Traceback (most recent call last):
  File "C:\Users\LENOVO\Documents\CoinSeer\venv\Lib\site-packages\httpx\_transports\default.py", line 101, in map_httpcore_exceptions
    yield
  File "C:\Users\LENOVO\Documents\CoinSeer\venv\Lib\site-packages\httpx\_transports\default.py", line 394, in handle_async_request
    resp = await self._pool.handle_async_request(req)
           ^^^^^^^^^^^^^^^^^^^^^^^^^^^^^^^^^^^^^^^^^^
  File "C:\Users\LENOVO\Documents\CoinSeer\venv\Lib\site-packages\httpcore\_async\connection_pool.py", line 256, in handle_async_request
    raise exc from None
  File "C:\Users\LENOVO\Documents\CoinSeer\venv\Lib\site-packages\httpcore\_async\connection_pool.py", line 236, in handle_async_request
    response = await connection.handle_async_request(
               ^^^^^^^^^^^^^^^^^^^^^^^^^^^^^^^^^^^^^^
  File "C:\Users\LENOVO\Documents\CoinSeer\venv\Lib\site-packages\httpcore\_async\connection.py", line 101, in handle_async_request
    raise exc
  File "C:\Users\LENOVO\Documents\CoinSeer\venv\Lib\site-packages\httpcore\_async\connection.py", line 78, in handle_async_request
    stream = await self._connect(request)
             ^^^^^^^^^^^^^^^^^^^^^^^^^^^^
  File "C:\Users\LENOVO\Documents\CoinSeer\venv\Lib\site-packages\httpcore\_async\connection.py", line 124, in _connect
    stream = await self._network_backend.connect_tcp(**kwargs)
             ^^^^^^^^^^^^^^^^^^^^^^^^^^^^^^^^^^^^^^^^^^^^^^^^^
  File "C:\Users\LENOVO\Documents\CoinSeer\venv\Lib\site-packages\httpcore\_backends\auto.py", line 31, in connect_tcp
    return await self._backend.connect_tcp(
           ^^^^^^^^^^^^^^^^^^^^^^^^^^^^^^^^
  File "C:\Users\LENOVO\Documents\CoinSeer\venv\Lib\site-packages\httpcore\_backends\anyio.py", line 113, in connect_tcp
    with map_exceptions(exc_map):
         ^^^^^^^^^^^^^^^^^^^^^^^
  File "C:\Program Files\WindowsApps\PythonSoftwareFoundation.Python.3.12_3.12.2800.0_x64__qbz5n2kfra8p0\Lib\contextlib.py", line 158, in __exit__
    self.gen.throw(value)
  File "C:\Users\LENOVO\Documents\CoinSeer\venv\Lib\site-packages\httpcore\_exceptions.py", line 14, in map_exceptions
    raise to_exc(exc) from exc
httpcore.ConnectError: [Errno 11001] getaddrinfo failed

The above exception was the direct cause of the following exception:

Traceback (most recent call last):
  File "C:\Users\LENOVO\Documents\CoinSeer\venv\Lib\site-packages\telegram\request\_httpxrequest.py", line 273, in do_request
    res = await self._client.request(
          ^^^^^^^^^^^^^^^^^^^^^^^^^^^
  File "C:\Users\LENOVO\Documents\CoinSeer\venv\Lib\site-packages\httpx\_client.py", line 1540, in request
    return await self.send(request, auth=auth, follow_redirects=follow_redirects)
           ^^^^^^^^^^^^^^^^^^^^^^^^^^^^^^^^^^^^^^^^^^^^^^^^^^^^^^^^^^^^^^^^^^^^^^
  File "C:\Users\LENOVO\Documents\CoinSeer\venv\Lib\site-packages\httpx\_client.py", line 1629, in send
    response = await self._send_handling_auth(
               ^^^^^^^^^^^^^^^^^^^^^^^^^^^^^^^
  File "C:\Users\LENOVO\Documents\CoinSeer\venv\Lib\site-packages\httpx\_client.py", line 1657, in _send_handling_auth
    response = await self._send_handling_redirects(
               ^^^^^^^^^^^^^^^^^^^^^^^^^^^^^^^^^^^^
  File "C:\Users\LENOVO\Documents\CoinSeer\venv\Lib\site-packages\httpx\_client.py", line 1694, in _send_handling_redirects
    response = await self._send_single_request(request)
               ^^^^^^^^^^^^^^^^^^^^^^^^^^^^^^^^^^^^^^^^
  File "C:\Users\LENOVO\Documents\CoinSeer\venv\Lib\site-packages\httpx\_client.py", line 1730, in _send_single_request
    response = await transport.handle_async_request(request)
               ^^^^^^^^^^^^^^^^^^^^^^^^^^^^^^^^^^^^^^^^^^^^^
  File "C:\Users\LENOVO\Documents\CoinSeer\venv\Lib\site-packages\httpx\_transports\default.py", line 393, in handle_async_request
    with map_httpcore_exceptions():
         ^^^^^^^^^^^^^^^^^^^^^^^^^
  File "C:\Program Files\WindowsApps\PythonSoftwareFoundation.Python.3.12_3.12.2800.0_x64__qbz5n2kfra8p0\Lib\contextlib.py", line 158, in __exit__
    self.gen.throw(value)
  File "C:\Users\LENOVO\Documents\CoinSeer\venv\Lib\site-packages\httpx\_transports\default.py", line 118, in map_httpcore_exceptions
    raise mapped_exc(message) from exc
httpx.ConnectError: [Errno 11001] getaddrinfo failed

The above exception was the direct cause of the following exception:

Traceback (most recent call last):
  File "C:\Users\LENOVO\Documents\CoinSeer\venv\Lib\site-packages\telegram\ext\_utils\networkloop.py", line 115, in network_retry_loop
    if not await do_action():
           ^^^^^^^^^^^^^^^^^
  File "C:\Users\LENOVO\Documents\CoinSeer\venv\Lib\site-packages\telegram\ext\_utils\networkloop.py", line 108, in do_action
    return action_cb_task.result()
           ^^^^^^^^^^^^^^^^^^^^^^^
  File "C:\Users\LENOVO\Documents\CoinSeer\venv\Lib\site-packages\telegram\ext\_updater.py", line 335, in polling_action_cb
    updates = await self.bot.get_updates(
              ^^^^^^^^^^^^^^^^^^^^^^^^^^^
  File "C:\Users\LENOVO\Documents\CoinSeer\venv\Lib\site-packages\telegram\ext\_extbot.py", line 669, in get_updates
    updates = await super().get_updates(
              ^^^^^^^^^^^^^^^^^^^^^^^^^^
  File "C:\Users\LENOVO\Documents\CoinSeer\venv\Lib\site-packages\telegram\_bot.py", line 4601, in get_updates
    await self._post(
  File "C:\Users\LENOVO\Documents\CoinSeer\venv\Lib\site-packages\telegram\_bot.py", line 697, in _post
    return await self._do_post(
           ^^^^^^^^^^^^^^^^^^^^
  File "C:\Users\LENOVO\Documents\CoinSeer\venv\Lib\site-packages\telegram\ext\_extbot.py", line 369, in _do_post
    return await super()._do_post(
           ^^^^^^^^^^^^^^^^^^^^^^^
  File "C:\Users\LENOVO\Documents\CoinSeer\venv\Lib\site-packages\telegram\_bot.py", line 726, in _do_post
    result = await request.post(
             ^^^^^^^^^^^^^^^^^^^
  File "C:\Users\LENOVO\Documents\CoinSeer\venv\Lib\site-packages\telegram\request\_baserequest.py", line 197, in post
    result = await self._request_wrapper(
             ^^^^^^^^^^^^^^^^^^^^^^^^^^^^
  File "C:\Users\LENOVO\Documents\CoinSeer\venv\Lib\site-packages\telegram\request\_baserequest.py", line 304, in _request_wrapper
    code, payload = await self.do_request(
                    ^^^^^^^^^^^^^^^^^^^^^^
  File "C:\Users\LENOVO\Documents\CoinSeer\venv\Lib\site-packages\telegram\request\_httpxrequest.py", line 297, in do_request
    raise NetworkError(f"httpx.{err.__class__.__name__}: {err}") from err
telegram.error.NetworkError: httpx.ConnectError: [Errno 11001] getaddrinfo failed
2025-07-28 13:50:28,318 - apscheduler.executors.default - INFO - Running job "check_price_alerts (trigger: interval[0:01:00], next run at: 2025-07-28 12:51:28 UTC)" (scheduled at 2025-07-28 12:50:28.305486+00:00)
2025-07-28 13:50:28,325 - apscheduler.executors.default - INFO - Job "check_price_alerts (trigger: interval[0:01:00], next run at: 2025-07-28 12:51:28 UTC)" executed successfully
2025-07-28 13:50:32,668 - telegram.ext.Application - ERROR - No error handlers are registered, logging exception.
Traceback (most recent call last):
  File "C:\Users\LENOVO\Documents\CoinSeer\venv\Lib\site-packages\httpx\_transports\default.py", line 101, in map_httpcore_exceptions
    yield
  File "C:\Users\LENOVO\Documents\CoinSeer\venv\Lib\site-packages\httpx\_transports\default.py", line 394, in handle_async_request
    resp = await self._pool.handle_async_request(req)
           ^^^^^^^^^^^^^^^^^^^^^^^^^^^^^^^^^^^^^^^^^^
  File "C:\Users\LENOVO\Documents\CoinSeer\venv\Lib\site-packages\httpcore\_async\connection_pool.py", line 256, in handle_async_request
    raise exc from None
  File "C:\Users\LENOVO\Documents\CoinSeer\venv\Lib\site-packages\httpcore\_async\connection_pool.py", line 236, in handle_async_request
    response = await connection.handle_async_request(
               ^^^^^^^^^^^^^^^^^^^^^^^^^^^^^^^^^^^^^^
  File "C:\Users\LENOVO\Documents\CoinSeer\venv\Lib\site-packages\httpcore\_async\connection.py", line 101, in handle_async_request
    raise exc
  File "C:\Users\LENOVO\Documents\CoinSeer\venv\Lib\site-packages\httpcore\_async\connection.py", line 78, in handle_async_request
    stream = await self._connect(request)
             ^^^^^^^^^^^^^^^^^^^^^^^^^^^^
  File "C:\Users\LENOVO\Documents\CoinSeer\venv\Lib\site-packages\httpcore\_async\connection.py", line 124, in _connect
    stream = await self._network_backend.connect_tcp(**kwargs)
             ^^^^^^^^^^^^^^^^^^^^^^^^^^^^^^^^^^^^^^^^^^^^^^^^^
  File "C:\Users\LENOVO\Documents\CoinSeer\venv\Lib\site-packages\httpcore\_backends\auto.py", line 31, in connect_tcp
    return await self._backend.connect_tcp(
           ^^^^^^^^^^^^^^^^^^^^^^^^^^^^^^^^
  File "C:\Users\LENOVO\Documents\CoinSeer\venv\Lib\site-packages\httpcore\_backends\anyio.py", line 113, in connect_tcp
    with map_exceptions(exc_map):
         ^^^^^^^^^^^^^^^^^^^^^^^
  File "C:\Program Files\WindowsApps\PythonSoftwareFoundation.Python.3.12_3.12.2800.0_x64__qbz5n2kfra8p0\Lib\contextlib.py", line 158, in __exit__
    self.gen.throw(value)
  File "C:\Users\LENOVO\Documents\CoinSeer\venv\Lib\site-packages\httpcore\_exceptions.py", line 14, in map_exceptions
    raise to_exc(exc) from exc
httpcore.ConnectError: [Errno 11001] getaddrinfo failed

The above exception was the direct cause of the following exception:

Traceback (most recent call last):
  File "C:\Users\LENOVO\Documents\CoinSeer\venv\Lib\site-packages\telegram\request\_httpxrequest.py", line 273, in do_request
    res = await self._client.request(
          ^^^^^^^^^^^^^^^^^^^^^^^^^^^
  File "C:\Users\LENOVO\Documents\CoinSeer\venv\Lib\site-packages\httpx\_client.py", line 1540, in request
    return await self.send(request, auth=auth, follow_redirects=follow_redirects)
           ^^^^^^^^^^^^^^^^^^^^^^^^^^^^^^^^^^^^^^^^^^^^^^^^^^^^^^^^^^^^^^^^^^^^^^
  File "C:\Users\LENOVO\Documents\CoinSeer\venv\Lib\site-packages\httpx\_client.py", line 1629, in send
    response = await self._send_handling_auth(
               ^^^^^^^^^^^^^^^^^^^^^^^^^^^^^^^
  File "C:\Users\LENOVO\Documents\CoinSeer\venv\Lib\site-packages\httpx\_client.py", line 1657, in _send_handling_auth
    response = await self._send_handling_redirects(
               ^^^^^^^^^^^^^^^^^^^^^^^^^^^^^^^^^^^^
  File "C:\Users\LENOVO\Documents\CoinSeer\venv\Lib\site-packages\httpx\_client.py", line 1694, in _send_handling_redirects
    response = await self._send_single_request(request)
               ^^^^^^^^^^^^^^^^^^^^^^^^^^^^^^^^^^^^^^^^
  File "C:\Users\LENOVO\Documents\CoinSeer\venv\Lib\site-packages\httpx\_client.py", line 1730, in _send_single_request
    response = await transport.handle_async_request(request)
               ^^^^^^^^^^^^^^^^^^^^^^^^^^^^^^^^^^^^^^^^^^^^^
  File "C:\Users\LENOVO\Documents\CoinSeer\venv\Lib\site-packages\httpx\_transports\default.py", line 393, in handle_async_request
    with map_httpcore_exceptions():
         ^^^^^^^^^^^^^^^^^^^^^^^^^
  File "C:\Program Files\WindowsApps\PythonSoftwareFoundation.Python.3.12_3.12.2800.0_x64__qbz5n2kfra8p0\Lib\contextlib.py", line 158, in __exit__
    self.gen.throw(value)
  File "C:\Users\LENOVO\Documents\CoinSeer\venv\Lib\site-packages\httpx\_transports\default.py", line 118, in map_httpcore_exceptions
    raise mapped_exc(message) from exc
httpx.ConnectError: [Errno 11001] getaddrinfo failed

The above exception was the direct cause of the following exception:

Traceback (most recent call last):
  File "C:\Users\LENOVO\Documents\CoinSeer\venv\Lib\site-packages\telegram\ext\_utils\networkloop.py", line 115, in network_retry_loop
    if not await do_action():
           ^^^^^^^^^^^^^^^^^
  File "C:\Users\LENOVO\Documents\CoinSeer\venv\Lib\site-packages\telegram\ext\_utils\networkloop.py", line 108, in do_action
    return action_cb_task.result()
           ^^^^^^^^^^^^^^^^^^^^^^^
  File "C:\Users\LENOVO\Documents\CoinSeer\venv\Lib\site-packages\telegram\ext\_updater.py", line 335, in polling_action_cb
    updates = await self.bot.get_updates(
              ^^^^^^^^^^^^^^^^^^^^^^^^^^^
  File "C:\Users\LENOVO\Documents\CoinSeer\venv\Lib\site-packages\telegram\ext\_extbot.py", line 669, in get_updates
    updates = await super().get_updates(
              ^^^^^^^^^^^^^^^^^^^^^^^^^^
  File "C:\Users\LENOVO\Documents\CoinSeer\venv\Lib\site-packages\telegram\_bot.py", line 4601, in get_updates
    await self._post(
  File "C:\Users\LENOVO\Documents\CoinSeer\venv\Lib\site-packages\telegram\_bot.py", line 697, in _post
    return await self._do_post(
           ^^^^^^^^^^^^^^^^^^^^
  File "C:\Users\LENOVO\Documents\CoinSeer\venv\Lib\site-packages\telegram\ext\_extbot.py", line 369, in _do_post
    return await super()._do_post(
           ^^^^^^^^^^^^^^^^^^^^^^^
  File "C:\Users\LENOVO\Documents\CoinSeer\venv\Lib\site-packages\telegram\_bot.py", line 726, in _do_post
    result = await request.post(
             ^^^^^^^^^^^^^^^^^^^
  File "C:\Users\LENOVO\Documents\CoinSeer\venv\Lib\site-packages\telegram\request\_baserequest.py", line 197, in post
    result = await self._request_wrapper(
             ^^^^^^^^^^^^^^^^^^^^^^^^^^^^
  File "C:\Users\LENOVO\Documents\CoinSeer\venv\Lib\site-packages\telegram\request\_baserequest.py", line 304, in _request_wrapper
    code, payload = await self.do_request(
                    ^^^^^^^^^^^^^^^^^^^^^^
  File "C:\Users\LENOVO\Documents\CoinSeer\venv\Lib\site-packages\telegram\request\_httpxrequest.py", line 297, in do_request
    raise NetworkError(f"httpx.{err.__class__.__name__}: {err}") from err
telegram.error.NetworkError: httpx.ConnectError: [Errno 11001] getaddrinfo failed
2025-07-28 13:50:46,143 - apscheduler.executors.default - INFO - Running job "check_price_alerts (trigger: interval[0:01:00], next run at: 2025-07-28 12:51:46 UTC)" (scheduled at 2025-07-28 12:50:46.130707+00:00)
2025-07-28 13:50:46,148 - apscheduler.executors.default - INFO - Job "check_price_alerts (trigger: interval[0:01:00], next run at: 2025-07-28 12:51:46 UTC)" executed successfully
2025-07-28 13:50:46,158 - apscheduler.executors.default - INFO - Running job "check_volume_alerts (trigger: interval[0:05:00], next run at: 2025-07-28 12:55:46 UTC)" (scheduled at 2025-07-28 12:50:46.153148+00:00)
2025-07-28 13:50:46,163 - apscheduler.executors.default - INFO - Job "check_volume_alerts (trigger: interval[0:05:00], next run at: 2025-07-28 12:55:46 UTC)" executed successfully
2025-07-28 13:50:49,988 - telegram.ext.Application - ERROR - No error handlers are registered, logging exception.
Traceback (most recent call last):
  File "C:\Users\LENOVO\Documents\CoinSeer\venv\Lib\site-packages\httpx\_transports\default.py", line 101, in map_httpcore_exceptions
    yield
  File "C:\Users\LENOVO\Documents\CoinSeer\venv\Lib\site-packages\httpx\_transports\default.py", line 394, in handle_async_request
    resp = await self._pool.handle_async_request(req)
           ^^^^^^^^^^^^^^^^^^^^^^^^^^^^^^^^^^^^^^^^^^
  File "C:\Users\LENOVO\Documents\CoinSeer\venv\Lib\site-packages\httpcore\_async\connection_pool.py", line 256, in handle_async_request
    raise exc from None
  File "C:\Users\LENOVO\Documents\CoinSeer\venv\Lib\site-packages\httpcore\_async\connection_pool.py", line 236, in handle_async_request
    response = await connection.handle_async_request(
               ^^^^^^^^^^^^^^^^^^^^^^^^^^^^^^^^^^^^^^
  File "C:\Users\LENOVO\Documents\CoinSeer\venv\Lib\site-packages\httpcore\_async\connection.py", line 101, in handle_async_request
    raise exc
  File "C:\Users\LENOVO\Documents\CoinSeer\venv\Lib\site-packages\httpcore\_async\connection.py", line 78, in handle_async_request
    stream = await self._connect(request)
             ^^^^^^^^^^^^^^^^^^^^^^^^^^^^
  File "C:\Users\LENOVO\Documents\CoinSeer\venv\Lib\site-packages\httpcore\_async\connection.py", line 124, in _connect
    stream = await self._network_backend.connect_tcp(**kwargs)
             ^^^^^^^^^^^^^^^^^^^^^^^^^^^^^^^^^^^^^^^^^^^^^^^^^
  File "C:\Users\LENOVO\Documents\CoinSeer\venv\Lib\site-packages\httpcore\_backends\auto.py", line 31, in connect_tcp
    return await self._backend.connect_tcp(
           ^^^^^^^^^^^^^^^^^^^^^^^^^^^^^^^^
  File "C:\Users\LENOVO\Documents\CoinSeer\venv\Lib\site-packages\httpcore\_backends\anyio.py", line 113, in connect_tcp
    with map_exceptions(exc_map):
         ^^^^^^^^^^^^^^^^^^^^^^^
  File "C:\Program Files\WindowsApps\PythonSoftwareFoundation.Python.3.12_3.12.2800.0_x64__qbz5n2kfra8p0\Lib\contextlib.py", line 158, in __exit__
    self.gen.throw(value)
  File "C:\Users\LENOVO\Documents\CoinSeer\venv\Lib\site-packages\httpcore\_exceptions.py", line 14, in map_exceptions
    raise to_exc(exc) from exc
httpcore.ConnectError: [Errno 11001] getaddrinfo failed

The above exception was the direct cause of the following exception:

Traceback (most recent call last):
  File "C:\Users\LENOVO\Documents\CoinSeer\venv\Lib\site-packages\telegram\request\_httpxrequest.py", line 273, in do_request
    res = await self._client.request(
          ^^^^^^^^^^^^^^^^^^^^^^^^^^^
  File "C:\Users\LENOVO\Documents\CoinSeer\venv\Lib\site-packages\httpx\_client.py", line 1540, in request
    return await self.send(request, auth=auth, follow_redirects=follow_redirects)
           ^^^^^^^^^^^^^^^^^^^^^^^^^^^^^^^^^^^^^^^^^^^^^^^^^^^^^^^^^^^^^^^^^^^^^^
  File "C:\Users\LENOVO\Documents\CoinSeer\venv\Lib\site-packages\httpx\_client.py", line 1629, in send
    response = await self._send_handling_auth(
               ^^^^^^^^^^^^^^^^^^^^^^^^^^^^^^^
  File "C:\Users\LENOVO\Documents\CoinSeer\venv\Lib\site-packages\httpx\_client.py", line 1657, in _send_handling_auth
    response = await self._send_handling_redirects(
               ^^^^^^^^^^^^^^^^^^^^^^^^^^^^^^^^^^^^
  File "C:\Users\LENOVO\Documents\CoinSeer\venv\Lib\site-packages\httpx\_client.py", line 1694, in _send_handling_redirects
    response = await self._send_single_request(request)
               ^^^^^^^^^^^^^^^^^^^^^^^^^^^^^^^^^^^^^^^^
  File "C:\Users\LENOVO\Documents\CoinSeer\venv\Lib\site-packages\httpx\_client.py", line 1730, in _send_single_request
    response = await transport.handle_async_request(request)
               ^^^^^^^^^^^^^^^^^^^^^^^^^^^^^^^^^^^^^^^^^^^^^
  File "C:\Users\LENOVO\Documents\CoinSeer\venv\Lib\site-packages\httpx\_transports\default.py", line 393, in handle_async_request
    with map_httpcore_exceptions():
         ^^^^^^^^^^^^^^^^^^^^^^^^^
  File "C:\Program Files\WindowsApps\PythonSoftwareFoundation.Python.3.12_3.12.2800.0_x64__qbz5n2kfra8p0\Lib\contextlib.py", line 158, in __exit__
    self.gen.throw(value)
  File "C:\Users\LENOVO\Documents\CoinSeer\venv\Lib\site-packages\httpx\_transports\default.py", line 118, in map_httpcore_exceptions
    raise mapped_exc(message) from exc
httpx.ConnectError: [Errno 11001] getaddrinfo failed

The above exception was the direct cause of the following exception:

Traceback (most recent call last):
  File "C:\Users\LENOVO\Documents\CoinSeer\venv\Lib\site-packages\telegram\ext\_utils\networkloop.py", line 115, in network_retry_loop
    if not await do_action():
           ^^^^^^^^^^^^^^^^^
  File "C:\Users\LENOVO\Documents\CoinSeer\venv\Lib\site-packages\telegram\ext\_utils\networkloop.py", line 108, in do_action
    return action_cb_task.result()
           ^^^^^^^^^^^^^^^^^^^^^^^
  File "C:\Users\LENOVO\Documents\CoinSeer\venv\Lib\site-packages\telegram\ext\_updater.py", line 335, in polling_action_cb
    updates = await self.bot.get_updates(
              ^^^^^^^^^^^^^^^^^^^^^^^^^^^
  File "C:\Users\LENOVO\Documents\CoinSeer\venv\Lib\site-packages\telegram\ext\_extbot.py", line 669, in get_updates
    updates = await super().get_updates(
              ^^^^^^^^^^^^^^^^^^^^^^^^^^
  File "C:\Users\LENOVO\Documents\CoinSeer\venv\Lib\site-packages\telegram\_bot.py", line 4601, in get_updates
    await self._post(
  File "C:\Users\LENOVO\Documents\CoinSeer\venv\Lib\site-packages\telegram\_bot.py", line 697, in _post
    return await self._do_post(
           ^^^^^^^^^^^^^^^^^^^^
  File "C:\Users\LENOVO\Documents\CoinSeer\venv\Lib\site-packages\telegram\ext\_extbot.py", line 369, in _do_post
    return await super()._do_post(
           ^^^^^^^^^^^^^^^^^^^^^^^
  File "C:\Users\LENOVO\Documents\CoinSeer\venv\Lib\site-packages\telegram\_bot.py", line 726, in _do_post
    result = await request.post(
             ^^^^^^^^^^^^^^^^^^^
  File "C:\Users\LENOVO\Documents\CoinSeer\venv\Lib\site-packages\telegram\request\_baserequest.py", line 197, in post
    result = await self._request_wrapper(
             ^^^^^^^^^^^^^^^^^^^^^^^^^^^^
  File "C:\Users\LENOVO\Documents\CoinSeer\venv\Lib\site-packages\telegram\request\_baserequest.py", line 304, in _request_wrapper
    code, payload = await self.do_request(
                    ^^^^^^^^^^^^^^^^^^^^^^
  File "C:\Users\LENOVO\Documents\CoinSeer\venv\Lib\site-packages\telegram\request\_httpxrequest.py", line 297, in do_request
    raise NetworkError(f"httpx.{err.__class__.__name__}: {err}") from err
telegram.error.NetworkError: httpx.ConnectError: [Errno 11001] getaddrinfo failed
2025-07-28 13:51:02,689 - telegram.ext.Application - ERROR - No error handlers are registered, logging exception.
Traceback (most recent call last):
  File "C:\Users\LENOVO\Documents\CoinSeer\venv\Lib\site-packages\httpx\_transports\default.py", line 101, in map_httpcore_exceptions
    yield
  File "C:\Users\LENOVO\Documents\CoinSeer\venv\Lib\site-packages\httpx\_transports\default.py", line 394, in handle_async_request
    resp = await self._pool.handle_async_request(req)
           ^^^^^^^^^^^^^^^^^^^^^^^^^^^^^^^^^^^^^^^^^^
  File "C:\Users\LENOVO\Documents\CoinSeer\venv\Lib\site-packages\httpcore\_async\connection_pool.py", line 256, in handle_async_request
    raise exc from None
  File "C:\Users\LENOVO\Documents\CoinSeer\venv\Lib\site-packages\httpcore\_async\connection_pool.py", line 236, in handle_async_request
    response = await connection.handle_async_request(
               ^^^^^^^^^^^^^^^^^^^^^^^^^^^^^^^^^^^^^^
  File "C:\Users\LENOVO\Documents\CoinSeer\venv\Lib\site-packages\httpcore\_async\connection.py", line 101, in handle_async_request
    raise exc
  File "C:\Users\LENOVO\Documents\CoinSeer\venv\Lib\site-packages\httpcore\_async\connection.py", line 78, in handle_async_request
    stream = await self._connect(request)
             ^^^^^^^^^^^^^^^^^^^^^^^^^^^^
  File "C:\Users\LENOVO\Documents\CoinSeer\venv\Lib\site-packages\httpcore\_async\connection.py", line 124, in _connect
    stream = await self._network_backend.connect_tcp(**kwargs)
             ^^^^^^^^^^^^^^^^^^^^^^^^^^^^^^^^^^^^^^^^^^^^^^^^^
  File "C:\Users\LENOVO\Documents\CoinSeer\venv\Lib\site-packages\httpcore\_backends\auto.py", line 31, in connect_tcp
    return await self._backend.connect_tcp(
           ^^^^^^^^^^^^^^^^^^^^^^^^^^^^^^^^
  File "C:\Users\LENOVO\Documents\CoinSeer\venv\Lib\site-packages\httpcore\_backends\anyio.py", line 113, in connect_tcp
    with map_exceptions(exc_map):
         ^^^^^^^^^^^^^^^^^^^^^^^
  File "C:\Program Files\WindowsApps\PythonSoftwareFoundation.Python.3.12_3.12.2800.0_x64__qbz5n2kfra8p0\Lib\contextlib.py", line 158, in __exit__
    self.gen.throw(value)
  File "C:\Users\LENOVO\Documents\CoinSeer\venv\Lib\site-packages\httpcore\_exceptions.py", line 14, in map_exceptions
    raise to_exc(exc) from exc
httpcore.ConnectError: [Errno 11001] getaddrinfo failed

The above exception was the direct cause of the following exception:

Traceback (most recent call last):
  File "C:\Users\LENOVO\Documents\CoinSeer\venv\Lib\site-packages\telegram\request\_httpxrequest.py", line 273, in do_request
    res = await self._client.request(
          ^^^^^^^^^^^^^^^^^^^^^^^^^^^
  File "C:\Users\LENOVO\Documents\CoinSeer\venv\Lib\site-packages\httpx\_client.py", line 1540, in request
    return await self.send(request, auth=auth, follow_redirects=follow_redirects)
           ^^^^^^^^^^^^^^^^^^^^^^^^^^^^^^^^^^^^^^^^^^^^^^^^^^^^^^^^^^^^^^^^^^^^^^
  File "C:\Users\LENOVO\Documents\CoinSeer\venv\Lib\site-packages\httpx\_client.py", line 1629, in send
    response = await self._send_handling_auth(
               ^^^^^^^^^^^^^^^^^^^^^^^^^^^^^^^
  File "C:\Users\LENOVO\Documents\CoinSeer\venv\Lib\site-packages\httpx\_client.py", line 1657, in _send_handling_auth
    response = await self._send_handling_redirects(
               ^^^^^^^^^^^^^^^^^^^^^^^^^^^^^^^^^^^^
  File "C:\Users\LENOVO\Documents\CoinSeer\venv\Lib\site-packages\httpx\_client.py", line 1694, in _send_handling_redirects
    response = await self._send_single_request(request)
               ^^^^^^^^^^^^^^^^^^^^^^^^^^^^^^^^^^^^^^^^
  File "C:\Users\LENOVO\Documents\CoinSeer\venv\Lib\site-packages\httpx\_client.py", line 1730, in _send_single_request
    response = await transport.handle_async_request(request)
               ^^^^^^^^^^^^^^^^^^^^^^^^^^^^^^^^^^^^^^^^^^^^^
  File "C:\Users\LENOVO\Documents\CoinSeer\venv\Lib\site-packages\httpx\_transports\default.py", line 393, in handle_async_request
    with map_httpcore_exceptions():
         ^^^^^^^^^^^^^^^^^^^^^^^^^
  File "C:\Program Files\WindowsApps\PythonSoftwareFoundation.Python.3.12_3.12.2800.0_x64__qbz5n2kfra8p0\Lib\contextlib.py", line 158, in __exit__
    self.gen.throw(value)
  File "C:\Users\LENOVO\Documents\CoinSeer\venv\Lib\site-packages\httpx\_transports\default.py", line 118, in map_httpcore_exceptions
    raise mapped_exc(message) from exc
httpx.ConnectError: [Errno 11001] getaddrinfo failed

The above exception was the direct cause of the following exception:

Traceback (most recent call last):
  File "C:\Users\LENOVO\Documents\CoinSeer\venv\Lib\site-packages\telegram\ext\_utils\networkloop.py", line 115, in network_retry_loop
    if not await do_action():
           ^^^^^^^^^^^^^^^^^
  File "C:\Users\LENOVO\Documents\CoinSeer\venv\Lib\site-packages\telegram\ext\_utils\networkloop.py", line 108, in do_action
    return action_cb_task.result()
           ^^^^^^^^^^^^^^^^^^^^^^^
  File "C:\Users\LENOVO\Documents\CoinSeer\venv\Lib\site-packages\telegram\ext\_updater.py", line 335, in polling_action_cb
    updates = await self.bot.get_updates(
              ^^^^^^^^^^^^^^^^^^^^^^^^^^^
  File "C:\Users\LENOVO\Documents\CoinSeer\venv\Lib\site-packages\telegram\ext\_extbot.py", line 669, in get_updates
    updates = await super().get_updates(
              ^^^^^^^^^^^^^^^^^^^^^^^^^^
  File "C:\Users\LENOVO\Documents\CoinSeer\venv\Lib\site-packages\telegram\_bot.py", line 4601, in get_updates
    await self._post(
  File "C:\Users\LENOVO\Documents\CoinSeer\venv\Lib\site-packages\telegram\_bot.py", line 697, in _post
    return await self._do_post(
           ^^^^^^^^^^^^^^^^^^^^
  File "C:\Users\LENOVO\Documents\CoinSeer\venv\Lib\site-packages\telegram\ext\_extbot.py", line 369, in _do_post
    return await super()._do_post(
           ^^^^^^^^^^^^^^^^^^^^^^^
  File "C:\Users\LENOVO\Documents\CoinSeer\venv\Lib\site-packages\telegram\_bot.py", line 726, in _do_post
    result = await request.post(
             ^^^^^^^^^^^^^^^^^^^
  File "C:\Users\LENOVO\Documents\CoinSeer\venv\Lib\site-packages\telegram\request\_baserequest.py", line 197, in post
    result = await self._request_wrapper(
             ^^^^^^^^^^^^^^^^^^^^^^^^^^^^
  File "C:\Users\LENOVO\Documents\CoinSeer\venv\Lib\site-packages\telegram\request\_baserequest.py", line 304, in _request_wrapper
    code, payload = await self.do_request(
                    ^^^^^^^^^^^^^^^^^^^^^^
  File "C:\Users\LENOVO\Documents\CoinSeer\venv\Lib\site-packages\telegram\request\_httpxrequest.py", line 297, in do_request
    raise NetworkError(f"httpx.{err.__class__.__name__}: {err}") from err
telegram.error.NetworkError: httpx.ConnectError: [Errno 11001] getaddrinfo failed
2025-07-28 13:51:20,001 - telegram.ext.Application - ERROR - No error handlers are registered, logging exception.
Traceback (most recent call last):
  File "C:\Users\LENOVO\Documents\CoinSeer\venv\Lib\site-packages\httpx\_transports\default.py", line 101, in map_httpcore_exceptions
    yield
  File "C:\Users\LENOVO\Documents\CoinSeer\venv\Lib\site-packages\httpx\_transports\default.py", line 394, in handle_async_request
    resp = await self._pool.handle_async_request(req)
           ^^^^^^^^^^^^^^^^^^^^^^^^^^^^^^^^^^^^^^^^^^
  File "C:\Users\LENOVO\Documents\CoinSeer\venv\Lib\site-packages\httpcore\_async\connection_pool.py", line 256, in handle_async_request
    raise exc from None
  File "C:\Users\LENOVO\Documents\CoinSeer\venv\Lib\site-packages\httpcore\_async\connection_pool.py", line 236, in handle_async_request
    response = await connection.handle_async_request(
               ^^^^^^^^^^^^^^^^^^^^^^^^^^^^^^^^^^^^^^
  File "C:\Users\LENOVO\Documents\CoinSeer\venv\Lib\site-packages\httpcore\_async\connection.py", line 101, in handle_async_request
    raise exc
  File "C:\Users\LENOVO\Documents\CoinSeer\venv\Lib\site-packages\httpcore\_async\connection.py", line 78, in handle_async_request
    stream = await self._connect(request)
             ^^^^^^^^^^^^^^^^^^^^^^^^^^^^
  File "C:\Users\LENOVO\Documents\CoinSeer\venv\Lib\site-packages\httpcore\_async\connection.py", line 124, in _connect
    stream = await self._network_backend.connect_tcp(**kwargs)
             ^^^^^^^^^^^^^^^^^^^^^^^^^^^^^^^^^^^^^^^^^^^^^^^^^
  File "C:\Users\LENOVO\Documents\CoinSeer\venv\Lib\site-packages\httpcore\_backends\auto.py", line 31, in connect_tcp
    return await self._backend.connect_tcp(
           ^^^^^^^^^^^^^^^^^^^^^^^^^^^^^^^^
  File "C:\Users\LENOVO\Documents\CoinSeer\venv\Lib\site-packages\httpcore\_backends\anyio.py", line 113, in connect_tcp
    with map_exceptions(exc_map):
         ^^^^^^^^^^^^^^^^^^^^^^^
  File "C:\Program Files\WindowsApps\PythonSoftwareFoundation.Python.3.12_3.12.2800.0_x64__qbz5n2kfra8p0\Lib\contextlib.py", line 158, in __exit__
    self.gen.throw(value)
  File "C:\Users\LENOVO\Documents\CoinSeer\venv\Lib\site-packages\httpcore\_exceptions.py", line 14, in map_exceptions
    raise to_exc(exc) from exc
httpcore.ConnectError: [Errno 11001] getaddrinfo failed

The above exception was the direct cause of the following exception:

Traceback (most recent call last):
  File "C:\Users\LENOVO\Documents\CoinSeer\venv\Lib\site-packages\telegram\request\_httpxrequest.py", line 273, in do_request
    res = await self._client.request(
          ^^^^^^^^^^^^^^^^^^^^^^^^^^^
  File "C:\Users\LENOVO\Documents\CoinSeer\venv\Lib\site-packages\httpx\_client.py", line 1540, in request
    return await self.send(request, auth=auth, follow_redirects=follow_redirects)
           ^^^^^^^^^^^^^^^^^^^^^^^^^^^^^^^^^^^^^^^^^^^^^^^^^^^^^^^^^^^^^^^^^^^^^^
  File "C:\Users\LENOVO\Documents\CoinSeer\venv\Lib\site-packages\httpx\_client.py", line 1629, in send
    response = await self._send_handling_auth(
               ^^^^^^^^^^^^^^^^^^^^^^^^^^^^^^^
  File "C:\Users\LENOVO\Documents\CoinSeer\venv\Lib\site-packages\httpx\_client.py", line 1657, in _send_handling_auth
    response = await self._send_handling_redirects(
               ^^^^^^^^^^^^^^^^^^^^^^^^^^^^^^^^^^^^
  File "C:\Users\LENOVO\Documents\CoinSeer\venv\Lib\site-packages\httpx\_client.py", line 1694, in _send_handling_redirects
    response = await self._send_single_request(request)
               ^^^^^^^^^^^^^^^^^^^^^^^^^^^^^^^^^^^^^^^^
  File "C:\Users\LENOVO\Documents\CoinSeer\venv\Lib\site-packages\httpx\_client.py", line 1730, in _send_single_request
    response = await transport.handle_async_request(request)
               ^^^^^^^^^^^^^^^^^^^^^^^^^^^^^^^^^^^^^^^^^^^^^
  File "C:\Users\LENOVO\Documents\CoinSeer\venv\Lib\site-packages\httpx\_transports\default.py", line 393, in handle_async_request
    with map_httpcore_exceptions():
         ^^^^^^^^^^^^^^^^^^^^^^^^^
  File "C:\Program Files\WindowsApps\PythonSoftwareFoundation.Python.3.12_3.12.2800.0_x64__qbz5n2kfra8p0\Lib\contextlib.py", line 158, in __exit__
    self.gen.throw(value)
  File "C:\Users\LENOVO\Documents\CoinSeer\venv\Lib\site-packages\httpx\_transports\default.py", line 118, in map_httpcore_exceptions
    raise mapped_exc(message) from exc
httpx.ConnectError: [Errno 11001] getaddrinfo failed

The above exception was the direct cause of the following exception:

Traceback (most recent call last):
  File "C:\Users\LENOVO\Documents\CoinSeer\venv\Lib\site-packages\telegram\ext\_utils\networkloop.py", line 115, in network_retry_loop
    if not await do_action():
           ^^^^^^^^^^^^^^^^^
  File "C:\Users\LENOVO\Documents\CoinSeer\venv\Lib\site-packages\telegram\ext\_utils\networkloop.py", line 108, in do_action
    return action_cb_task.result()
           ^^^^^^^^^^^^^^^^^^^^^^^
  File "C:\Users\LENOVO\Documents\CoinSeer\venv\Lib\site-packages\telegram\ext\_updater.py", line 335, in polling_action_cb
    updates = await self.bot.get_updates(
              ^^^^^^^^^^^^^^^^^^^^^^^^^^^
  File "C:\Users\LENOVO\Documents\CoinSeer\venv\Lib\site-packages\telegram\ext\_extbot.py", line 669, in get_updates
    updates = await super().get_updates(
              ^^^^^^^^^^^^^^^^^^^^^^^^^^
  File "C:\Users\LENOVO\Documents\CoinSeer\venv\Lib\site-packages\telegram\_bot.py", line 4601, in get_updates
    await self._post(
  File "C:\Users\LENOVO\Documents\CoinSeer\venv\Lib\site-packages\telegram\_bot.py", line 697, in _post
    return await self._do_post(
           ^^^^^^^^^^^^^^^^^^^^
  File "C:\Users\LENOVO\Documents\CoinSeer\venv\Lib\site-packages\telegram\ext\_extbot.py", line 369, in _do_post
    return await super()._do_post(
           ^^^^^^^^^^^^^^^^^^^^^^^
  File "C:\Users\LENOVO\Documents\CoinSeer\venv\Lib\site-packages\telegram\_bot.py", line 726, in _do_post
    result = await request.post(
             ^^^^^^^^^^^^^^^^^^^
  File "C:\Users\LENOVO\Documents\CoinSeer\venv\Lib\site-packages\telegram\request\_baserequest.py", line 197, in post
    result = await self._request_wrapper(
             ^^^^^^^^^^^^^^^^^^^^^^^^^^^^
  File "C:\Users\LENOVO\Documents\CoinSeer\venv\Lib\site-packages\telegram\request\_baserequest.py", line 304, in _request_wrapper
    code, payload = await self.do_request(
                    ^^^^^^^^^^^^^^^^^^^^^^
  File "C:\Users\LENOVO\Documents\CoinSeer\venv\Lib\site-packages\telegram\request\_httpxrequest.py", line 297, in do_request
    raise NetworkError(f"httpx.{err.__class__.__name__}: {err}") from err
telegram.error.NetworkError: httpx.ConnectError: [Errno 11001] getaddrinfo failed
2025-07-28 13:51:28,307 - apscheduler.executors.default - INFO - Running job "check_price_alerts (trigger: interval[0:01:00], next run at: 2025-07-28 12:52:28 UTC)" (scheduled at 2025-07-28 12:51:28.305486+00:00)
2025-07-28 13:51:28,315 - apscheduler.executors.default - INFO - Job "check_price_alerts (trigger: interval[0:01:00], next run at: 2025-07-28 12:52:28 UTC)" executed successfully
2025-07-28 13:51:45,346 - httpx - INFO - HTTP Request: POST https://api.telegram.org/bot7509807012:AAFn0026Mstf8DXx1HICJu36WhgkOWmIDP4/getUpdates "HTTP/1.1 200 OK"
2025-07-28 13:51:46,135 - apscheduler.executors.default - INFO - Running job "check_price_alerts (trigger: interval[0:01:00], next run at: 2025-07-28 12:52:46 UTC)" (scheduled at 2025-07-28 12:51:46.130707+00:00)
2025-07-28 13:51:46,137 - apscheduler.executors.default - INFO - Job "check_price_alerts (trigger: interval[0:01:00], next run at: 2025-07-28 12:52:46 UTC)" executed successfully
2025-07-28 13:51:50,659 - httpx - INFO - HTTP Request: POST https://api.telegram.org/bot7509807012:AAFn0026Mstf8DXx1HICJu36WhgkOWmIDP4/getUpdates "HTTP/1.1 409 Conflict"
2025-07-28 13:51:50,664 - telegram.ext.Application - ERROR - No error handlers are registered, logging exception.
Traceback (most recent call last):
  File "C:\Users\LENOVO\Documents\CoinSeer\venv\Lib\site-packages\telegram\ext\_utils\networkloop.py", line 115, in network_retry_loop
    if not await do_action():
           ^^^^^^^^^^^^^^^^^
  File "C:\Users\LENOVO\Documents\CoinSeer\venv\Lib\site-packages\telegram\ext\_utils\networkloop.py", line 108, in do_action
    return action_cb_task.result()
           ^^^^^^^^^^^^^^^^^^^^^^^
  File "C:\Users\LENOVO\Documents\CoinSeer\venv\Lib\site-packages\telegram\ext\_updater.py", line 335, in polling_action_cb
    updates = await self.bot.get_updates(
              ^^^^^^^^^^^^^^^^^^^^^^^^^^^
  File "C:\Users\LENOVO\Documents\CoinSeer\venv\Lib\site-packages\telegram\ext\_extbot.py", line 669, in get_updates
    updates = await super().get_updates(
              ^^^^^^^^^^^^^^^^^^^^^^^^^^
  File "C:\Users\LENOVO\Documents\CoinSeer\venv\Lib\site-packages\telegram\_bot.py", line 4601, in get_updates
    await self._post(
  File "C:\Users\LENOVO\Documents\CoinSeer\venv\Lib\site-packages\telegram\_bot.py", line 697, in _post
    return await self._do_post(
           ^^^^^^^^^^^^^^^^^^^^
  File "C:\Users\LENOVO\Documents\CoinSeer\venv\Lib\site-packages\telegram\ext\_extbot.py", line 369, in _do_post
    return await super()._do_post(
           ^^^^^^^^^^^^^^^^^^^^^^^
  File "C:\Users\LENOVO\Documents\CoinSeer\venv\Lib\site-packages\telegram\_bot.py", line 726, in _do_post
    result = await request.post(
             ^^^^^^^^^^^^^^^^^^^
  File "C:\Users\LENOVO\Documents\CoinSeer\venv\Lib\site-packages\telegram\request\_baserequest.py", line 197, in post
    result = await self._request_wrapper(
             ^^^^^^^^^^^^^^^^^^^^^^^^^^^^
  File "C:\Users\LENOVO\Documents\CoinSeer\venv\Lib\site-packages\telegram\request\_baserequest.py", line 355, in _request_wrapper
    raise Conflict(message)
telegram.error.Conflict: Conflict: terminated by other getUpdates request; make sure that only one bot instance is running
2025-07-28 13:51:54,837 - httpx - INFO - HTTP Request: POST https://api.telegram.org/bot7509807012:AAFn0026Mstf8DXx1HICJu36WhgkOWmIDP4/getUpdates "HTTP/1.1 409 Conflict"
2025-07-28 13:51:54,905 - telegram.ext.Application - ERROR - No error handlers are registered, logging exception.
Traceback (most recent call last):
  File "C:\Users\LENOVO\Documents\CoinSeer\venv\Lib\site-packages\telegram\ext\_utils\networkloop.py", line 115, in network_retry_loop
    if not await do_action():
           ^^^^^^^^^^^^^^^^^
  File "C:\Users\LENOVO\Documents\CoinSeer\venv\Lib\site-packages\telegram\ext\_utils\networkloop.py", line 108, in do_action
    return action_cb_task.result()
           ^^^^^^^^^^^^^^^^^^^^^^^
  File "C:\Users\LENOVO\Documents\CoinSeer\venv\Lib\site-packages\telegram\ext\_updater.py", line 335, in polling_action_cb
    updates = await self.bot.get_updates(
              ^^^^^^^^^^^^^^^^^^^^^^^^^^^
  File "C:\Users\LENOVO\Documents\CoinSeer\venv\Lib\site-packages\telegram\ext\_extbot.py", line 669, in get_updates
    updates = await super().get_updates(
              ^^^^^^^^^^^^^^^^^^^^^^^^^^
  File "C:\Users\LENOVO\Documents\CoinSeer\venv\Lib\site-packages\telegram\_bot.py", line 4601, in get_updates
    await self._post(
  File "C:\Users\LENOVO\Documents\CoinSeer\venv\Lib\site-packages\telegram\_bot.py", line 697, in _post
    return await self._do_post(
           ^^^^^^^^^^^^^^^^^^^^
  File "C:\Users\LENOVO\Documents\CoinSeer\venv\Lib\site-packages\telegram\ext\_extbot.py", line 369, in _do_post
    return await super()._do_post(
           ^^^^^^^^^^^^^^^^^^^^^^^
  File "C:\Users\LENOVO\Documents\CoinSeer\venv\Lib\site-packages\telegram\_bot.py", line 726, in _do_post
    result = await request.post(
             ^^^^^^^^^^^^^^^^^^^
  File "C:\Users\LENOVO\Documents\CoinSeer\venv\Lib\site-packages\telegram\request\_baserequest.py", line 197, in post
    result = await self._request_wrapper(
             ^^^^^^^^^^^^^^^^^^^^^^^^^^^^
  File "C:\Users\LENOVO\Documents\CoinSeer\venv\Lib\site-packages\telegram\request\_baserequest.py", line 355, in _request_wrapper
    raise Conflict(message)
telegram.error.Conflict: Conflict: terminated by other getUpdates request; make sure that only one bot instance is running
2025-07-28 13:52:01,830 - httpx - INFO - HTTP Request: POST https://api.telegram.org/bot7509807012:AAFn0026Mstf8DXx1HICJu36WhgkOWmIDP4/getUpdates "HTTP/1.1 200 OK"
